id,web_name,now_cost,total_points,form,minutes,expected_goals,expected_assists,expected_goal_involvements,ict_index,chance_of_playing_next_round,position,team_name,base_xP,AI_xP_gw1,AI_xP_gw2,AI_xP_gw3,AI_xP_gw4,AI_xP_gw5,AI_xP_gw6,AI_xP_gw7,AI_xP_gw8,AI_xP_gw9,AI_xP_gw10,AI_xP_gw11,AI_xP_gw12,AI_xP_gw13,AI_xP_gw14,AI_xP_gw15,AI_xP_gw16,AI_xP_gw17,AI_xP_gw18,AI_xP_gw19,AI_xP_gw20,AI_xP_gw21,AI_xP_gw22,AI_xP_gw23,AI_xP_gw24,AI_xP_gw25,AI_xP_gw26,AI_xP_gw27,AI_xP_gw28,AI_xP_gw29,AI_xP_gw30,AI_xP_gw31,AI_xP_gw32,AI_xP_gw33,AI_xP_gw34,AI_xP_gw35,AI_xP_gw36,AI_xP_gw37,AI_xP_gw38
1,Raya,6.1,30,6.0,450,0.0,0.01,0.01,10.6,100.0,GK,Arsenal,3.022380952380953,3.022380952380953,3.022380952380953,3.022380952380953,3.022380952380953,3.022380952380953,3.777976190476191,3.022380952380953,3.022380952380953,2.2667857142857146,3.777976190476191,3.022380952380953,2.2667857142857146,3.022380952380953,3.022380952380953,3.022380952380953,2.2667857142857146,3.022380952380953,3.022380952380953,3.777976190476191,3.022380952380953,3.777976190476191,3.777976190476191,2.2667857142857146,2.2667857142857146,3.777976190476191,3.777976190476191,2.2667857142857146,3.022380952380953,2.2667857142857146,3.777976190476191,3.777976190476191,3.022380952380953,3.022380952380953,3.022380952380953,3.022380952380953,3.022380952380953,3.022380952380953,3.777976190476191
2,Arrizabalaga,4.9,0,0.0,0,0.0,0.0,0.0,0.0,100.0,GK,Arsenal,0.0,0.0,0.0,0.0,0.0,0.0,0.0,0.0,0.0,0.0,0.0,0.0,0.0,0.0,0.0,0.0,0.0,0.0,0.0,0.0,0.0,0.0,0.0,0.0,0.0,0.0,0.0,0.0,0.0,0.0,0.0,0.0,0.0,0.0,0.0,0.0,0.0,0.0,0.0
3,Meslier,4.9,0,0.0,0,0.0,0.0,0.0,0.0,100.0,GK,Arsenal,0.0,0.0,0.0,0.0,0.0,0.0,0.0,0.0,0.0,0.0,0.0,0.0,0.0,0.0,0.0,0.0,0.0,0.0,0.0,0.0,0.0,0.0,0.0,0.0,0.0,0.0,0.0,0.0,0.0,0.0,0.0,0.0,0.0,0.0,0.0,0.0,0.0,0.0,0.0
4,Gabriel,8.0,25,5.0,450,0.51,0.2,0.71,20.0,100.0,DEF,Arsenal,3.737857142857143,3.737857142857143,3.737857142857143,3.737857142857143,3.737857142857143,3.737857142857143,4.672321428571429,3.737857142857143,3.737857142857143,2.8033928571428572,4.672321428571429,3.737857142857143,2.8033928571428572,3.737857142857143,3.737857142857143,3.737857142857143,2.8033928571428572,3.737857142857143,3.737857142857143,4.672321428571429,3.737857142857143,4.672321428571429,4.672321428571429,2.8033928571428572,2.8033928571428572,4.672321428571429,4.672321428571429,2.8033928571428572,3.737857142857143,2.8033928571428572,4.672321428571429,4.672321428571429,3.737857142857143,3.737857142857143,3.737857142857143,3.737857142857143,3.737857142857143,3.737857142857143,4.672321428571429
5,J.Timber,6.5,1,0.2,104,0.0,0.03,0.03,1.5,100.0,DEF,Arsenal,0.9955270623297108,0.9955270623297108,0.9955270623297108,0.9955270623297108,0.9955270623297108,0.9955270623297108,1.2444088279121384,0.9955270623297108,0.9955270623297108,0.7466452967472831,1.2444088279121384,0.9955270623297108,0.7466452967472831,0.9955270623297108,0.9955270623297108,0.9955270623297108,0.7466452967472831,0.9955270623297108,0.9955270623297108,1.2444088279121384,0.9955270623297108,1.2444088279121384,1.2444088279121384,0.7466452967472831,0.7466452967472831,1.2444088279121384,1.2444088279121384,0.7466452967472831,0.9955270623297108,0.7466452967472831,1.2444088279121384,1.2444088279121384,0.9955270623297108,0.9955270623297108,0.9955270623297108,0.9955270623297108,0.9955270623297108,0.9955270623297108,1.2444088279121384
6,Saliba,5.9,0,0.0,0,0.0,0.0,0.0,0.0,0.0,DEF,Arsenal,0.0,0.0,0.0,0.0,0.0,0.0,0.0,0.0,0.0,0.0,0.0,0.0,0.0,0.0,0.0,0.0,0.0,0.0,0.0,0.0,0.0,0.0,0.0,0.0,0.0,0.0,0.0,0.0,0.0,0.0,0.0,0.0,0.0,0.0,0.0,0.0,0.0,0.0,0.0
7,Lewis-Skelly,5.4,9,1.5,271,0.16,0.23,0.39,7.0,100.0,MID,Arsenal,2.2415560791098166,2.2415560791098166,2.2415560791098166,2.2415560791098166,2.2415560791098166,2.2415560791098166,2.8019450988872707,2.2415560791098166,2.2415560791098166,1.6811670593323624,2.8019450988872707,2.2415560791098166,1.6811670593323624,2.2415560791098166,2.2415560791098166,2.2415560791098166,1.6811670593323624,2.2415560791098166,2.2415560791098166,2.8019450988872707,2.2415560791098166,2.8019450988872707,2.8019450988872707,1.6811670593323624,1.6811670593323624,2.8019450988872707,2.8019450988872707,1.6811670593323624,2.2415560791098166,1.6811670593323624,2.8019450988872707,2.8019450988872707,2.2415560791098166,2.2415560791098166,2.2415560791098166,2.2415560791098166,2.2415560791098166,2.2415560791098166,2.8019450988872707
8,Calafiori,5.8,29,5.0,416,0.67,0.62,1.29,19.1,100.0,DEF,Arsenal,3.183525427877848,3.183525427877848,3.183525427877848,3.183525427877848,3.183525427877848,3.183525427877848,3.9794067848473103,3.183525427877848,3.183525427877848,2.387644070908386,3.9794067848473103,3.183525427877848,2.387644070908386,3.183525427877848,3.183525427877848,3.183525427877848,2.387644070908386,3.183525427877848,3.183525427877848,3.9794067848473103,3.183525427877848,3.9794067848473103,3.9794067848473103,2.387644070908386,2.387644070908386,3.9794067848473103,3.9794067848473103,2.387644070908386,3.183525427877848,2.387644070908386,3.9794067848473103,3.9794067848473103,3.183525427877848,3.183525427877848,3.183525427877848,3.183525427877848,3.183525427877848,3.183525427877848,3.9794067848473103
9,Hincapie,5.2,2,0.2,32,0.0,0.0,0.0,1.0,100.0,DEF,Arsenal,0.26443742633231665,0.26443742633231665,0.26443742633231665,0.26443742633231665,0.26443742633231665,0.26443742633231665,0.3305467829153958,0.26443742633231665,0.26443742633231665,0.1983280697492375,0.3305467829153958,0.26443742633231665,0.1983280697492375,0.26443742633231665,0.26443742633231665,0.26443742633231665,0.1983280697492375,0.26443742633231665,0.26443742633231665,0.3305467829153958,0.26443742633231665,0.3305467829153958,0.3305467829153958,0.1983280697492375,0.1983280697492375,0.3305467829153958,0.3305467829153958,0.1983280697492375,0.26443742633231665,0.1983280697492375,0.3305467829153958,0.3305467829153958,0.26443742633231665,0.26443742633231665,0.26443742633231665,0.26443742633231665,0.26443742633231665,0.26443742633231665,0.3305467829153958
10,White,5.5,21,2.5,315,0.18,0.29,0.47,15.2,75.0,DEF,Arsenal,1.9672474747474746,1.9672474747474746,1.9672474747474746,1.9672474747474746,1.9672474747474746,1.9672474747474746,2.459059343434343,1.9672474747474746,1.9672474747474746,1.475435606060606,2.459059343434343,1.9672474747474746,1.475435606060606,1.9672474747474746,1.9672474747474746,1.9672474747474746,1.475435606060606,1.9672474747474746,1.9672474747474746,2.459059343434343,1.9672474747474746,2.459059343434343,2.459059343434343,1.475435606060606,1.475435606060606,2.459059343434343,2.459059343434343,1.475435606060606,1.9672474747474746,1.475435606060606,2.459059343434343,2.459059343434343,1.9672474747474746,1.9672474747474746,1.9672474747474746,1.9672474747474746,1.9672474747474746,1.9672474747474746,2.459059343434343
11,Mosquera,5.3,12,1.5,168,0.0,0.01,0.01,2.7,100.0,DEF,Arsenal,1.3737556502647554,1.3737556502647554,1.3737556502647554,1.3737556502647554,1.3737556502647554,1.3737556502647554,1.7171945628309442,1.3737556502647554,1.3737556502647554,1.0303167376985667,1.7171945628309442,1.3737556502647554,1.0303167376985667,1.3737556502647554,1.3737556502647554,1.3737556502647554,1.0303167376985667,1.3737556502647554,1.3737556502647554,1.7171945628309442,1.3737556502647554,1.7171945628309442,1.7171945628309442,1.0303167376985667,1.0303167376985667,1.7171945628309442,1.7171945628309442,1.0303167376985667,1.3737556502647554,1.0303167376985667,1.7171945628309442,1.7171945628309442,1.3737556502647554,1.3737556502647554,1.3737556502647554,1.3737556502647554,1.3737556502647554,1.3737556502647554,1.7171945628309442
12,Saka,9.5,32,5.8,416,3.22,0.98,4.2,52.1,100.0,MID,Arsenal,5.223238255033556,5.223238255033556,5.223238255033556,5.223238255033556,5.223238255033556,5.223238255033556,6.529047818791946,5.223238255033556,5.223238255033556,3.917428691275167,6.529047818791946,5.223238255033556,3.917428691275167,5.223238255033556,5.223238255033556,5.223238255033556,3.917428691275167,5.223238255033556,5.223238255033556,6.529047818791946,5.223238255033556,6.529047818791946,6.529047818791946,3.917428691275167,3.917428691275167,6.529047818791946,6.529047818791946,3.917428691275167,5.223238255033556,3.917428691275167,6.529047818791946,6.529047818791946,5.223238255033556,5.223238255033556,5.223238255033556,5.223238255033556,5.223238255033556,5.223238255033556,6.529047818791946
13,Rice,7.4,20,4.2,411,0.12,0.69,0.81,23.4,75.0,MID,Arsenal,2.6843176828630835,2.6843176828630835,2.6843176828630835,2.6843176828630835,2.6843176828630835,2.6843176828630835,3.3553971035788543,2.6843176828630835,2.6843176828630835,2.0132382621473126,3.3553971035788543,2.6843176828630835,2.0132382621473126,2.6843176828630835,2.6843176828630835,2.6843176828630835,2.0132382621473126,2.6843176828630835,2.6843176828630835,3.3553971035788543,2.6843176828630835,3.3553971035788543,3.3553971035788543,2.0132382621473126,2.0132382621473126,3.3553971035788543,3.3553971035788543,2.0132382621473126,2.6843176828630835,2.0132382621473126,3.3553971035788543,3.3553971035788543,2.6843176828630835,2.6843176828630835,2.6843176828630835,2.6843176828630835,2.6843176828630835,2.6843176828630835,3.3553971035788543
14,Eze,6.3,4,0.8,85,0.04,0.09,0.13,1.6,100.0,MID,Arsenal,0.8011606620268386,0.8011606620268386,0.8011606620268386,0.8011606620268386,0.8011606620268386,0.8011606620268386,1.001450827533548,0.8011606620268386,0.8011606620268386,0.6008704965201289,1.001450827533548,0.8011606620268386,0.6008704965201289,0.8011606620268386,0.8011606620268386,0.8011606620268386,0.6008704965201289,0.8011606620268386,0.8011606620268386,1.001450827533548,0.8011606620268386,1.001450827533548,1.001450827533548,0.6008704965201289,0.6008704965201289,1.001450827533548,1.001450827533548,0.6008704965201289,0.8011606620268386,0.6008704965201289,1.001450827533548,1.001450827533548,0.8011606620268386,0.8011606620268386,0.8011606620268386,0.8011606620268386,0.8011606620268386,0.8011606620268386,1.001450827533548
15,Ødegaard,6.8,29,4.5,377,1.08,1.32,2.4,36.2,100.0,MID,Arsenal,3.8500574506283662,3.8500574506283662,3.8500574506283662,3.8500574506283662,3.8500574506283662,3.8500574506283662,4.812571813285458,3.8500574506283662,3.8500574506283662,2.8875430879712747,4.812571813285458,3.8500574506283662,2.8875430879712747,3.8500574506283662,3.8500574506283662,3.8500574506283662,2.8875430879712747,3.8500574506283662,3.8500574506283662,4.812571813285458,3.8500574506283662,4.812571813285458,4.812571813285458,2.8875430879712747,2.8875430879712747,4.812571813285458,4.812571813285458,2.8875430879712747,3.8500574506283662,2.8875430879712747,4.812571813285458,4.812571813285458,3.8500574506283662,3.8500574506283662,3.8500574506283662,3.8500574506283662,3.8500574506283662,3.8500574506283662,4.812571813285458
16,Madueke,6.2,2,0.2,23,0.0,0.05,0.05,5.6,100.0,MID,Arsenal,0.21572257965713523,0.21572257965713523,0.21572257965713523,0.21572257965713523,0.21572257965713523,0.21572257965713523,0.26965322457141905,0.21572257965713523,0.21572257965713523,0.16179193474285142,0.26965322457141905,0.21572257965713523,0.16179193474285142,0.21572257965713523,0.21572257965713523,0.21572257965713523,0.16179193474285142,0.21572257965713523,0.21572257965713523,0.26965322457141905,0.21572257965713523,0.26965322457141905,0.26965322457141905,0.16179193474285142,0.16179193474285142,0.26965322457141905,0.26965322457141905,0.16179193474285142,0.21572257965713523,0.16179193474285142,0.26965322457141905,0.26965322457141905,0.21572257965713523,0.21572257965713523,0.21572257965713523,0.21572257965713523,0.21572257965713523,0.21572257965713523,0.26965322457141905
17,Merino,5.8,4,0.8,81,0.14,0.15,0.29,3.0,100.0,MID,Arsenal,0.7236928187282505,0.7236928187282505,0.7236928187282505,0.7236928187282505,0.7236928187282505,0.7236928187282505,0.9046160234103131,0.7236928187282505,0.7236928187282505,0.542769614046188,0.9046160234103131,0.7236928187282505,0.542769614046188,0.7236928187282505,0.7236928187282505,0.7236928187282505,0.542769614046188,0.7236928187282505,0.7236928187282505,0.9046160234103131,0.7236928187282505,0.9046160234103131,0.9046160234103131,0.542769614046188,0.542769614046188,0.9046160234103131,0.9046160234103131,0.542769614046188,0.7236928187282505,0.542769614046188,0.9046160234103131,0.9046160234103131,0.7236928187282505,0.7236928187282505,0.7236928187282505,0.7236928187282505,0.7236928187282505,0.7236928187282505,0.9046160234103131
19,Zubimendi,5.3,5,1.0,89,0.21,0.04,0.25,4.8,100.0,MID,Arsenal,0.7491876445683602,0.7491876445683602,0.7491876445683602,0.7491876445683602,0.7491876445683602,0.7491876445683602,0.9364845557104502,0.7491876445683602,0.7491876445683602,0.5618907334262702,0.9364845557104502,0.7491876445683602,0.5618907334262702,0.7491876445683602,0.7491876445683602,0.7491876445683602,0.5618907334262702,0.7491876445683602,0.7491876445683602,0.9364845557104502,0.7491876445683602,0.9364845557104502,0.9364845557104502,0.5618907334262702,0.5618907334262702,0.9364845557104502,0.9364845557104502,0.5618907334262702,0.7491876445683602,0.5618907334262702,0.9364845557104502,0.9364845557104502,0.7491876445683602,0.7491876445683602,0.7491876445683602,0.7491876445683602,0.7491876445683602,0.7491876445683602,0.9364845557104502
20,Dowman,5.3,1,0.2,9,0.0,0.08,0.08,1.7,100.0,MID,Arsenal,0.07549080622347949,0.07549080622347949,0.07549080622347949,0.07549080622347949,0.07549080622347949,0.07549080622347949,0.09436350777934936,0.07549080622347949,0.07549080622347949,0.05661810466760962,0.09436350777934936,0.07549080622347949,0.05661810466760962,0.07549080622347949,0.07549080622347949,0.07549080622347949,0.05661810466760962,0.07549080622347949,0.07549080622347949,0.09436350777934936,0.07549080622347949,0.09436350777934936,0.09436350777934936,0.05661810466760962,0.05661810466760962,0.09436350777934936,0.09436350777934936,0.05661810466760962,0.07549080622347949,0.05661810466760962,0.09436350777934936,0.09436350777934936,0.07549080622347949,0.07549080622347949,0.07549080622347949,0.07549080622347949,0.07549080622347949,0.07549080622347949,0.09436350777934936
25,Gyökeres,7.1,2,0.5,29,0.0,0.23,0.23,1.4,100.0,FWD,Arsenal,0.3009114087163632,0.3009114087163632,0.3009114087163632,0.3009114087163632,0.3009114087163632,0.3009114087163632,0.37613926089545396,0.3009114087163632,0.3009114087163632,0.2256835565372724,0.37613926089545396,0.3009114087163632,0.2256835565372724,0.3009114087163632,0.3009114087163632,0.3009114087163632,0.2256835565372724,0.3009114087163632,0.3009114087163632,0.37613926089545396,0.3009114087163632,0.37613926089545396,0.37613926089545396,0.2256835565372724,0.2256835565372724,0.37613926089545396,0.37613926089545396,0.2256835565372724,0.3009114087163632,0.2256835565372724,0.37613926089545396,0.37613926089545396,0.3009114087163632,0.3009114087163632,0.3009114087163632,0.3009114087163632,0.3009114087163632,0.3009114087163632,0.37613926089545396
26,Havertz,7.6,19,3.2,437,1.67,0.37,2.04,32.6,100.0,FWD,Arsenal,3.9021075147073265,3.9021075147073265,3.9021075147073265,3.9021075147073265,3.9021075147073265,3.9021075147073265,4.877634393384158,3.9021075147073265,3.9021075147073265,2.926580636030495,4.877634393384158,3.9021075147073265,2.926580636030495,3.9021075147073265,3.9021075147073265,3.9021075147073265,2.926580636030495,3.9021075147073265,3.9021075147073265,4.877634393384158,3.9021075147073265,4.877634393384158,4.877634393384158,2.926580636030495,2.926580636030495,4.877634393384158,4.877634393384158,2.926580636030495,3.9021075147073265,2.926580636030495,4.877634393384158,4.877634393384158,3.9021075147073265,3.9021075147073265,3.9021075147073265,3.9021075147073265,3.9021075147073265,3.9021075147073265,4.877634393384158
31,Konsa,4.6,12,3.0,281,0.23,0.02,0.25,7.3,100.0,DEF,Arsenal,2.0946528424465543,2.0946528424465543,2.0946528424465543,2.0946528424465543,2.0946528424465543,2.0946528424465543,2.6183160530581926,2.0946528424465543,2.0946528424465543,1.5709896318349157,2.6183160530581926,2.0946528424465543,1.5709896318349157,2.0946528424465543,2.0946528424465543,2.0946528424465543,1.5709896318349157,2.0946528424465543,2.0946528424465543,2.6183160530581926,2.0946528424465543,2.6183160530581926,2.6183160530581926,1.5709896318349157,1.5709896318349157,2.6183160530581926,2.6183160530581926,1.5709896318349157,2.0946528424465543,1.5709896318349157,2.6183160530581926,2.6183160530581926,2.0946528424465543,2.0946528424465543,2.0946528424465543,2.0946528424465543,2.0946528424465543,2.0946528424465543,2.6183160530581926
452,Bruno G.,6.7,9,2.2,123,0.09,0.16,0.25,6.6,100.0,MID,Arsenal,1.207617217366898,1.207617217366898,1.207617217366898,1.207617217366898,1.207617217366898,1.207617217366898,1.5095215217086224,1.207617217366898,1.207617217366898,0.9057129130251735,1.5095215217086224,1.207617217366898,0.9057129130251735,1.207617217366898,1.207617217366898,1.207617217366898,0.9057129130251735,1.207617217366898,1.207617217366898,1.5095215217086224,1.207617217366898,1.5095215217086224,1.5095215217086224,0.9057129130251735,0.9057129130251735,1.5095215217086224,1.5095215217086224,0.9057129130251735,1.207617217366898,0.9057129130251735,1.5095215217086224,1.5095215217086224,1.207617217366898,1.207617217366898,1.207617217366898,1.207617217366898,1.207617217366898,1.207617217366898,1.5095215217086224
557,Tzolis,6.3,16,2.5,362,0.19,0.55,0.74,21.8,100.0,MID,Arsenal,3.267267589078426,3.267267589078426,3.267267589078426,3.267267589078426,3.267267589078426,3.267267589078426,4.084084486348033,3.267267589078426,3.267267589078426,2.4504506918088196,4.084084486348033,3.267267589078426,2.4504506918088196,3.267267589078426,3.267267589078426,3.267267589078426,2.4504506918088196,3.267267589078426,3.267267589078426,4.084084486348033,3.267267589078426,4.084084486348033,4.084084486348033,2.4504506918088196,2.4504506918088196,4.084084486348033,4.084084486348033,2.4504506918088196,3.267267589078426,2.4504506918088196,4.084084486348033,4.084084486348033,3.267267589078426,3.267267589078426,3.267267589078426,3.267267589078426,3.267267589078426,3.267267589078426,4.084084486348033
29,M.Bizot,4.5,1,0.0,90,0.0,0.0,0.0,2.8,0.0,GK,Aston Villa,0.0,0.0,0.0,0.0,0.0,0.0,0.0,0.0,0.0,0.0,0.0,0.0,0.0,0.0,0.0,0.0,0.0,0.0,0.0,0.0,0.0,0.0,0.0,0.0,0.0,0.0,0.0,0.0,0.0,0.0,0.0,0.0,0.0,0.0,0.0,0.0,0.0,0.0,0.0
32,Cash,4.4,6,1.8,296,0.15,0.04,0.19,7.2,100.0,DEF,Aston Villa,2.134181523222444,2.134181523222444,2.134181523222444,2.134181523222444,2.134181523222444,2.134181523222444,2.134181523222444,2.134181523222444,1.600636142416833,2.667726904028055,1.600636142416833,2.667726904028055,2.667726904028055,2.134181523222444,2.134181523222444,2.667726904028055,1.600636142416833,2.667726904028055,1.600636142416833,2.134181523222444,2.134181523222444,1.600636142416833,2.134181523222444,2.667726904028055,2.134181523222444,2.134181523222444,2.134181523222444,1.600636142416833,1.600636142416833,2.667726904028055,2.134181523222444,2.667726904028055,1.600636142416833,2.667726904028055,2.134181523222444,2.134181523222444,2.667726904028055,1.600636142416833,2.134181523222444
33,Mings,4.5,10,2.2,261,0.2,0.02,0.22,8.2,100.0,DEF,Aston Villa,1.9219095079892423,1.9219095079892423,1.9219095079892423,1.9219095079892423,1.9219095079892423,1.9219095079892423,1.9219095079892423,1.9219095079892423,1.4414321309919318,2.402386884986553,1.4414321309919318,2.402386884986553,2.402386884986553,1.9219095079892423,1.9219095079892423,2.402386884986553,1.4414321309919318,2.402386884986553,1.4414321309919318,1.9219095079892423,1.9219095079892423,1.4414321309919318,1.9219095079892423,2.402386884986553,1.9219095079892423,1.9219095079892423,1.9219095079892423,1.4414321309919318,1.4414321309919318,2.402386884986553,1.9219095079892423,2.402386884986553,1.4414321309919318,2.402386884986553,1.9219095079892423,1.9219095079892423,2.402386884986553,1.4414321309919318,1.9219095079892423
34,Pau,4.5,3,0.8,187,0.0,0.01,0.01,1.5,0.0,DEF,Aston Villa,0.0,0.0,0.0,0.0,0.0,0.0,0.0,0.0,0.0,0.0,0.0,0.0,0.0,0.0,0.0,0.0,0.0,0.0,0.0,0.0,0.0,0.0,0.0,0.0,0.0,0.0,0.0,0.0,0.0,0.0,0.0,0.0,0.0,0.0,0.0,0.0,0.0,0.0,0.0
35,Bogarde,4.9,1,0.0,16,0.0,0.0,0.0,0.3,100.0,MID,Aston Villa,0.1270566101258553,0.1270566101258553,0.1270566101258553,0.1270566101258553,0.1270566101258553,0.1270566101258553,0.1270566101258553,0.1270566101258553,0.09529245759439148,0.15882076265731915,0.09529245759439148,0.15882076265731915,0.15882076265731915,0.1270566101258553,0.1270566101258553,0.15882076265731915,0.09529245759439148,0.15882076265731915,0.09529245759439148,0.1270566101258553,0.1270566101258553,0.09529245759439148,0.1270566101258553,0.15882076265731915,0.1270566101258553,0.1270566101258553,0.1270566101258553,0.09529245759439148,0.09529245759439148,0.15882076265731915,0.1270566101258553,0.15882076265731915,0.09529245759439148,0.15882076265731915,0.1270566101258553,0.1270566101258553,0.15882076265731915,0.09529245759439148,0.1270566101258553
36,Maatsen,4.5,9,2.2,335,0.28,0.45,0.73,10.2,0.0,DEF,Aston Villa,0.0,0.0,0.0,0.0,0.0,0.0,0.0,0.0,0.0,0.0,0.0,0.0,0.0,0.0,0.0,0.0,0.0,0.0,0.0,0.0,0.0,0.0,0.0,0.0,0.0,0.0,0.0,0.0,0.0,0.0,0.0,0.0,0.0,0.0,0.0,0.0,0.0,0.0,0.0
37,Lindelöf,4.5,8,2.5,450,0.44,0.17,0.61,14.9,100.0,DEF,Aston Villa,2.651904761904762,2.651904761904762,2.651904761904762,2.651904761904762,2.651904761904762,2.651904761904762,2.651904761904762,2.651904761904762,1.9889285714285716,3.3148809523809524,1.9889285714285716,3.3148809523809524,3.3148809523809524,2.651904761904762,2.651904761904762,3.3148809523809524,1.9889285714285716,3.3148809523809524,1.9889285714285716,2.651904761904762,2.651904761904762,1.9889285714285716,2.651904761904762,3.3148809523809524,2.651904761904762,2.651904761904762,2.651904761904762,1.9889285714285716,1.9889285714285716,3.3148809523809524,2.651904761904762,3.3148809523809524,1.9889285714285716,3.3148809523809524,2.651904761904762,2.651904761904762,3.3148809523809524,1.9889285714285716,2.651904761904762
38,A.García,4.0,0,0.0,0,0.0,0.0,0.0,0.0,100.0,DEF,Aston Villa,0.0,0.0,0.0,0.0,0.0,0.0,0.0,0.0,0.0,0.0,0.0,0.0,0.0,0.0,0.0,0.0,0.0,0.0,0.0,0.0,0.0,0.0,0.0,0.0,0.0,0.0,0.0,0.0,0.0,0.0,0.0,0.0,0.0,0.0,0.0,0.0,0.0,0.0,0.0
41,Buendía,5.9,21,4.8,401,0.92,0.24,1.16,19.6,100.0,MID,Aston Villa,3.2239998094938227,3.2239998094938227,3.2239998094938227,3.2239998094938227,3.2239998094938227,3.2239998094938227,3.2239998094938227,3.2239998094938227,2.417999857120367,4.029999761867279,2.417999857120367,4.029999761867279,4.029999761867279,3.2239998094938227,3.2239998094938227,4.029999761867279,2.417999857120367,4.029999761867279,2.417999857120367,3.2239998094938227,3.2239998094938227,2.417999857120367,3.2239998094938227,4.029999761867279,3.2239998094938227,3.2239998094938227,3.2239998094938227,2.417999857120367,2.417999857120367,4.029999761867279,3.2239998094938227,4.029999761867279,2.417999857120367,4.029999761867279,3.2239998094938227,3.2239998094938227,4.029999761867279,2.417999857120367,3.2239998094938227
45,McGinn,5.4,17,4.0,434,0.77,0.24,1.01,14.8,100.0,MID,Aston Villa,3.0158145275896255,3.0158145275896255,3.0158145275896255,3.0158145275896255,3.0158145275896255,3.0158145275896255,3.0158145275896255,3.0158145275896255,2.261860895692219,3.769768159487032,2.261860895692219,3.769768159487032,3.769768159487032,3.0158145275896255,3.0158145275896255,3.769768159487032,2.261860895692219,3.769768159487032,2.261860895692219,3.0158145275896255,3.0158145275896255,2.261860895692219,3.0158145275896255,3.769768159487032,3.0158145275896255,3.0158145275896255,3.0158145275896255,2.261860895692219,2.261860895692219,3.769768159487032,3.0158145275896255,3.769768159487032,2.261860895692219,3.769768159487032,3.0158145275896255,3.0158145275896255,3.769768159487032,2.261860895692219,3.0158145275896255
46,Barkley,5.0,10,2.0,308,0.38,0.14,0.52,15.6,100.0,MID,Aston Villa,2.4428922016550256,2.4428922016550256,2.4428922016550256,2.4428922016550256,2.4428922016550256,2.4428922016550256,2.4428922016550256,2.4428922016550256,1.8321691512412692,3.053615252068782,1.8321691512412692,3.053615252068782,3.053615252068782,2.4428922016550256,2.4428922016550256,3.053615252068782,1.8321691512412692,3.053615252068782,1.8321691512412692,2.4428922016550256,2.4428922016550256,1.8321691512412692,2.4428922016550256,3.053615252068782,2.4428922016550256,2.4428922016550256,2.4428922016550256,1.8321691512412692,1.8321691512412692,3.053615252068782,2.4428922016550256,3.053615252068782,1.8321691512412692,3.053615252068782,2.4428922016550256,2.4428922016550256,3.053615252068782,1.8321691512412692,2.4428922016550256
47,Kamara,5.0,15,3.2,443,0.12,0.16,0.28,14.3,100.0,MID,Aston Villa,2.737506289672746,2.737506289672746,2.737506289672746,2.737506289672746,2.737506289672746,2.737506289672746,2.737506289672746,2.737506289672746,2.0531297172545595,3.4218828620909325,2.0531297172545595,3.4218828620909325,3.4218828620909325,2.737506289672746,2.737506289672746,3.4218828620909325,2.0531297172545595,3.4218828620909325,2.0531297172545595,2.737506289672746,2.737506289672746,2.0531297172545595,2.737506289672746,3.4218828620909325,2.737506289672746,2.737506289672746,2.737506289672746,2.0531297172545595,2.0531297172545595,3.4218828620909325,2.737506289672746,3.4218828620909325,2.0531297172545595,3.4218828620909325,2.737506289672746,2.737506289672746,3.4218828620909325,2.0531297172545595,2.737506289672746
48,Onana,4.9,0,0.0,0,0.0,0.0,0.0,0.0,0.0,MID,Aston Villa,0.0,0.0,0.0,0.0,0.0,0.0,0.0,0.0,0.0,0.0,0.0,0.0,0.0,0.0,0.0,0.0,0.0,0.0,0.0,0.0,0.0,0.0,0.0,0.0,0.0,0.0,0.0,0.0,0.0,0.0,0.0,0.0,0.0,0.0,0.0,0.0,0.0,0.0,0.0
50,Burrowes,4.5,0,0.0,0,0.0,0.0,0.0,0.0,100.0,MID,Aston Villa,0.0,0.0,0.0,0.0,0.0,0.0,0.0,0.0,0.0,0.0,0.0,0.0,0.0,0.0,0.0,0.0,0.0,0.0,0.0,0.0,0.0,0.0,0.0,0.0,0.0,0.0,0.0,0.0,0.0,0.0,0.0,0.0,0.0,0.0,0.0,0.0,0.0,0.0,0.0
51,George Hemmings,4.5,9,1.8,297,0.07,0.16,0.23,9.1,100.0,MID,Aston Villa,2.1689869130373105,2.1689869130373105,2.1689869130373105,2.1689869130373105,2.1689869130373105,2.1689869130373105,2.1689869130373105,2.1689869130373105,1.626740184777983,2.711233641296638,1.626740184777983,2.711233641296638,2.711233641296638,2.1689869130373105,2.1689869130373105,2.711233641296638,1.626740184777983,2.711233641296638,1.626740184777983,2.1689869130373105,2.1689869130373105,1.626740184777983,2.1689869130373105,2.711233641296638,2.1689869130373105,2.1689869130373105,2.1689869130373105,1.626740184777983,1.626740184777983,2.711233641296638,2.1689869130373105,2.711233641296638,1.626740184777983,2.711233641296638,2.1689869130373105,2.1689869130373105,2.711233641296638,1.626740184777983,2.1689869130373105
52,Alysson,5.0,8,1.8,87,0.06,0.0,0.06,7.0,75.0,MID,Aston Villa,0.522345341262252,0.522345341262252,0.522345341262252,0.522345341262252,0.522345341262252,0.522345341262252,0.522345341262252,0.522345341262252,0.391759005946689,0.6529316765778149,0.391759005946689,0.6529316765778149,0.6529316765778149,0.522345341262252,0.522345341262252,0.6529316765778149,0.391759005946689,0.6529316765778149,0.391759005946689,0.522345341262252,0.522345341262252,0.391759005946689,0.522345341262252,0.6529316765778149,0.522345341262252,0.522345341262252,0.522345341262252,0.391759005946689,0.391759005946689,0.6529316765778149,0.522345341262252,0.6529316765778149,0.391759005946689,0.6529316765778149,0.522345341262252,0.522345341262252,0.6529316765778149,0.391759005946689,0.522345341262252
53,Manzambi,5.9,14,3.5,98,0.44,0.24,0.68,15.6,100.0,MID,Aston Villa,0.9693696243005596,0.9693696243005596,0.9693696243005596,0.9693696243005596,0.9693696243005596,0.9693696243005596,0.9693696243005596,0.9693696243005596,0.7270272182254197,1.2117120303756996,0.7270272182254197,1.2117120303756996,1.2117120303756996,0.9693696243005596,0.9693696243005596,1.2117120303756996,0.7270272182254197,1.2117120303756996,0.7270272182254197,0.9693696243005596,0.9693696243005596,0.7270272182254197,0.9693696243005596,1.2117120303756996,0.9693696243005596,0.9693696243005596,0.9693696243005596,0.7270272182254197,0.7270272182254197,1.2117120303756996,0.9693696243005596,1.2117120303756996,0.7270272182254197,1.2117120303756996,0.9693696243005596,0.9693696243005596,1.2117120303756996,0.7270272182254197,0.9693696243005596
54,Gomes,5.5,2,1.0,129,0.0,0.03,0.03,4.8,100.0,MID,Aston Villa,1.091381560946154,1.091381560946154,1.091381560946154,1.091381560946154,1.091381560946154,1.091381560946154,1.091381560946154,1.091381560946154,0.8185361707096155,1.3642269511826923,0.8185361707096155,1.3642269511826923,1.3642269511826923,1.091381560946154,1.091381560946154,1.3642269511826923,0.8185361707096155,1.3642269511826923,0.8185361707096155,1.091381560946154,1.091381560946154,0.8185361707096155,1.091381560946154,1.3642269511826923,1.091381560946154,1.091381560946154,1.091381560946154,0.8185361707096155,0.8185361707096155,1.3642269511826923,1.091381560946154,1.3642269511826923,0.8185361707096155,1.3642269511826923,1.091381560946154,1.091381560946154,1.3642269511826923,0.8185361707096155,1.091381560946154
56,Abraham,5.5,4,1.0,71,0.0,0.0,0.0,1.1,100.0,FWD,Aston Villa,0.6069017214127812,0.6069017214127812,0.6069017214127812,0.6069017214127812,0.6069017214127812,0.6069017214127812,0.6069017214127812,0.6069017214127812,0.4551762910595859,0.7586271517659765,0.4551762910595859,0.7586271517659765,0.7586271517659765,0.6069017214127812,0.6069017214127812,0.7586271517659765,0.4551762910595859,0.7586271517659765,0.4551762910595859,0.6069017214127812,0.6069017214127812,0.4551762910595859,0.6069017214127812,0.7586271517659765,0.6069017214127812,0.6069017214127812,0.6069017214127812,0.4551762910595859,0.4551762910595859,0.7586271517659765,0.6069017214127812,0.7586271517659765,0.4551762910595859,0.7586271517659765,0.6069017214127812,0.6069017214127812,0.7586271517659765,0.4551762910595859,0.6069017214127812
160,Garnacho,5.8,3,0.5,31,0.0,0.0,0.0,0.5,100.0,MID,Aston Villa,0.2767638403162046,0.2767638403162046,0.2767638403162046,0.2767638403162046,0.2767638403162046,0.2767638403162046,0.2767638403162046,0.2767638403162046,0.20757288023715345,0.3459548003952557,0.20757288023715345,0.3459548003952557,0.3459548003952557,0.2767638403162046,0.2767638403162046,0.3459548003952557,0.20757288023715345,0.3459548003952557,0.20757288023715345,0.2767638403162046,0.2767638403162046,0.20757288023715345,0.2767638403162046,0.3459548003952557,0.2767638403162046,0.2767638403162046,0.2767638403162046,0.20757288023715345,0.20757288023715345,0.3459548003952557,0.2767638403162046,0.3459548003952557,0.20757288023715345,0.3459548003952557,0.2767638403162046,0.2767638403162046,0.3459548003952557,0.20757288023715345,0.2767638403162046
166,N.Jackson,6.5,10,2.0,286,0.68,0.6,1.28,15.4,100.0,FWD,Aston Villa,2.7905798760133522,2.7905798760133522,2.7905798760133522,2.7905798760133522,2.7905798760133522,2.7905798760133522,2.7905798760133522,2.7905798760133522,2.0929349070100143,3.48822484501669,2.0929349070100143,3.48822484501669,3.48822484501669,2.7905798760133522,2.7905798760133522,3.48822484501669,2.0929349070100143,3.48822484501669,2.0929349070100143,2.7905798760133522,2.7905798760133522,2.0929349070100143,2.7905798760133522,3.48822484501669,2.7905798760133522,2.7905798760133522,2.7905798760133522,2.0929349070100143,2.0929349070100143,3.48822484501669,2.7905798760133522,3.48822484501669,2.0929349070100143,3.48822484501669,2.7905798760133522,2.7905798760133522,3.48822484501669,2.0929349070100143,2.7905798760133522
582,Madjo,5.4,0,0.0,0,0.0,0.0,0.0,0.0,0.0,FWD,Aston Villa,0.0,0.0,0.0,0.0,0.0,0.0,0.0,0.0,0.0,0.0,0.0,0.0,0.0,0.0,0.0,0.0,0.0,0.0,0.0,0.0,0.0,0.0,0.0,0.0,0.0,0.0,0.0,0.0,0.0,0.0,0.0,0.0,0.0,0.0,0.0,0.0,0.0,0.0,0.0
596,Ruggeri,4.5,5,1.0,113,0.03,0.02,0.05,4.1,100.0,DEF,Aston Villa,0.8401446155421312,0.8401446155421312,0.8401446155421312,0.8401446155421312,0.8401446155421312,0.8401446155421312,0.8401446155421312,0.8401446155421312,0.6301084616565984,1.050180769427664,0.6301084616565984,1.050180769427664,1.050180769427664,0.8401446155421312,0.8401446155421312,1.050180769427664,0.6301084616565984,1.050180769427664,0.6301084616565984,0.8401446155421312,0.8401446155421312,0.6301084616565984,0.8401446155421312,1.050180769427664,0.8401446155421312,0.8401446155421312,0.8401446155421312,0.6301084616565984,0.6301084616565984,1.050180769427664,0.8401446155421312,1.050180769427664,0.6301084616565984,1.050180769427664,0.8401446155421312,0.8401446155421312,1.050180769427664,0.6301084616565984,0.8401446155421312
597,Suzuki,5.0,16,4.0,360,0.0,0.01,0.01,11.6,100.0,GK,Aston Villa,2.73,2.73,2.73,2.73,2.73,2.73,2.73,2.73,2.0475,3.4125,2.0475,3.4125,3.4125,2.73,2.73,3.4125,2.0475,3.4125,2.0475,2.73,2.73,2.0475,2.73,3.4125,2.73,2.73,2.73,2.0475,2.0475,3.4125,2.73,3.4125,2.0475,3.4125,2.73,2.73,3.4125,2.0475,2.73
606,Rowe,4.0,0,0.0,0,0.0,0.0,0.0,0.0,100.0,DEF,Aston Villa,0.0,0.0,0.0,0.0,0.0,0.0,0.0,0.0,0.0,0.0,0.0,0.0,0.0,0.0,0.0,0.0,0.0,0.0,0.0,0.0,0.0,0.0,0.0,0.0,0.0,0.0,0.0,0.0,0.0,0.0,0.0,0.0,0.0,0.0,0.0,0.0,0.0,0.0,0.0
611,Wan-Bissaka,4.5,6,1.5,152,0.0,0.07,0.07,5.9,100.0,DEF,Aston Villa,1.1239217452827788,1.1239217452827788,1.1239217452827788,1.1239217452827788,1.1239217452827788,1.1239217452827788,1.1239217452827788,1.1239217452827788,0.8429413089620841,1.4049021816034735,0.8429413089620841,1.4049021816034735,1.4049021816034735,1.1239217452827788,1.1239217452827788,1.4049021816034735,0.8429413089620841,1.4049021816034735,0.8429413089620841,1.1239217452827788,1.1239217452827788,0.8429413089620841,1.1239217452827788,1.4049021816034735,1.1239217452827788,1.1239217452827788,1.1239217452827788,0.8429413089620841,0.8429413089620841,1.4049021816034735,1.1239217452827788,1.4049021816034735,0.8429413089620841,1.4049021816034735,1.1239217452827788,1.1239217452827788,1.4049021816034735,0.8429413089620841,1.1239217452827788
618,Goretzka,5.9,0,0.0,0,0.0,0.0,0.0,0.0,0.0,MID,Aston Villa,0.0,0.0,0.0,0.0,0.0,0.0,0.0,0.0,0.0,0.0,0.0,0.0,0.0,0.0,0.0,0.0,0.0,0.0,0.0,0.0,0.0,0.0,0.0,0.0,0.0,0.0,0.0,0.0,0.0,0.0,0.0,0.0,0.0,0.0,0.0,0.0,0.0,0.0,0.0
630,Harwood-Bellis,4.5,0,0.0,0,0.0,0.0,0.0,0.0,100.0,DEF,Aston Villa,0.0,0.0,0.0,0.0,0.0,0.0,0.0,0.0,0.0,0.0,0.0,0.0,0.0,0.0,0.0,0.0,0.0,0.0,0.0,0.0,0.0,0.0,0.0,0.0,0.0,0.0,0.0,0.0,0.0,0.0,0.0,0.0,0.0,0.0,0.0,0.0,0.0,0.0,0.0
631,Mbaye,6.0,2,0.7,33,0.02,0.13,0.15,4.3,100.0,MID,Aston Villa,0.3020880998747037,0.3020880998747037,0.3020880998747037,0.3020880998747037,0.3020880998747037,0.3020880998747037,0.3020880998747037,0.3020880998747037,0.22656607490602776,0.37761012484337964,0.22656607490602776,0.37761012484337964,0.37761012484337964,0.3020880998747037,0.3020880998747037,0.37761012484337964,0.22656607490602776,0.37761012484337964,0.22656607490602776,0.3020880998747037,0.3020880998747037,0.22656607490602776,0.3020880998747037,0.37761012484337964,0.3020880998747037,0.3020880998747037,0.3020880998747037,0.22656607490602776,0.22656607490602776,0.37761012484337964,0.3020880998747037,0.37761012484337964,0.22656607490602776,0.37761012484337964,0.3020880998747037,0.3020880998747037,0.37761012484337964,0.22656607490602776,0.3020880998747037
667,Wright,4.0,0,0.0,0,0.0,0.0,0.0,0.0,100.0,GK,Aston Villa,0.0,0.0,0.0,0.0,0.0,0.0,0.0,0.0,0.0,0.0,0.0,0.0,0.0,0.0,0.0,0.0,0.0,0.0,0.0,0.0,0.0,0.0,0.0,0.0,0.0,0.0,0.0,0.0,0.0,0.0,0.0,0.0,0.0,0.0,0.0,0.0,0.0,0.0,0.0
57,Petrović,4.5,9,1.8,450,0.0,0.0,0.0,9.2,100.0,GK,Bournemouth,2.5333333333333337,2.5333333333333337,2.5333333333333337,2.5333333333333337,2.5333333333333337,2.5333333333333337,1.9000000000000004,3.166666666666667,1.9000000000000004,3.166666666666667,3.166666666666667,2.5333333333333337,2.5333333333333337,3.166666666666667,3.166666666666667,1.9000000000000004,3.166666666666667,2.5333333333333337,2.5333333333333337,2.5333333333333337,2.5333333333333337,3.166666666666667,2.5333333333333337,3.166666666666667,2.5333333333333337,1.9000000000000004,2.5333333333333337,3.166666666666667,2.5333333333333337,3.166666666666667,2.5333333333333337,1.9000000000000004,2.5333333333333337,1.9000000000000004,3.166666666666667,1.9000000000000004,2.5333333333333337,1.9000000000000004,1.9000000000000004
58,Forster,4.0,0,0.0,0,0.0,0.0,0.0,0.0,100.0,GK,Bournemouth,0.0,0.0,0.0,0.0,0.0,0.0,0.0,0.0,0.0,0.0,0.0,0.0,0.0,0.0,0.0,0.0,0.0,0.0,0.0,0.0,0.0,0.0,0.0,0.0,0.0,0.0,0.0,0.0,0.0,0.0,0.0,0.0,0.0,0.0,0.0,0.0,0.0,0.0,0.0
60,Hill,5.5,12,2.8,450,0.0,0.79,0.79,19.5,100.0,DEF,Bournemouth,2.950952380952381,2.950952380952381,2.950952380952381,2.950952380952381,2.950952380952381,2.950952380952381,2.213214285714286,3.6886904761904766,2.213214285714286,3.6886904761904766,3.6886904761904766,2.950952380952381,2.950952380952381,3.6886904761904766,3.6886904761904766,2.213214285714286,3.6886904761904766,2.950952380952381,2.950952380952381,2.950952380952381,2.950952380952381,3.6886904761904766,2.950952380952381,3.6886904761904766,2.950952380952381,2.213214285714286,2.950952380952381,3.6886904761904766,2.950952380952381,3.6886904761904766,2.950952380952381,2.213214285714286,2.950952380952381,2.213214285714286,3.6886904761904766,2.213214285714286,2.950952380952381,2.213214285714286,2.213214285714286
61,Truffert,5.4,10,2.2,450,0.11,0.29,0.4,21.5,100.0,DEF,Bournemouth,2.872619047619048,2.872619047619048,2.872619047619048,2.872619047619048,2.872619047619048,2.872619047619048,2.154464285714286,3.59077380952381,2.154464285714286,3.59077380952381,3.59077380952381,2.872619047619048,2.872619047619048,3.59077380952381,3.59077380952381,2.154464285714286,3.59077380952381,2.872619047619048,2.872619047619048,2.872619047619048,2.872619047619048,3.59077380952381,2.872619047619048,3.59077380952381,2.872619047619048,2.154464285714286,2.872619047619048,3.59077380952381,2.872619047619048,3.59077380952381,2.872619047619048,2.154464285714286,2.872619047619048,2.154464285714286,3.59077380952381,2.154464285714286,2.872619047619048,2.154464285714286,2.154464285714286
62,Diakité,4.9,0,0.0,0,0.0,0.0,0.0,0.0,100.0,DEF,Bournemouth,0.0,0.0,0.0,0.0,0.0,0.0,0.0,0.0,0.0,0.0,0.0,0.0,0.0,0.0,0.0,0.0,0.0,0.0,0.0,0.0,0.0,0.0,0.0,0.0,0.0,0.0,0.0,0.0,0.0,0.0,0.0,0.0,0.0,0.0,0.0,0.0,0.0,0.0,0.0
63,Milosavljević,4.9,0,0.0,0,0.0,0.0,0.0,0.0,0.0,DEF,Bournemouth,0.0,0.0,0.0,0.0,0.0,0.0,0.0,0.0,0.0,0.0,0.0,0.0,0.0,0.0,0.0,0.0,0.0,0.0,0.0,0.0,0.0,0.0,0.0,0.0,0.0,0.0,0.0,0.0,0.0,0.0,0.0,0.0,0.0,0.0,0.0,0.0,0.0,0.0,0.0
64,Smith,4.5,4,0.8,434,0.01,0.09,0.1,9.1,100.0,DEF,Bournemouth,2.554048586455958,2.554048586455958,2.554048586455958,2.554048586455958,2.554048586455958,2.554048586455958,1.9155364398419685,3.1925607330699473,1.9155364398419685,3.1925607330699473,3.1925607330699473,2.554048586455958,2.554048586455958,3.1925607330699473,3.1925607330699473,1.9155364398419685,3.1925607330699473,2.554048586455958,2.554048586455958,2.554048586455958,2.554048586455958,3.1925607330699473,2.554048586455958,3.1925607330699473,2.554048586455958,1.9155364398419685,2.554048586455958,3.1925607330699473,2.554048586455958,3.1925607330699473,2.554048586455958,1.9155364398419685,2.554048586455958,1.9155364398419685,3.1925607330699473,1.9155364398419685,2.554048586455958,1.9155364398419685,1.9155364398419685
65,J.Araujo,4.4,0,0.0,0,0.0,0.0,0.0,0.0,0.0,DEF,Bournemouth,0.0,0.0,0.0,0.0,0.0,0.0,0.0,0.0,0.0,0.0,0.0,0.0,0.0,0.0,0.0,0.0,0.0,0.0,0.0,0.0,0.0,0.0,0.0,0.0,0.0,0.0,0.0,0.0,0.0,0.0,0.0,0.0,0.0,0.0,0.0,0.0,0.0,0.0,0.0
66,Soler,4.0,0,0.0,0,0.0,0.0,0.0,0.0,100.0,DEF,Bournemouth,0.0,0.0,0.0,0.0,0.0,0.0,0.0,0.0,0.0,0.0,0.0,0.0,0.0,0.0,0.0,0.0,0.0,0.0,0.0,0.0,0.0,0.0,0.0,0.0,0.0,0.0,0.0,0.0,0.0,0.0,0.0,0.0,0.0,0.0,0.0,0.0,0.0,0.0,0.0
67,Rayan,6.3,10,2.0,434,0.87,0.43,1.3,18.0,100.0,MID,Bournemouth,3.341670003760335,3.341670003760335,3.341670003760335,3.341670003760335,3.341670003760335,3.341670003760335,2.506252502820251,4.177087504700419,2.506252502820251,4.177087504700419,4.177087504700419,3.341670003760335,3.341670003760335,4.177087504700419,4.177087504700419,2.506252502820251,4.177087504700419,3.341670003760335,3.341670003760335,3.341670003760335,3.341670003760335,4.177087504700419,3.341670003760335,4.177087504700419,3.341670003760335,2.506252502820251,3.341670003760335,4.177087504700419,3.341670003760335,4.177087504700419,3.341670003760335,2.506252502820251,3.341670003760335,2.506252502820251,4.177087504700419,2.506252502820251,3.341670003760335,2.506252502820251,2.506252502820251
68,Tavernier,6.1,31,5.2,424,1.7,0.92,2.62,45.5,100.0,MID,Bournemouth,3.7673476821192047,3.7673476821192047,3.7673476821192047,3.7673476821192047,3.7673476821192047,3.7673476821192047,2.8255107615894035,4.709184602649006,2.8255107615894035,4.709184602649006,4.709184602649006,3.7673476821192047,3.7673476821192047,4.709184602649006,4.709184602649006,2.8255107615894035,4.709184602649006,3.7673476821192047,3.7673476821192047,3.7673476821192047,3.7673476821192047,4.709184602649006,3.7673476821192047,4.709184602649006,3.7673476821192047,2.8255107615894035,3.7673476821192047,4.709184602649006,3.7673476821192047,4.709184602649006,3.7673476821192047,2.8255107615894035,3.7673476821192047,2.8255107615894035,4.709184602649006,2.8255107615894035,3.7673476821192047,2.8255107615894035,2.8255107615894035
69,Scott,6.1,30,7.0,446,0.64,0.42,1.06,30.5,100.0,MID,Bournemouth,3.2208826056615507,3.2208826056615507,3.2208826056615507,3.2208826056615507,3.2208826056615507,3.2208826056615507,2.415661954246163,4.026103257076938,2.415661954246163,4.026103257076938,4.026103257076938,3.2208826056615507,3.2208826056615507,4.026103257076938,4.026103257076938,2.415661954246163,4.026103257076938,3.2208826056615507,3.2208826056615507,3.2208826056615507,3.2208826056615507,4.026103257076938,3.2208826056615507,4.026103257076938,3.2208826056615507,2.415661954246163,3.2208826056615507,4.026103257076938,3.2208826056615507,4.026103257076938,3.2208826056615507,2.415661954246163,3.2208826056615507,2.415661954246163,4.026103257076938,2.415661954246163,3.2208826056615507,2.415661954246163,2.415661954246163
70,Kluivert,6.0,15,3.0,294,0.99,0.08,1.07,22.5,0.0,MID,Bournemouth,0.0,0.0,0.0,0.0,0.0,0.0,0.0,0.0,0.0,0.0,0.0,0.0,0.0,0.0,0.0,0.0,0.0,0.0,0.0,0.0,0.0,0.0,0.0,0.0,0.0,0.0,0.0,0.0,0.0,0.0,0.0,0.0,0.0,0.0,0.0,0.0,0.0,0.0,0.0
71,Cook,5.0,8,1.2,180,0.0,0.01,0.01,2.8,100.0,MID,Bournemouth,1.413125,1.413125,1.413125,1.413125,1.413125,1.413125,1.05984375,1.76640625,1.05984375,1.76640625,1.76640625,1.413125,1.413125,1.76640625,1.76640625,1.05984375,1.76640625,1.413125,1.413125,1.413125,1.413125,1.76640625,1.413125,1.76640625,1.413125,1.05984375,1.413125,1.76640625,1.413125,1.76640625,1.413125,1.05984375,1.413125,1.05984375,1.76640625,1.05984375,1.413125,1.05984375,1.05984375
72,Gannon-Doak,4.9,4,0.8,12,0.12,0.05,0.17,2.3,100.0,MID,Bournemouth,0.09532867324561405,0.09532867324561405,0.09532867324561405,0.09532867324561405,0.09532867324561405,0.09532867324561405,0.07149650493421053,0.11916084155701756,0.07149650493421053,0.11916084155701756,0.11916084155701756,0.09532867324561405,0.09532867324561405,0.11916084155701756,0.11916084155701756,0.07149650493421053,0.11916084155701756,0.09532867324561405,0.09532867324561405,0.09532867324561405,0.09532867324561405,0.11916084155701756,0.09532867324561405,0.11916084155701756,0.09532867324561405,0.07149650493421053,0.09532867324561405,0.11916084155701756,0.09532867324561405,0.11916084155701756,0.09532867324561405,0.07149650493421053,0.09532867324561405,0.07149650493421053,0.11916084155701756,0.07149650493421053,0.09532867324561405,0.07149650493421053,0.07149650493421053
73,Adams,5.0,12,2.8,279,0.03,0.07,0.1,8.5,100.0,MID,Bournemouth,2.159577346205658,2.159577346205658,2.159577346205658,2.159577346205658,2.159577346205658,2.159577346205658,1.6196830096542434,2.6994716827570726,1.6196830096542434,2.6994716827570726,2.6994716827570726,2.159577346205658,2.159577346205658,2.6994716827570726,2.6994716827570726,1.6196830096542434,2.6994716827570726,2.159577346205658,2.159577346205658,2.159577346205658,2.159577346205658,2.6994716827570726,2.159577346205658,2.6994716827570726,2.159577346205658,1.6196830096542434,2.159577346205658,2.6994716827570726,2.159577346205658,2.6994716827570726,2.159577346205658,1.6196830096542434,2.159577346205658,1.6196830096542434,2.6994716827570726,1.6196830096542434,2.159577346205658,1.6196830096542434,1.6196830096542434
74,Brooks,5.0,3,0.8,45,0.0,0.07,0.07,3.5,100.0,MID,Bournemouth,0.3616785714285714,0.3616785714285714,0.3616785714285714,0.3616785714285714,0.3616785714285714,0.3616785714285714,0.2712589285714285,0.4520982142857143,0.2712589285714285,0.4520982142857143,0.4520982142857143,0.3616785714285714,0.3616785714285714,0.4520982142857143,0.4520982142857143,0.2712589285714285,0.4520982142857143,0.3616785714285714,0.3616785714285714,0.3616785714285714,0.3616785714285714,0.4520982142857143,0.3616785714285714,0.4520982142857143,0.3616785714285714,0.2712589285714285,0.3616785714285714,0.4520982142857143,0.3616785714285714,0.4520982142857143,0.3616785714285714,0.2712589285714285,0.3616785714285714,0.2712589285714285,0.4520982142857143,0.2712589285714285,0.3616785714285714,0.2712589285714285,0.2712589285714285
75,Christie,5.0,5,1.2,102,0.5,0.13,0.63,5.2,100.0,MID,Bournemouth,0.924209219858156,0.924209219858156,0.924209219858156,0.924209219858156,0.924209219858156,0.924209219858156,0.693156914893617,1.155261524822695,0.693156914893617,1.155261524822695,1.155261524822695,0.924209219858156,0.924209219858156,1.155261524822695,1.155261524822695,0.693156914893617,1.155261524822695,0.924209219858156,0.924209219858156,0.924209219858156,0.924209219858156,1.155261524822695,0.924209219858156,1.155261524822695,0.924209219858156,0.693156914893617,0.924209219858156,1.155261524822695,0.924209219858156,1.155261524822695,0.924209219858156,0.693156914893617,0.924209219858156,0.693156914893617,1.155261524822695,0.693156914893617,0.924209219858156,0.693156914893617,0.693156914893617
76,Tóth.A,4.9,2,0.2,17,0.0,0.0,0.0,0.3,100.0,MID,Bournemouth,0.13499058641035624,0.13499058641035624,0.13499058641035624,0.13499058641035624,0.13499058641035624,0.13499058641035624,0.10124293980776719,0.1687382330129453,0.10124293980776719,0.1687382330129453,0.1687382330129453,0.13499058641035624,0.13499058641035624,0.1687382330129453,0.1687382330129453,0.10124293980776719,0.1687382330129453,0.13499058641035624,0.13499058641035624,0.13499058641035624,0.13499058641035624,0.1687382330129453,0.13499058641035624,0.1687382330129453,0.13499058641035624,0.10124293980776719,0.13499058641035624,0.1687382330129453,0.13499058641035624,0.1687382330129453,0.13499058641035624,0.10124293980776719,0.13499058641035624,0.10124293980776719,0.1687382330129453,0.10124293980776719,0.13499058641035624,0.10124293980776719,0.10124293980776719
77,Adli,4.9,0,0.0,0,0.0,0.0,0.0,0.0,0.0,MID,Bournemouth,0.0,0.0,0.0,0.0,0.0,0.0,0.0,0.0,0.0,0.0,0.0,0.0,0.0,0.0,0.0,0.0,0.0,0.0,0.0,0.0,0.0,0.0,0.0,0.0,0.0,0.0,0.0,0.0,0.0,0.0,0.0,0.0,0.0,0.0,0.0,0.0,0.0,0.0,0.0
78,Kroupi.Jr,7.4,0,0.0,0,0.0,0.0,0.0,0.0,0.0,MID,Bournemouth,0.0,0.0,0.0,0.0,0.0,0.0,0.0,0.0,0.0,0.0,0.0,0.0,0.0,0.0,0.0,0.0,0.0,0.0,0.0,0.0,0.0,0.0,0.0,0.0,0.0,0.0,0.0,0.0,0.0,0.0,0.0,0.0,0.0,0.0,0.0,0.0,0.0,0.0,0.0
79,Evanilson,6.0,18,3.5,424,0.87,0.52,1.39,25.2,100.0,FWD,Bournemouth,3.269009723695004,3.269009723695004,3.269009723695004,3.269009723695004,3.269009723695004,3.269009723695004,2.451757292771253,4.086262154618755,2.451757292771253,4.086262154618755,4.086262154618755,3.269009723695004,3.269009723695004,4.086262154618755,4.086262154618755,2.451757292771253,4.086262154618755,3.269009723695004,3.269009723695004,3.269009723695004,3.269009723695004,4.086262154618755,3.269009723695004,4.086262154618755,3.269009723695004,2.451757292771253,3.269009723695004,4.086262154618755,3.269009723695004,4.086262154618755,3.269009723695004,2.451757292771253,3.269009723695004,2.451757292771253,4.086262154618755,2.451757292771253,3.269009723695004,2.451757292771253,2.451757292771253
81,Rodríguez,6.0,2,0.5,10,0.0,0.0,0.0,0.1,100.0,FWD,Bournemouth,0.09164578111946532,0.09164578111946532,0.09164578111946532,0.09164578111946532,0.09164578111946532,0.09164578111946532,0.068734335839599,0.11455722639933165,0.068734335839599,0.11455722639933165,0.11455722639933165,0.09164578111946532,0.09164578111946532,0.11455722639933165,0.11455722639933165,0.068734335839599,0.11455722639933165,0.09164578111946532,0.09164578111946532,0.09164578111946532,0.09164578111946532,0.11455722639933165,0.09164578111946532,0.11455722639933165,0.09164578111946532,0.068734335839599,0.09164578111946532,0.11455722639933165,0.09164578111946532,0.11455722639933165,0.09164578111946532,0.068734335839599,0.09164578111946532,0.068734335839599,0.11455722639933165,0.068734335839599,0.09164578111946532,0.068734335839599,0.068734335839599
566,Silva,5.0,13,2.8,450,0.85,0.29,1.14,17.7,100.0,DEF,Bournemouth,2.9194999999999998,2.9194999999999998,2.9194999999999998,2.9194999999999998,2.9194999999999998,2.9194999999999998,2.189625,3.6493749999999996,2.189625,3.6493749999999996,3.6493749999999996,2.9194999999999998,2.9194999999999998,3.6493749999999996,3.6493749999999996,2.189625,3.6493749999999996,2.9194999999999998,2.9194999999999998,2.9194999999999998,2.9194999999999998,3.6493749999999996,2.9194999999999998,3.6493749999999996,2.9194999999999998,2.189625,2.9194999999999998,3.6493749999999996,2.9194999999999998,3.6493749999999996,2.9194999999999998,2.189625,2.9194999999999998,2.189625,3.6493749999999996,2.189625,2.9194999999999998,2.189625,2.189625
573,Sanchez,4.4,0,0.0,0,0.0,0.0,0.0,0.0,100.0,DEF,Bournemouth,0.0,0.0,0.0,0.0,0.0,0.0,0.0,0.0,0.0,0.0,0.0,0.0,0.0,0.0,0.0,0.0,0.0,0.0,0.0,0.0,0.0,0.0,0.0,0.0,0.0,0.0,0.0,0.0,0.0,0.0,0.0,0.0,0.0,0.0,0.0,0.0,0.0,0.0,0.0
608,Jebbison,5.0,3,0.5,31,0.1,0.0,0.1,2.6,100.0,FWD,Bournemouth,0.24953265512574033,0.24953265512574033,0.24953265512574033,0.24953265512574033,0.24953265512574033,0.24953265512574033,0.18714949134430525,0.3119158189071754,0.18714949134430525,0.3119158189071754,0.3119158189071754,0.24953265512574033,0.24953265512574033,0.3119158189071754,0.3119158189071754,0.18714949134430525,0.3119158189071754,0.24953265512574033,0.24953265512574033,0.24953265512574033,0.24953265512574033,0.3119158189071754,0.24953265512574033,0.3119158189071754,0.24953265512574033,0.18714949134430525,0.24953265512574033,0.3119158189071754,0.24953265512574033,0.3119158189071754,0.24953265512574033,0.18714949134430525,0.24953265512574033,0.18714949134430525,0.3119158189071754,0.18714949134430525,0.24953265512574033,0.18714949134430525,0.18714949134430525
615,Di Gregorio,4.5,0,0.0,0,0.0,0.0,0.0,0.0,100.0,GK,Bournemouth,0.0,0.0,0.0,0.0,0.0,0.0,0.0,0.0,0.0,0.0,0.0,0.0,0.0,0.0,0.0,0.0,0.0,0.0,0.0,0.0,0.0,0.0,0.0,0.0,0.0,0.0,0.0,0.0,0.0,0.0,0.0,0.0,0.0,0.0,0.0,0.0,0.0,0.0,0.0
82,Kelleher,5.0,20,3.2,450,0.0,0.01,0.01,11.7,100.0,GK,Brentford,2.6871428571428573,2.6871428571428573,2.6871428571428573,2.6871428571428573,2.6871428571428573,2.6871428571428573,2.015357142857143,2.015357142857143,3.3589285714285717,2.6871428571428573,2.6871428571428573,2.6871428571428573,2.015357142857143,2.015357142857143,2.015357142857143,2.6871428571428573,3.3589285714285717,3.3589285714285717,3.3589285714285717,2.6871428571428573,2.015357142857143,3.3589285714285717,2.6871428571428573,2.015357142857143,2.6871428571428573,2.6871428571428573,3.3589285714285717,2.6871428571428573,3.3589285714285717,2.6871428571428573,2.6871428571428573,2.6871428571428573,3.3589285714285717,3.3589285714285717,2.015357142857143,2.6871428571428573,2.015357142857143,3.3589285714285717,2.015357142857143
83,Valdimarsson,4.5,0,0.0,0,0.0,0.0,0.0,0.0,100.0,GK,Brentford,0.0,0.0,0.0,0.0,0.0,0.0,0.0,0.0,0.0,0.0,0.0,0.0,0.0,0.0,0.0,0.0,0.0,0.0,0.0,0.0,0.0,0.0,0.0,0.0,0.0,0.0,0.0,0.0,0.0,0.0,0.0,0.0,0.0,0.0,0.0,0.0,0.0,0.0,0.0
84,Collins,5.4,10,1.0,196,0.51,0.05,0.56,11.4,0.0,DEF,Brentford,0.0,0.0,0.0,0.0,0.0,0.0,0.0,0.0,0.0,0.0,0.0,0.0,0.0,0.0,0.0,0.0,0.0,0.0,0.0,0.0,0.0,0.0,0.0,0.0,0.0,0.0,0.0,0.0,0.0,0.0,0.0,0.0,0.0,0.0,0.0,0.0,0.0,0.0,0.0
85,Van den Berg,4.9,0,0.0,0,0.0,0.0,0.0,0.0,0.0,DEF,Brentford,0.0,0.0,0.0,0.0,0.0,0.0,0.0,0.0,0.0,0.0,0.0,0.0,0.0,0.0,0.0,0.0,0.0,0.0,0.0,0.0,0.0,0.0,0.0,0.0,0.0,0.0,0.0,0.0,0.0,0.0,0.0,0.0,0.0,0.0,0.0,0.0,0.0,0.0,0.0
86,Lewis-Potter,5.5,22,3.0,406,1.21,0.79,2.0,29.5,100.0,MID,Brentford,3.4066979522184297,3.4066979522184297,3.4066979522184297,3.4066979522184297,3.4066979522184297,3.4066979522184297,2.5550234641638223,2.5550234641638223,4.258372440273037,3.4066979522184297,3.4066979522184297,3.4066979522184297,2.5550234641638223,2.5550234641638223,2.5550234641638223,3.4066979522184297,4.258372440273037,4.258372440273037,4.258372440273037,3.4066979522184297,2.5550234641638223,4.258372440273037,3.4066979522184297,2.5550234641638223,3.4066979522184297,3.4066979522184297,4.258372440273037,3.4066979522184297,4.258372440273037,3.4066979522184297,3.4066979522184297,3.4066979522184297,4.258372440273037,4.258372440273037,2.5550234641638223,3.4066979522184297,2.5550234641638223,4.258372440273037,2.5550234641638223
87,Ajer,4.5,21,3.2,450,0.13,0.08,0.21,18.8,100.0,DEF,Brentford,2.572619047619048,2.572619047619048,2.572619047619048,2.572619047619048,2.572619047619048,2.572619047619048,1.9294642857142859,1.9294642857142859,3.2157738095238098,2.572619047619048,2.572619047619048,2.572619047619048,1.9294642857142859,1.9294642857142859,1.9294642857142859,2.572619047619048,3.2157738095238098,3.2157738095238098,3.2157738095238098,2.572619047619048,1.9294642857142859,3.2157738095238098,2.572619047619048,1.9294642857142859,2.572619047619048,2.572619047619048,3.2157738095238098,2.572619047619048,3.2157738095238098,2.572619047619048,2.572619047619048,2.572619047619048,3.2157738095238098,3.2157738095238098,1.9294642857142859,2.572619047619048,1.9294642857142859,3.2157738095238098,1.9294642857142859
88,Kayode,4.6,23,2.5,294,0.55,0.43,0.98,15.3,100.0,DEF,Brentford,2.3839482067510547,2.3839482067510547,2.3839482067510547,2.3839482067510547,2.3839482067510547,2.3839482067510547,1.787961155063291,1.787961155063291,2.979935258438818,2.3839482067510547,2.3839482067510547,2.3839482067510547,1.787961155063291,1.787961155063291,1.787961155063291,2.3839482067510547,2.979935258438818,2.979935258438818,2.979935258438818,2.3839482067510547,1.787961155063291,2.979935258438818,2.3839482067510547,1.787961155063291,2.3839482067510547,2.3839482067510547,2.979935258438818,2.3839482067510547,2.979935258438818,2.3839482067510547,2.3839482067510547,2.3839482067510547,2.979935258438818,2.979935258438818,1.787961155063291,2.3839482067510547,1.787961155063291,2.979935258438818,1.787961155063291
89,Henry,4.4,1,0.2,2,0.0,0.0,0.0,0.0,100.0,DEF,Brentford,0.014777688436225024,0.014777688436225024,0.014777688436225024,0.014777688436225024,0.014777688436225024,0.014777688436225024,0.011083266327168767,0.011083266327168767,0.01847211054528128,0.014777688436225024,0.014777688436225024,0.014777688436225024,0.011083266327168767,0.011083266327168767,0.011083266327168767,0.014777688436225024,0.01847211054528128,0.01847211054528128,0.01847211054528128,0.014777688436225024,0.011083266327168767,0.01847211054528128,0.014777688436225024,0.011083266327168767,0.014777688436225024,0.014777688436225024,0.01847211054528128,0.014777688436225024,0.01847211054528128,0.014777688436225024,0.014777688436225024,0.014777688436225024,0.01847211054528128,0.01847211054528128,0.011083266327168767,0.014777688436225024,0.011083266327168767,0.01847211054528128,0.011083266327168767
90,Hickey,4.5,5,1.0,152,0.03,0.06,0.09,4.7,100.0,DEF,Brentford,1.1256581967922386,1.1256581967922386,1.1256581967922386,1.1256581967922386,1.1256581967922386,1.1256581967922386,0.8442436475941789,0.8442436475941789,1.4070727459902983,1.1256581967922386,1.1256581967922386,1.1256581967922386,0.8442436475941789,0.8442436475941789,0.8442436475941789,1.1256581967922386,1.4070727459902983,1.4070727459902983,1.4070727459902983,1.1256581967922386,0.8442436475941789,1.4070727459902983,1.1256581967922386,0.8442436475941789,1.1256581967922386,1.1256581967922386,1.4070727459902983,1.1256581967922386,1.4070727459902983,1.1256581967922386,1.1256581967922386,1.1256581967922386,1.4070727459902983,1.4070727459902983,0.8442436475941789,1.1256581967922386,0.8442436475941789,1.4070727459902983,0.8442436475941789
92,Ji-soo,4.4,0,0.0,0,0.0,0.0,0.0,0.0,100.0,DEF,Brentford,0.0,0.0,0.0,0.0,0.0,0.0,0.0,0.0,0.0,0.0,0.0,0.0,0.0,0.0,0.0,0.0,0.0,0.0,0.0,0.0,0.0,0.0,0.0,0.0,0.0,0.0,0.0,0.0,0.0,0.0,0.0,0.0,0.0,0.0,0.0,0.0,0.0,0.0,0.0
93,Schuster,4.5,21,5.2,253,0.1,0.54,0.64,12.0,100.0,DEF,Brentford,1.9079523992814984,1.9079523992814984,1.9079523992814984,1.9079523992814984,1.9079523992814984,1.9079523992814984,1.4309642994611238,1.4309642994611238,2.384940499101873,1.9079523992814984,1.9079523992814984,1.9079523992814984,1.4309642994611238,1.4309642994611238,1.4309642994611238,1.9079523992814984,2.384940499101873,2.384940499101873,2.384940499101873,1.9079523992814984,1.4309642994611238,2.384940499101873,1.9079523992814984,1.4309642994611238,1.9079523992814984,1.9079523992814984,2.384940499101873,1.9079523992814984,2.384940499101873,1.9079523992814984,1.9079523992814984,1.9079523992814984,2.384940499101873,2.384940499101873,1.4309642994611238,1.9079523992814984,1.4309642994611238,2.384940499101873,1.4309642994611238
94,Schade,6.2,39,9.0,447,1.52,0.32,1.84,35.4,100.0,MID,Brentford,3.475052631578947,3.475052631578947,3.475052631578947,3.475052631578947,3.475052631578947,3.475052631578947,2.6062894736842104,2.6062894736842104,4.343815789473684,3.475052631578947,3.475052631578947,3.475052631578947,2.6062894736842104,2.6062894736842104,2.6062894736842104,3.475052631578947,4.343815789473684,4.343815789473684,4.343815789473684,3.475052631578947,2.6062894736842104,4.343815789473684,3.475052631578947,2.6062894736842104,3.475052631578947,3.475052631578947,4.343815789473684,3.475052631578947,4.343815789473684,3.475052631578947,3.475052631578947,3.475052631578947,4.343815789473684,4.343815789473684,2.6062894736842104,3.475052631578947,2.6062894736842104,4.343815789473684,2.6062894736842104
95,O.Dango,6.3,7,1.0,179,0.09,0.39,0.48,10.8,100.0,MID,Brentford,1.674667295350963,1.674667295350963,1.674667295350963,1.674667295350963,1.674667295350963,1.674667295350963,1.2560004715132222,1.2560004715132222,2.093334119188704,1.674667295350963,1.674667295350963,1.674667295350963,1.2560004715132222,1.2560004715132222,1.2560004715132222,1.674667295350963,2.093334119188704,2.093334119188704,2.093334119188704,1.674667295350963,1.2560004715132222,2.093334119188704,1.674667295350963,1.2560004715132222,1.674667295350963,1.674667295350963,2.093334119188704,1.674667295350963,2.093334119188704,1.674667295350963,1.674667295350963,1.674667295350963,2.093334119188704,2.093334119188704,1.2560004715132222,1.674667295350963,1.2560004715132222,2.093334119188704,1.2560004715132222
96,Damsgaard,5.4,16,3.8,283,0.17,0.73,0.9,20.7,100.0,MID,Brentford,2.391678137008549,2.391678137008549,2.391678137008549,2.391678137008549,2.391678137008549,2.391678137008549,1.7937586027564119,1.7937586027564119,2.9895976712606864,2.391678137008549,2.391678137008549,2.391678137008549,1.7937586027564119,1.7937586027564119,1.7937586027564119,2.391678137008549,2.9895976712606864,2.9895976712606864,2.9895976712606864,2.391678137008549,1.7937586027564119,2.9895976712606864,2.391678137008549,1.7937586027564119,2.391678137008549,2.391678137008549,2.9895976712606864,2.391678137008549,2.9895976712606864,2.391678137008549,2.391678137008549,2.391678137008549,2.9895976712606864,2.9895976712606864,1.7937586027564119,2.391678137008549,1.7937586027564119,2.9895976712606864,1.7937586027564119
97,Jensen,5.4,6,0.0,66,0.08,0.34,0.42,7.2,0.0,MID,Brentford,0.0,0.0,0.0,0.0,0.0,0.0,0.0,0.0,0.0,0.0,0.0,0.0,0.0,0.0,0.0,0.0,0.0,0.0,0.0,0.0,0.0,0.0,0.0,0.0,0.0,0.0,0.0,0.0,0.0,0.0,0.0,0.0,0.0,0.0,0.0,0.0,0.0,0.0,0.0
98,Janelt,5.0,28,4.8,450,0.53,0.44,0.97,30.9,100.0,MID,Brentford,2.862142857142857,2.862142857142857,2.862142857142857,2.862142857142857,2.862142857142857,2.862142857142857,2.146607142857143,2.146607142857143,3.5776785714285713,2.862142857142857,2.862142857142857,2.862142857142857,2.146607142857143,2.146607142857143,2.146607142857143,2.862142857142857,3.5776785714285713,3.5776785714285713,3.5776785714285713,2.862142857142857,2.146607142857143,3.5776785714285713,2.862142857142857,2.146607142857143,2.862142857142857,2.862142857142857,3.5776785714285713,2.862142857142857,3.5776785714285713,2.862142857142857,2.862142857142857,2.862142857142857,3.5776785714285713,3.5776785714285713,2.146607142857143,2.862142857142857,2.146607142857143,3.5776785714285713,2.146607142857143
99,Milambo,5.0,0,0.0,0,0.0,0.0,0.0,0.0,0.0,MID,Brentford,0.0,0.0,0.0,0.0,0.0,0.0,0.0,0.0,0.0,0.0,0.0,0.0,0.0,0.0,0.0,0.0,0.0,0.0,0.0,0.0,0.0,0.0,0.0,0.0,0.0,0.0,0.0,0.0,0.0,0.0,0.0,0.0,0.0,0.0,0.0,0.0,0.0,0.0,0.0
100,Carvalho,5.0,6,1.5,3,0.43,0.0,0.43,6.7,100.0,MID,Brentford,0.02426564207650273,0.02426564207650273,0.02426564207650273,0.02426564207650273,0.02426564207650273,0.02426564207650273,0.01819923155737705,0.01819923155737705,0.030332052595628413,0.02426564207650273,0.02426564207650273,0.02426564207650273,0.01819923155737705,0.01819923155737705,0.01819923155737705,0.02426564207650273,0.030332052595628413,0.030332052595628413,0.030332052595628413,0.02426564207650273,0.01819923155737705,0.030332052595628413,0.02426564207650273,0.01819923155737705,0.02426564207650273,0.02426564207650273,0.030332052595628413,0.02426564207650273,0.030332052595628413,0.02426564207650273,0.02426564207650273,0.02426564207650273,0.030332052595628413,0.030332052595628413,0.01819923155737705,0.02426564207650273,0.01819923155737705,0.030332052595628413,0.01819923155737705
102,Yarmoliuk,4.8,9,2.0,216,0.1,0.3,0.4,13.4,100.0,MID,Brentford,1.6756891495601172,1.6756891495601172,1.6756891495601172,1.6756891495601172,1.6756891495601172,1.6756891495601172,1.2567668621700878,1.2567668621700878,2.0946114369501463,1.6756891495601172,1.6756891495601172,1.6756891495601172,1.2567668621700878,1.2567668621700878,1.2567668621700878,1.6756891495601172,2.0946114369501463,2.0946114369501463,2.0946114369501463,1.6756891495601172,1.2567668621700878,2.0946114369501463,1.6756891495601172,1.2567668621700878,1.6756891495601172,1.6756891495601172,2.0946114369501463,1.6756891495601172,2.0946114369501463,1.6756891495601172,1.6756891495601172,1.6756891495601172,2.0946114369501463,2.0946114369501463,1.2567668621700878,1.6756891495601172,1.2567668621700878,2.0946114369501463,1.2567668621700878
103,Dasilva,4.9,0,0.0,0,0.0,0.0,0.0,0.0,0.0,MID,Brentford,0.0,0.0,0.0,0.0,0.0,0.0,0.0,0.0,0.0,0.0,0.0,0.0,0.0,0.0,0.0,0.0,0.0,0.0,0.0,0.0,0.0,0.0,0.0,0.0,0.0,0.0,0.0,0.0,0.0,0.0,0.0,0.0,0.0,0.0,0.0,0.0,0.0,0.0,0.0
105,Anthony,5.9,15,3.5,267,1.15,0.54,1.69,21.2,100.0,MID,Brentford,2.737382158836689,2.737382158836689,2.737382158836689,2.737382158836689,2.737382158836689,2.737382158836689,2.053036619127517,2.053036619127517,3.421727698545861,2.737382158836689,2.737382158836689,2.737382158836689,2.053036619127517,2.053036619127517,2.053036619127517,2.737382158836689,3.421727698545861,3.421727698545861,3.421727698545861,2.737382158836689,2.053036619127517,3.421727698545861,2.737382158836689,2.053036619127517,2.737382158836689,2.737382158836689,3.421727698545861,2.737382158836689,3.421727698545861,2.737382158836689,2.737382158836689,2.737382158836689,3.421727698545861,3.421727698545861,2.053036619127517,2.737382158836689,2.053036619127517,3.421727698545861,2.053036619127517
106,Thiago,7.8,10,2.5,442,3.13,0.16,3.29,23.6,100.0,FWD,Brentford,4.49042926045016,4.49042926045016,4.49042926045016,4.49042926045016,4.49042926045016,4.49042926045016,3.36782194533762,3.36782194533762,5.6130365755627,4.49042926045016,4.49042926045016,4.49042926045016,3.36782194533762,3.36782194533762,3.36782194533762,4.49042926045016,5.6130365755627,5.6130365755627,5.6130365755627,4.49042926045016,3.36782194533762,5.6130365755627,4.49042926045016,3.36782194533762,4.49042926045016,4.49042926045016,5.6130365755627,4.49042926045016,5.6130365755627,4.49042926045016,4.49042926045016,4.49042926045016,5.6130365755627,5.6130365755627,3.36782194533762,4.49042926045016,3.36782194533762,5.6130365755627,3.36782194533762
107,Furo,4.5,0,0.0,0,0.0,0.0,0.0,0.0,0.0,FWD,Brentford,0.0,0.0,0.0,0.0,0.0,0.0,0.0,0.0,0.0,0.0,0.0,0.0,0.0,0.0,0.0,0.0,0.0,0.0,0.0,0.0,0.0,0.0,0.0,0.0,0.0,0.0,0.0,0.0,0.0,0.0,0.0,0.0,0.0,0.0,0.0,0.0,0.0,0.0,0.0
108,Wilson,5.4,3,0.5,13,0.07,0.04,0.11,2.6,100.0,FWD,Brentford,0.11047835390864762,0.11047835390864762,0.11047835390864762,0.11047835390864762,0.11047835390864762,0.11047835390864762,0.08285876543148571,0.08285876543148571,0.13809794238580952,0.11047835390864762,0.11047835390864762,0.11047835390864762,0.08285876543148571,0.08285876543148571,0.08285876543148571,0.11047835390864762,0.13809794238580952,0.13809794238580952,0.13809794238580952,0.11047835390864762,0.08285876543148571,0.13809794238580952,0.11047835390864762,0.08285876543148571,0.11047835390864762,0.11047835390864762,0.13809794238580952,0.11047835390864762,0.13809794238580952,0.11047835390864762,0.11047835390864762,0.11047835390864762,0.13809794238580952,0.13809794238580952,0.08285876543148571,0.11047835390864762,0.08285876543148571,0.13809794238580952,0.08285876543148571
565,M.Sangaré,5.6,22,2.0,321,0.41,0.65,1.06,17.1,100.0,MID,Brentford,2.7884212226652347,2.7884212226652347,2.7884212226652347,2.7884212226652347,2.7884212226652347,2.7884212226652347,2.091315916998926,2.091315916998926,3.4855265283315435,2.7884212226652347,2.7884212226652347,2.7884212226652347,2.091315916998926,2.091315916998926,2.091315916998926,2.7884212226652347,3.4855265283315435,3.4855265283315435,3.4855265283315435,2.7884212226652347,2.091315916998926,3.4855265283315435,2.7884212226652347,2.091315916998926,2.7884212226652347,2.7884212226652347,3.4855265283315435,2.7884212226652347,3.4855265283315435,2.7884212226652347,2.7884212226652347,2.7884212226652347,3.4855265283315435,3.4855265283315435,2.091315916998926,2.7884212226652347,2.091315916998926,3.4855265283315435,2.091315916998926
620,Diouf,4.5,2,0.5,39,0.0,0.01,0.01,0.7,100.0,DEF,Brentford,0.2919631457248312,0.2919631457248312,0.2919631457248312,0.2919631457248312,0.2919631457248312,0.2919631457248312,0.21897235929362338,0.21897235929362338,0.364953932156039,0.2919631457248312,0.2919631457248312,0.2919631457248312,0.21897235929362338,0.21897235929362338,0.21897235929362338,0.2919631457248312,0.364953932156039,0.364953932156039,0.364953932156039,0.2919631457248312,0.21897235929362338,0.364953932156039,0.2919631457248312,0.21897235929362338,0.2919631457248312,0.2919631457248312,0.364953932156039,0.2919631457248312,0.364953932156039,0.2919631457248312,0.2919631457248312,0.2919631457248312,0.364953932156039,0.364953932156039,0.21897235929362338,0.2919631457248312,0.21897235929362338,0.364953932156039,0.21897235929362338
657,Nunes,4.5,0,0.0,0,0.0,0.0,0.0,0.0,100.0,MID,Brentford,0.0,0.0,0.0,0.0,0.0,0.0,0.0,0.0,0.0,0.0,0.0,0.0,0.0,0.0,0.0,0.0,0.0,0.0,0.0,0.0,0.0,0.0,0.0,0.0,0.0,0.0,0.0,0.0,0.0,0.0,0.0,0.0,0.0,0.0,0.0,0.0,0.0,0.0,0.0
660,Fredrick,4.0,0,0.0,0,0.0,0.0,0.0,0.0,100.0,DEF,Brentford,0.0,0.0,0.0,0.0,0.0,0.0,0.0,0.0,0.0,0.0,0.0,0.0,0.0,0.0,0.0,0.0,0.0,0.0,0.0,0.0,0.0,0.0,0.0,0.0,0.0,0.0,0.0,0.0,0.0,0.0,0.0,0.0,0.0,0.0,0.0,0.0,0.0,0.0,0.0
661,Balcombe,4.0,0,0.0,0,0.0,0.0,0.0,0.0,100.0,GK,Brentford,0.0,0.0,0.0,0.0,0.0,0.0,0.0,0.0,0.0,0.0,0.0,0.0,0.0,0.0,0.0,0.0,0.0,0.0,0.0,0.0,0.0,0.0,0.0,0.0,0.0,0.0,0.0,0.0,0.0,0.0,0.0,0.0,0.0,0.0,0.0,0.0,0.0,0.0,0.0
109,Verbruggen,4.5,23,4.2,450,0.0,0.2,0.2,11.7,100.0,GK,Brighton,2.561904761904762,2.561904761904762,2.561904761904762,2.561904761904762,2.561904761904762,2.561904761904762,2.561904761904762,2.561904761904762,1.9214285714285717,1.9214285714285717,2.561904761904762,3.2023809523809526,3.2023809523809526,2.561904761904762,2.561904761904762,2.561904761904762,3.2023809523809526,2.561904761904762,2.561904761904762,1.9214285714285717,2.561904761904762,2.561904761904762,1.9214285714285717,2.561904761904762,3.2023809523809526,1.9214285714285717,2.561904761904762,3.2023809523809526,3.2023809523809526,2.561904761904762,3.2023809523809526,1.9214285714285717,1.9214285714285717,2.561904761904762,2.561904761904762,3.2023809523809526,2.561904761904762,1.9214285714285717,1.9214285714285717
111,Steele,4.0,0,0.0,0,0.0,0.0,0.0,0.0,100.0,GK,Brighton,0.0,0.0,0.0,0.0,0.0,0.0,0.0,0.0,0.0,0.0,0.0,0.0,0.0,0.0,0.0,0.0,0.0,0.0,0.0,0.0,0.0,0.0,0.0,0.0,0.0,0.0,0.0,0.0,0.0,0.0,0.0,0.0,0.0,0.0,0.0,0.0,0.0,0.0,0.0
113,F.Kadıoğlu,4.4,13,3.2,332,0.12,0.13,0.25,12.2,100.0,DEF,Brighton,2.3873792684095423,2.3873792684095423,2.3873792684095423,2.3873792684095423,2.3873792684095423,2.3873792684095423,2.3873792684095423,2.3873792684095423,1.7905344513071566,1.7905344513071566,2.3873792684095423,2.984224085511928,2.984224085511928,2.3873792684095423,2.3873792684095423,2.3873792684095423,2.984224085511928,2.3873792684095423,2.3873792684095423,1.7905344513071566,2.3873792684095423,2.3873792684095423,1.7905344513071566,2.3873792684095423,2.984224085511928,1.7905344513071566,2.3873792684095423,2.984224085511928,2.984224085511928,2.3873792684095423,2.984224085511928,1.7905344513071566,1.7905344513071566,2.3873792684095423,2.3873792684095423,2.984224085511928,2.3873792684095423,1.7905344513071566,1.7905344513071566
114,Boscagli,4.5,19,3.2,437,0.07,0.53,0.6,21.4,100.0,DEF,Brighton,2.6287761128533487,2.6287761128533487,2.6287761128533487,2.6287761128533487,2.6287761128533487,2.6287761128533487,2.6287761128533487,2.6287761128533487,1.9715820846400116,1.9715820846400116,2.6287761128533487,3.2859701410666857,3.2859701410666857,2.6287761128533487,2.6287761128533487,2.6287761128533487,3.2859701410666857,2.6287761128533487,2.6287761128533487,1.9715820846400116,2.6287761128533487,2.6287761128533487,1.9715820846400116,2.6287761128533487,3.2859701410666857,1.9715820846400116,2.6287761128533487,3.2859701410666857,3.2859701410666857,2.6287761128533487,3.2859701410666857,1.9715820846400116,1.9715820846400116,2.6287761128533487,2.6287761128533487,3.2859701410666857,2.6287761128533487,1.9715820846400116,1.9715820846400116
115,De Cuyper,4.9,38,5.2,423,1.55,0.67,2.22,33.8,100.0,DEF,Brighton,3.3764328358208955,3.3764328358208955,3.3764328358208955,3.3764328358208955,3.3764328358208955,3.3764328358208955,3.3764328358208955,3.3764328358208955,2.5323246268656714,2.5323246268656714,3.3764328358208955,4.22054104477612,4.22054104477612,3.3764328358208955,3.3764328358208955,3.3764328358208955,4.22054104477612,3.3764328358208955,3.3764328358208955,2.5323246268656714,3.3764328358208955,3.3764328358208955,2.5323246268656714,3.3764328358208955,4.22054104477612,2.5323246268656714,3.3764328358208955,4.22054104477612,4.22054104477612,3.3764328358208955,4.22054104477612,2.5323246268656714,2.5323246268656714,3.3764328358208955,3.3764328358208955,4.22054104477612,3.3764328358208955,2.5323246268656714,2.5323246268656714
116,Dunk,4.5,22,4.0,360,0.03,0.09,0.12,14.3,75.0,DEF,Brighton,1.9394642857142856,1.9394642857142856,1.9394642857142856,1.9394642857142856,1.9394642857142856,1.9394642857142856,1.9394642857142856,1.9394642857142856,1.4545982142857143,1.4545982142857143,1.9394642857142856,2.424330357142857,2.424330357142857,1.9394642857142856,1.9394642857142856,1.9394642857142856,2.424330357142857,1.9394642857142856,1.9394642857142856,1.4545982142857143,1.9394642857142856,1.9394642857142856,1.4545982142857143,1.9394642857142856,2.424330357142857,1.4545982142857143,1.9394642857142856,2.424330357142857,2.424330357142857,1.9394642857142856,2.424330357142857,1.4545982142857143,1.4545982142857143,1.9394642857142856,1.9394642857142856,2.424330357142857,1.9394642857142856,1.4545982142857143,1.4545982142857143
117,Coppola,4.5,0,0.0,0,0.0,0.0,0.0,0.0,100.0,DEF,Brighton,0.0,0.0,0.0,0.0,0.0,0.0,0.0,0.0,0.0,0.0,0.0,0.0,0.0,0.0,0.0,0.0,0.0,0.0,0.0,0.0,0.0,0.0,0.0,0.0,0.0,0.0,0.0,0.0,0.0,0.0,0.0,0.0,0.0,0.0,0.0,0.0,0.0,0.0,0.0
119,Costinha,4.5,4,0.8,68,0.12,0.3,0.42,5.4,100.0,DEF,Brighton,0.5368283154121863,0.5368283154121863,0.5368283154121863,0.5368283154121863,0.5368283154121863,0.5368283154121863,0.5368283154121863,0.5368283154121863,0.40262123655913973,0.40262123655913973,0.5368283154121863,0.671035394265233,0.671035394265233,0.5368283154121863,0.5368283154121863,0.5368283154121863,0.671035394265233,0.5368283154121863,0.5368283154121863,0.40262123655913973,0.5368283154121863,0.5368283154121863,0.40262123655913973,0.5368283154121863,0.671035394265233,0.40262123655913973,0.5368283154121863,0.671035394265233,0.671035394265233,0.5368283154121863,0.671035394265233,0.40262123655913973,0.40262123655913973,0.5368283154121863,0.5368283154121863,0.671035394265233,0.5368283154121863,0.40262123655913973,0.40262123655913973
120,Svoboda,5.0,1,0.2,4,0.0,0.0,0.0,0.2,100.0,DEF,Brighton,0.03222126031379591,0.03222126031379591,0.03222126031379591,0.03222126031379591,0.03222126031379591,0.03222126031379591,0.03222126031379591,0.03222126031379591,0.02416594523534693,0.02416594523534693,0.03222126031379591,0.040276575392244884,0.040276575392244884,0.03222126031379591,0.03222126031379591,0.03222126031379591,0.040276575392244884,0.03222126031379591,0.03222126031379591,0.02416594523534693,0.03222126031379591,0.03222126031379591,0.02416594523534693,0.03222126031379591,0.040276575392244884,0.02416594523534693,0.03222126031379591,0.040276575392244884,0.040276575392244884,0.03222126031379591,0.040276575392244884,0.02416594523534693,0.02416594523534693,0.03222126031379591,0.03222126031379591,0.040276575392244884,0.03222126031379591,0.02416594523534693,0.02416594523534693
121,Mitoma,5.9,0,0.0,0,0.0,0.0,0.0,0.0,0.0,MID,Brighton,0.0,0.0,0.0,0.0,0.0,0.0,0.0,0.0,0.0,0.0,0.0,0.0,0.0,0.0,0.0,0.0,0.0,0.0,0.0,0.0,0.0,0.0,0.0,0.0,0.0,0.0,0.0,0.0,0.0,0.0,0.0,0.0,0.0,0.0,0.0,0.0,0.0,0.0,0.0
122,Minteh,5.8,0,0.0,0,0.0,0.0,0.0,0.0,0.0,MID,Brighton,0.0,0.0,0.0,0.0,0.0,0.0,0.0,0.0,0.0,0.0,0.0,0.0,0.0,0.0,0.0,0.0,0.0,0.0,0.0,0.0,0.0,0.0,0.0,0.0,0.0,0.0,0.0,0.0,0.0,0.0,0.0,0.0,0.0,0.0,0.0,0.0,0.0,0.0,0.0
123,Hinshelwood,5.9,16,0.0,63,1.41,0.02,1.43,14.5,0.0,MID,Brighton,0.0,0.0,0.0,0.0,0.0,0.0,0.0,0.0,0.0,0.0,0.0,0.0,0.0,0.0,0.0,0.0,0.0,0.0,0.0,0.0,0.0,0.0,0.0,0.0,0.0,0.0,0.0,0.0,0.0,0.0,0.0,0.0,0.0,0.0,0.0,0.0,0.0,0.0,0.0
124,Groß,5.8,47,11.2,450,1.77,0.86,2.63,50.8,100.0,MID,Brighton,3.6644999999999994,3.6644999999999994,3.6644999999999994,3.6644999999999994,3.6644999999999994,3.6644999999999994,3.6644999999999994,3.6644999999999994,2.7483749999999993,2.7483749999999993,3.6644999999999994,4.5806249999999995,4.5806249999999995,3.6644999999999994,3.6644999999999994,3.6644999999999994,4.5806249999999995,3.6644999999999994,3.6644999999999994,2.7483749999999993,3.6644999999999994,3.6644999999999994,2.7483749999999993,3.6644999999999994,4.5806249999999995,2.7483749999999993,3.6644999999999994,4.5806249999999995,4.5806249999999995,3.6644999999999994,4.5806249999999995,2.7483749999999993,2.7483749999999993,3.6644999999999994,3.6644999999999994,4.5806249999999995,3.6644999999999994,2.7483749999999993,2.7483749999999993
125,Georginio,5.3,6,0.2,104,0.17,0.45,0.62,5.1,100.0,FWD,Brighton,0.9324489045383411,0.9324489045383411,0.9324489045383411,0.9324489045383411,0.9324489045383411,0.9324489045383411,0.9324489045383411,0.9324489045383411,0.6993366784037558,0.6993366784037558,0.9324489045383411,1.1655611306729263,1.1655611306729263,0.9324489045383411,0.9324489045383411,0.9324489045383411,1.1655611306729263,0.9324489045383411,0.9324489045383411,0.6993366784037558,0.9324489045383411,0.9324489045383411,0.6993366784037558,0.9324489045383411,1.1655611306729263,0.6993366784037558,0.9324489045383411,1.1655611306729263,1.1655611306729263,0.9324489045383411,1.1655611306729263,0.6993366784037558,0.6993366784037558,0.9324489045383411,0.9324489045383411,1.1655611306729263,0.9324489045383411,0.6993366784037558,0.6993366784037558
126,O'Riley,5.4,2,0.5,10,0.28,0.01,0.29,3.8,100.0,MID,Brighton,0.08523538011695907,0.08523538011695907,0.08523538011695907,0.08523538011695907,0.08523538011695907,0.08523538011695907,0.08523538011695907,0.08523538011695907,0.0639265350877193,0.0639265350877193,0.08523538011695907,0.10654422514619884,0.10654422514619884,0.08523538011695907,0.08523538011695907,0.08523538011695907,0.10654422514619884,0.08523538011695907,0.08523538011695907,0.0639265350877193,0.08523538011695907,0.08523538011695907,0.0639265350877193,0.08523538011695907,0.10654422514619884,0.0639265350877193,0.08523538011695907,0.10654422514619884,0.10654422514619884,0.08523538011695907,0.10654422514619884,0.0639265350877193,0.0639265350877193,0.08523538011695907,0.08523538011695907,0.10654422514619884,0.08523538011695907,0.0639265350877193,0.0639265350877193
127,Gomez,5.0,24,4.5,433,0.79,0.78,1.57,31.4,100.0,MID,Brighton,3.0608401305057096,3.0608401305057096,3.0608401305057096,3.0608401305057096,3.0608401305057096,3.0608401305057096,3.0608401305057096,3.0608401305057096,2.295630097879282,2.295630097879282,3.0608401305057096,3.826050163132137,3.826050163132137,3.0608401305057096,3.0608401305057096,3.0608401305057096,3.826050163132137,3.0608401305057096,3.0608401305057096,2.295630097879282,3.0608401305057096,3.0608401305057096,2.295630097879282,3.0608401305057096,3.826050163132137,2.295630097879282,3.0608401305057096,3.826050163132137,3.826050163132137,3.0608401305057096,3.826050163132137,2.295630097879282,2.295630097879282,3.0608401305057096,3.0608401305057096,3.826050163132137,3.0608401305057096,2.295630097879282,2.295630097879282
129,Ayari,5.4,15,3.2,333,0.7,0.18,0.88,16.9,100.0,MID,Brighton,2.8203319887309517,2.8203319887309517,2.8203319887309517,2.8203319887309517,2.8203319887309517,2.8203319887309517,2.8203319887309517,2.8203319887309517,2.1152489915482136,2.1152489915482136,2.8203319887309517,3.52541498591369,3.52541498591369,2.8203319887309517,2.8203319887309517,2.8203319887309517,3.52541498591369,2.8203319887309517,2.8203319887309517,2.1152489915482136,2.8203319887309517,2.8203319887309517,2.1152489915482136,2.8203319887309517,3.52541498591369,2.1152489915482136,2.8203319887309517,3.52541498591369,3.52541498591369,2.8203319887309517,3.52541498591369,2.1152489915482136,2.1152489915482136,2.8203319887309517,2.8203319887309517,3.52541498591369,2.8203319887309517,2.1152489915482136,2.1152489915482136
130,Wieffer,4.9,7,0.0,156,0.12,0.13,0.25,8.3,0.0,DEF,Brighton,0.0,0.0,0.0,0.0,0.0,0.0,0.0,0.0,0.0,0.0,0.0,0.0,0.0,0.0,0.0,0.0,0.0,0.0,0.0,0.0,0.0,0.0,0.0,0.0,0.0,0.0,0.0,0.0,0.0,0.0,0.0,0.0,0.0,0.0,0.0,0.0,0.0,0.0,0.0
134,Oriola,4.5,0,0.0,0,0.0,0.0,0.0,0.0,100.0,MID,Brighton,0.0,0.0,0.0,0.0,0.0,0.0,0.0,0.0,0.0,0.0,0.0,0.0,0.0,0.0,0.0,0.0,0.0,0.0,0.0,0.0,0.0,0.0,0.0,0.0,0.0,0.0,0.0,0.0,0.0,0.0,0.0,0.0,0.0,0.0,0.0,0.0,0.0,0.0,0.0
135,Yohanna,4.9,1,0.0,12,0.0,0.03,0.03,0.2,0.0,MID,Brighton,0.0,0.0,0.0,0.0,0.0,0.0,0.0,0.0,0.0,0.0,0.0,0.0,0.0,0.0,0.0,0.0,0.0,0.0,0.0,0.0,0.0,0.0,0.0,0.0,0.0,0.0,0.0,0.0,0.0,0.0,0.0,0.0,0.0,0.0,0.0,0.0,0.0,0.0,0.0
137,Tzimas,5.4,0,0.0,0,0.0,0.0,0.0,0.0,0.0,FWD,Brighton,0.0,0.0,0.0,0.0,0.0,0.0,0.0,0.0,0.0,0.0,0.0,0.0,0.0,0.0,0.0,0.0,0.0,0.0,0.0,0.0,0.0,0.0,0.0,0.0,0.0,0.0,0.0,0.0,0.0,0.0,0.0,0.0,0.0,0.0,0.0,0.0,0.0,0.0,0.0
138,Kostoulas,5.6,28,6.8,353,1.35,0.06,1.41,26.1,100.0,FWD,Brighton,3.285672415051073,3.285672415051073,3.285672415051073,3.285672415051073,3.285672415051073,3.285672415051073,3.285672415051073,3.285672415051073,2.464254311288305,2.464254311288305,3.285672415051073,4.107090518813841,4.107090518813841,3.285672415051073,3.285672415051073,3.285672415051073,4.107090518813841,3.285672415051073,3.285672415051073,2.464254311288305,3.285672415051073,3.285672415051073,2.464254311288305,3.285672415051073,4.107090518813841,2.464254311288305,3.285672415051073,4.107090518813841,4.107090518813841,3.285672415051073,4.107090518813841,2.464254311288305,2.464254311288305,3.285672415051073,3.285672415051073,4.107090518813841,3.285672415051073,2.464254311288305,2.464254311288305
139,Ferguson,5.0,0,0.0,0,0.0,0.0,0.0,0.0,0.0,FWD,Brighton,0.0,0.0,0.0,0.0,0.0,0.0,0.0,0.0,0.0,0.0,0.0,0.0,0.0,0.0,0.0,0.0,0.0,0.0,0.0,0.0,0.0,0.0,0.0,0.0,0.0,0.0,0.0,0.0,0.0,0.0,0.0,0.0,0.0,0.0,0.0,0.0,0.0,0.0,0.0
328,Struijk,4.9,7,1.8,98,0.16,0.01,0.17,4.0,75.0,DEF,Brighton,0.5827065491895062,0.5827065491895062,0.5827065491895062,0.5827065491895062,0.5827065491895062,0.5827065491895062,0.5827065491895062,0.5827065491895062,0.4370299118921296,0.4370299118921296,0.5827065491895062,0.7283831864868827,0.7283831864868827,0.5827065491895062,0.5827065491895062,0.5827065491895062,0.7283831864868827,0.5827065491895062,0.5827065491895062,0.4370299118921296,0.5827065491895062,0.5827065491895062,0.4370299118921296,0.5827065491895062,0.7283831864868827,0.4370299118921296,0.5827065491895062,0.7283831864868827,0.7283831864868827,0.5827065491895062,0.7283831864868827,0.4370299118921296,0.4370299118921296,0.5827065491895062,0.5827065491895062,0.7283831864868827,0.5827065491895062,0.4370299118921296,0.4370299118921296
504,Vuskovic,5.0,32,6.5,437,0.46,0.07,0.53,21.8,100.0,DEF,Brighton,2.800355424527444,2.800355424527444,2.800355424527444,2.800355424527444,2.800355424527444,2.800355424527444,2.800355424527444,2.800355424527444,2.100266568395583,2.100266568395583,2.800355424527444,3.500444280659305,3.500444280659305,2.800355424527444,2.800355424527444,2.800355424527444,3.500444280659305,2.800355424527444,2.800355424527444,2.100266568395583,2.800355424527444,2.800355424527444,2.100266568395583,2.800355424527444,3.500444280659305,2.100266568395583,2.800355424527444,3.500444280659305,3.500444280659305,2.800355424527444,3.500444280659305,2.100266568395583,2.100266568395583,2.800355424527444,2.800355424527444,3.500444280659305,2.800355424527444,2.100266568395583,2.100266568395583
594,David,5.9,1,0.2,23,0.42,0.0,0.42,0.4,100.0,FWD,Brighton,0.21147001915708813,0.21147001915708813,0.21147001915708813,0.21147001915708813,0.21147001915708813,0.21147001915708813,0.21147001915708813,0.21147001915708813,0.15860251436781608,0.15860251436781608,0.21147001915708813,0.2643375239463602,0.2643375239463602,0.21147001915708813,0.21147001915708813,0.21147001915708813,0.2643375239463602,0.21147001915708813,0.21147001915708813,0.15860251436781608,0.21147001915708813,0.21147001915708813,0.15860251436781608,0.21147001915708813,0.2643375239463602,0.15860251436781608,0.21147001915708813,0.2643375239463602,0.2643375239463602,0.21147001915708813,0.2643375239463602,0.15860251436781608,0.15860251436781608,0.21147001915708813,0.21147001915708813,0.2643375239463602,0.21147001915708813,0.15860251436781608,0.15860251436781608
600,Osman,5.0,3,0.5,40,0.05,0.07,0.12,4.2,100.0,MID,Brighton,0.32182248012035247,0.32182248012035247,0.32182248012035247,0.32182248012035247,0.32182248012035247,0.32182248012035247,0.32182248012035247,0.32182248012035247,0.24136686009026437,0.24136686009026437,0.32182248012035247,0.4022781001504406,0.4022781001504406,0.32182248012035247,0.32182248012035247,0.32182248012035247,0.4022781001504406,0.32182248012035247,0.32182248012035247,0.24136686009026437,0.32182248012035247,0.32182248012035247,0.24136686009026437,0.32182248012035247,0.4022781001504406,0.24136686009026437,0.32182248012035247,0.4022781001504406,0.4022781001504406,0.32182248012035247,0.4022781001504406,0.24136686009026437,0.24136686009026437,0.32182248012035247,0.32182248012035247,0.4022781001504406,0.32182248012035247,0.24136686009026437,0.24136686009026437
605,Yalcouyé,4.5,20,4.8,236,1.46,0.45,1.91,29.1,100.0,MID,Brighton,2.374056623931624,2.374056623931624,2.374056623931624,2.374056623931624,2.374056623931624,2.374056623931624,2.374056623931624,2.374056623931624,1.780542467948718,1.780542467948718,2.374056623931624,2.96757077991453,2.96757077991453,2.374056623931624,2.374056623931624,2.374056623931624,2.96757077991453,2.374056623931624,2.374056623931624,1.780542467948718,2.374056623931624,2.374056623931624,1.780542467948718,2.374056623931624,2.96757077991453,1.780542467948718,2.374056623931624,2.96757077991453,2.96757077991453,2.374056623931624,2.96757077991453,1.780542467948718,1.780542467948718,2.374056623931624,2.374056623931624,2.96757077991453,2.374056623931624,1.780542467948718,1.780542467948718
614,Hadjam,4.5,0,0.0,0,0.0,0.0,0.0,0.0,100.0,DEF,Brighton,0.0,0.0,0.0,0.0,0.0,0.0,0.0,0.0,0.0,0.0,0.0,0.0,0.0,0.0,0.0,0.0,0.0,0.0,0.0,0.0,0.0,0.0,0.0,0.0,0.0,0.0,0.0,0.0,0.0,0.0,0.0,0.0,0.0,0.0,0.0,0.0,0.0,0.0,0.0
639,Andrés,5.5,12,4.0,109,0.52,0.12,0.64,10.9,100.0,MID,Brighton,1.028889177239523,1.028889177239523,1.028889177239523,1.028889177239523,1.028889177239523,1.028889177239523,1.028889177239523,1.028889177239523,0.7716668829296423,0.7716668829296423,1.028889177239523,1.2861114715494038,1.2861114715494038,1.028889177239523,1.028889177239523,1.028889177239523,1.2861114715494038,1.028889177239523,1.028889177239523,0.7716668829296423,1.028889177239523,1.028889177239523,0.7716668829296423,1.028889177239523,1.2861114715494038,0.7716668829296423,1.028889177239523,1.2861114715494038,1.2861114715494038,1.028889177239523,1.2861114715494038,0.7716668829296423,0.7716668829296423,1.028889177239523,1.028889177239523,1.2861114715494038,1.028889177239523,0.7716668829296423,0.7716668829296423
652,Azeez,5.5,0,0.0,0,0.0,0.0,0.0,0.0,0.0,MID,Brighton,0.0,0.0,0.0,0.0,0.0,0.0,0.0,0.0,0.0,0.0,0.0,0.0,0.0,0.0,0.0,0.0,0.0,0.0,0.0,0.0,0.0,0.0,0.0,0.0,0.0,0.0,0.0,0.0,0.0,0.0,0.0,0.0,0.0,0.0,0.0,0.0,0.0,0.0,0.0
658,Ibrahim,4.5,0,0.0,0,0.0,0.0,0.0,0.0,100.0,MID,Brighton,0.0,0.0,0.0,0.0,0.0,0.0,0.0,0.0,0.0,0.0,0.0,0.0,0.0,0.0,0.0,0.0,0.0,0.0,0.0,0.0,0.0,0.0,0.0,0.0,0.0,0.0,0.0,0.0,0.0,0.0,0.0,0.0,0.0,0.0,0.0,0.0,0.0,0.0,0.0
28,Martinez,5.0,9,2.2,360,0.0,0.01,0.01,17.5,100.0,GK,Chelsea,2.73,2.73,2.73,2.73,2.73,2.73,2.73,2.73,2.73,2.0475,2.73,3.4125,2.73,2.73,2.0475,2.0475,2.73,3.4125,3.4125,3.4125,2.73,3.4125,2.73,2.73,2.0475,2.73,3.4125,2.0475,3.4125,2.0475,3.4125,3.4125,2.73,2.0475,2.0475,2.73,2.73,2.73,2.73
40,Rogers,7.7,29,5.8,437,1.72,1.23,2.95,43.9,100.0,MID,Chelsea,4.165426256077796,4.165426256077796,4.165426256077796,4.165426256077796,4.165426256077796,4.165426256077796,4.165426256077796,4.165426256077796,4.165426256077796,3.124069692058347,4.165426256077796,5.206782820097246,4.165426256077796,4.165426256077796,3.124069692058347,3.124069692058347,4.165426256077796,5.206782820097246,5.206782820097246,5.206782820097246,4.165426256077796,5.206782820097246,4.165426256077796,4.165426256077796,3.124069692058347,4.165426256077796,5.206782820097246,3.124069692058347,5.206782820097246,3.124069692058347,5.206782820097246,5.206782820097246,4.165426256077796,3.124069692058347,3.124069692058347,4.165426256077796,4.165426256077796,4.165426256077796,4.165426256077796
101,Henderson,4.9,2,0.4,90,0.0,0.08,0.08,2.7,100.0,MID,Chelsea,0.7103030303030303,0.7103030303030303,0.7103030303030303,0.7103030303030303,0.7103030303030303,0.7103030303030303,0.7103030303030303,0.7103030303030303,0.7103030303030303,0.5327272727272727,0.7103030303030303,0.8878787878787879,0.7103030303030303,0.7103030303030303,0.5327272727272727,0.5327272727272727,0.7103030303030303,0.8878787878787879,0.8878787878787879,0.8878787878787879,0.7103030303030303,0.8878787878787879,0.7103030303030303,0.7103030303030303,0.5327272727272727,0.7103030303030303,0.8878787878787879,0.5327272727272727,0.8878787878787879,0.5327272727272727,0.8878787878787879,0.8878787878787879,0.7103030303030303,0.5327272727272727,0.5327272727272727,0.7103030303030303,0.7103030303030303,0.7103030303030303,0.7103030303030303
136,Welbeck,5.9,4,0.8,85,0.0,0.14,0.14,6.1,100.0,FWD,Chelsea,0.7642324862454639,0.7642324862454639,0.7642324862454639,0.7642324862454639,0.7642324862454639,0.7642324862454639,0.7642324862454639,0.7642324862454639,0.7642324862454639,0.5731743646840979,0.7642324862454639,0.95529060780683,0.7642324862454639,0.7642324862454639,0.5731743646840979,0.5731743646840979,0.7642324862454639,0.95529060780683,0.95529060780683,0.95529060780683,0.7642324862454639,0.95529060780683,0.7642324862454639,0.7642324862454639,0.5731743646840979,0.7642324862454639,0.95529060780683,0.5731743646840979,0.95529060780683,0.5731743646840979,0.95529060780683,0.95529060780683,0.7642324862454639,0.5731743646840979,0.5731743646840979,0.7642324862454639,0.7642324862454639,0.7642324862454639,0.7642324862454639
142,James,5.4,3,0.6,292,0.33,0.26,0.59,14.8,75.0,DEF,Chelsea,1.8281375513072082,1.8281375513072082,1.8281375513072082,1.8281375513072082,1.8281375513072082,1.8281375513072082,1.8281375513072082,1.8281375513072082,1.8281375513072082,1.3711031634804063,1.8281375513072082,2.28517193913401,1.8281375513072082,1.8281375513072082,1.3711031634804063,1.3711031634804063,1.8281375513072082,2.28517193913401,2.28517193913401,2.28517193913401,1.8281375513072082,2.28517193913401,1.8281375513072082,1.8281375513072082,1.3711031634804063,1.8281375513072082,2.28517193913401,1.3711031634804063,2.28517193913401,1.3711031634804063,2.28517193913401,2.28517193913401,1.8281375513072082,1.3711031634804063,1.3711031634804063,1.8281375513072082,1.8281375513072082,1.8281375513072082,1.8281375513072082
144,Gusto,4.9,4,0.8,272,0.08,0.12,0.2,8.2,100.0,DEF,Chelsea,2.0952797661595874,2.0952797661595874,2.0952797661595874,2.0952797661595874,2.0952797661595874,2.0952797661595874,2.0952797661595874,2.0952797661595874,2.0952797661595874,1.5714598246196907,2.0952797661595874,2.619099707699484,2.0952797661595874,2.0952797661595874,1.5714598246196907,1.5714598246196907,2.0952797661595874,2.619099707699484,2.619099707699484,2.619099707699484,2.0952797661595874,2.619099707699484,2.0952797661595874,2.0952797661595874,1.5714598246196907,2.0952797661595874,2.619099707699484,1.5714598246196907,2.619099707699484,1.5714598246196907,2.619099707699484,2.619099707699484,2.0952797661595874,1.5714598246196907,1.5714598246196907,2.0952797661595874,2.0952797661595874,2.0952797661595874,2.0952797661595874
145,Fofana,5.0,8,1.6,312,0.0,0.08,0.08,13.4,100.0,DEF,Chelsea,2.3957965064799165,2.3957965064799165,2.3957965064799165,2.3957965064799165,2.3957965064799165,2.3957965064799165,2.3957965064799165,2.3957965064799165,2.3957965064799165,1.7968473798599374,2.3957965064799165,2.9947456330998956,2.3957965064799165,2.3957965064799165,1.7968473798599374,1.7968473798599374,2.3957965064799165,2.9947456330998956,2.9947456330998956,2.9947456330998956,2.3957965064799165,2.9947456330998956,2.3957965064799165,2.3957965064799165,1.7968473798599374,2.3957965064799165,2.9947456330998956,1.7968473798599374,2.9947456330998956,1.7968473798599374,2.9947456330998956,2.9947456330998956,2.3957965064799165,1.7968473798599374,1.7968473798599374,2.3957965064799165,2.3957965064799165,2.3957965064799165,2.3957965064799165
148,Hato,4.5,8,1.6,258,0.01,0.21,0.22,14.0,100.0,DEF,Chelsea,1.8913089703551234,1.8913089703551234,1.8913089703551234,1.8913089703551234,1.8913089703551234,1.8913089703551234,1.8913089703551234,1.8913089703551234,1.8913089703551234,1.4184817277663426,1.8913089703551234,2.364136212943904,1.8913089703551234,1.8913089703551234,1.4184817277663426,1.4184817277663426,1.8913089703551234,2.364136212943904,2.364136212943904,2.364136212943904,1.8913089703551234,2.364136212943904,1.8913089703551234,1.8913089703551234,1.4184817277663426,1.8913089703551234,2.364136212943904,1.4184817277663426,2.364136212943904,1.4184817277663426,2.364136212943904,2.364136212943904,1.8913089703551234,1.4184817277663426,1.4184817277663426,1.8913089703551234,1.8913089703551234,1.8913089703551234,1.8913089703551234
149,Colwill,4.8,3,0.6,341,0.01,0.05,0.06,9.2,100.0,DEF,Chelsea,2.5402442355701074,2.5402442355701074,2.5402442355701074,2.5402442355701074,2.5402442355701074,2.5402442355701074,2.5402442355701074,2.5402442355701074,2.5402442355701074,1.9051831766775806,2.5402442355701074,3.175305294462634,2.5402442355701074,2.5402442355701074,1.9051831766775806,1.9051831766775806,2.5402442355701074,3.175305294462634,3.175305294462634,3.175305294462634,2.5402442355701074,3.175305294462634,2.5402442355701074,2.5402442355701074,1.9051831766775806,2.5402442355701074,3.175305294462634,1.9051831766775806,3.175305294462634,1.9051831766775806,3.175305294462634,3.175305294462634,2.5402442355701074,1.9051831766775806,1.9051831766775806,2.5402442355701074,2.5402442355701074,2.5402442355701074,2.5402442355701074
151,Acheampong,4.5,5,1.0,221,0.0,0.03,0.03,5.4,100.0,DEF,Chelsea,1.6132548133334028,1.6132548133334028,1.6132548133334028,1.6132548133334028,1.6132548133334028,1.6132548133334028,1.6132548133334028,1.6132548133334028,1.6132548133334028,1.2099411100000521,1.6132548133334028,2.0165685166667533,1.6132548133334028,1.6132548133334028,1.2099411100000521,1.2099411100000521,1.6132548133334028,2.0165685166667533,2.0165685166667533,2.0165685166667533,1.6132548133334028,2.0165685166667533,1.6132548133334028,1.6132548133334028,1.2099411100000521,1.6132548133334028,2.0165685166667533,1.2099411100000521,2.0165685166667533,1.2099411100000521,2.0165685166667533,2.0165685166667533,1.6132548133334028,1.2099411100000521,1.2099411100000521,1.6132548133334028,1.6132548133334028,1.6132548133334028,1.6132548133334028
152,Palestra,5.3,0,0.0,0,0.0,0.0,0.0,0.0,50.0,DEF,Chelsea,0.0,0.0,0.0,0.0,0.0,0.0,0.0,0.0,0.0,0.0,0.0,0.0,0.0,0.0,0.0,0.0,0.0,0.0,0.0,0.0,0.0,0.0,0.0,0.0,0.0,0.0,0.0,0.0,0.0,0.0,0.0,0.0,0.0,0.0,0.0,0.0,0.0,0.0,0.0
154,Palmer,9.7,28,5.6,442,1.31,0.79,2.1,44.1,75.0,MID,Chelsea,3.392424172540863,3.392424172540863,3.392424172540863,3.392424172540863,3.392424172540863,3.392424172540863,3.392424172540863,3.392424172540863,3.392424172540863,2.544318129405647,3.392424172540863,4.2405302156760785,3.392424172540863,3.392424172540863,2.544318129405647,2.544318129405647,3.392424172540863,4.2405302156760785,4.2405302156760785,4.2405302156760785,3.392424172540863,4.2405302156760785,3.392424172540863,3.392424172540863,2.544318129405647,3.392424172540863,4.2405302156760785,2.544318129405647,4.2405302156760785,2.544318129405647,4.2405302156760785,4.2405302156760785,3.392424172540863,2.544318129405647,2.544318129405647,3.392424172540863,3.392424172540863,3.392424172540863,3.392424172540863
156,Neto,6.5,14,2.8,332,0.68,0.58,1.26,28.2,100.0,MID,Chelsea,3.195741877480159,3.195741877480159,3.195741877480159,3.195741877480159,3.195741877480159,3.195741877480159,3.195741877480159,3.195741877480159,3.195741877480159,2.3968064081101192,3.195741877480159,3.994677346850199,3.195741877480159,3.195741877480159,2.3968064081101192,2.3968064081101192,3.195741877480159,3.994677346850199,3.994677346850199,3.994677346850199,3.195741877480159,3.994677346850199,3.195741877480159,3.195741877480159,2.3968064081101192,3.195741877480159,3.994677346850199,2.3968064081101192,3.994677346850199,2.3968064081101192,3.994677346850199,3.994677346850199,3.195741877480159,2.3968064081101192,2.3968064081101192,3.195741877480159,3.195741877480159,3.195741877480159,3.195741877480159
157,Estêvão,6.3,4,0.8,23,0.07,0.07,0.14,5.0,100.0,MID,Chelsea,0.21833856180110425,0.21833856180110425,0.21833856180110425,0.21833856180110425,0.21833856180110425,0.21833856180110425,0.21833856180110425,0.21833856180110425,0.21833856180110425,0.1637539213508282,0.21833856180110425,0.27292320225138034,0.21833856180110425,0.21833856180110425,0.1637539213508282,0.1637539213508282,0.21833856180110425,0.27292320225138034,0.27292320225138034,0.27292320225138034,0.21833856180110425,0.27292320225138034,0.21833856180110425,0.21833856180110425,0.1637539213508282,0.21833856180110425,0.27292320225138034,0.1637539213508282,0.27292320225138034,0.1637539213508282,0.27292320225138034,0.27292320225138034,0.21833856180110425,0.1637539213508282,0.1637539213508282,0.21833856180110425,0.21833856180110425,0.21833856180110425,0.21833856180110425
158,Gittens,5.8,0,0.0,0,0.0,0.0,0.0,0.0,100.0,MID,Chelsea,0.0,0.0,0.0,0.0,0.0,0.0,0.0,0.0,0.0,0.0,0.0,0.0,0.0,0.0,0.0,0.0,0.0,0.0,0.0,0.0,0.0,0.0,0.0,0.0,0.0,0.0,0.0,0.0,0.0,0.0,0.0,0.0,0.0,0.0,0.0,0.0,0.0,0.0,0.0
159,Caicedo,5.3,1,0.2,13,0.0,0.0,0.0,0.0,50.0,MID,Chelsea,0.05451011456723423,0.05451011456723423,0.05451011456723423,0.05451011456723423,0.05451011456723423,0.05451011456723423,0.05451011456723423,0.05451011456723423,0.05451011456723423,0.04088258592542567,0.05451011456723423,0.06813764320904278,0.05451011456723423,0.05451011456723423,0.04088258592542567,0.04088258592542567,0.05451011456723423,0.06813764320904278,0.06813764320904278,0.06813764320904278,0.05451011456723423,0.06813764320904278,0.05451011456723423,0.05451011456723423,0.04088258592542567,0.05451011456723423,0.06813764320904278,0.04088258592542567,0.06813764320904278,0.04088258592542567,0.06813764320904278,0.06813764320904278,0.05451011456723423,0.04088258592542567,0.04088258592542567,0.05451011456723423,0.05451011456723423,0.05451011456723423,0.05451011456723423
161,Lavia,5.0,11,2.2,258,0.75,0.11,0.86,16.1,100.0,MID,Chelsea,2.194300799086758,2.194300799086758,2.194300799086758,2.194300799086758,2.194300799086758,2.194300799086758,2.194300799086758,2.194300799086758,2.194300799086758,1.6457255993150683,2.194300799086758,2.7428759988584472,2.194300799086758,2.194300799086758,1.6457255993150683,1.6457255993150683,2.194300799086758,2.7428759988584472,2.7428759988584472,2.7428759988584472,2.194300799086758,2.7428759988584472,2.194300799086758,2.194300799086758,1.6457255993150683,2.194300799086758,2.7428759988584472,1.6457255993150683,2.7428759988584472,1.6457255993150683,2.7428759988584472,2.7428759988584472,2.194300799086758,1.6457255993150683,1.6457255993150683,2.194300799086758,2.194300799086758,2.194300799086758,2.194300799086758
164,Quenda,5.3,2,0.4,27,0.03,0.01,0.04,1.2,100.0,MID,Chelsea,0.22625638455044322,0.22625638455044322,0.22625638455044322,0.22625638455044322,0.22625638455044322,0.22625638455044322,0.22625638455044322,0.22625638455044322,0.22625638455044322,0.1696922884128324,0.22625638455044322,0.28282048068805404,0.22625638455044322,0.22625638455044322,0.1696922884128324,0.1696922884128324,0.22625638455044322,0.28282048068805404,0.28282048068805404,0.28282048068805404,0.22625638455044322,0.28282048068805404,0.22625638455044322,0.22625638455044322,0.1696922884128324,0.22625638455044322,0.28282048068805404,0.1696922884128324,0.28282048068805404,0.1696922884128324,0.28282048068805404,0.28282048068805404,0.22625638455044322,0.1696922884128324,0.1696922884128324,0.22625638455044322,0.22625638455044322,0.22625638455044322,0.22625638455044322
165,João Pedro,7.7,33,6.6,360,2.17,0.19,2.36,37.0,75.0,FWD,Chelsea,3.1963125000000003,3.1963125000000003,3.1963125000000003,3.1963125000000003,3.1963125000000003,3.1963125000000003,3.1963125000000003,3.1963125000000003,3.1963125000000003,2.397234375,3.1963125000000003,3.9953906250000006,3.1963125000000003,3.1963125000000003,2.397234375,2.397234375,3.1963125000000003,3.9953906250000006,3.9953906250000006,3.9953906250000006,3.1963125000000003,3.9953906250000006,3.1963125000000003,3.1963125000000003,2.397234375,3.1963125000000003,3.9953906250000006,2.397234375,3.9953906250000006,2.397234375,3.9953906250000006,3.9953906250000006,3.1963125000000003,2.397234375,2.397234375,3.1963125000000003,3.1963125000000003,3.1963125000000003,3.1963125000000003
169,Mheuka,4.5,0,0.0,0,0.0,0.0,0.0,0.0,100.0,FWD,Chelsea,0.0,0.0,0.0,0.0,0.0,0.0,0.0,0.0,0.0,0.0,0.0,0.0,0.0,0.0,0.0,0.0,0.0,0.0,0.0,0.0,0.0,0.0,0.0,0.0,0.0,0.0,0.0,0.0,0.0,0.0,0.0,0.0,0.0,0.0,0.0,0.0,0.0,0.0,0.0
170,Emegha,5.0,0,0.0,0,0.0,0.0,0.0,0.0,0.0,FWD,Chelsea,0.0,0.0,0.0,0.0,0.0,0.0,0.0,0.0,0.0,0.0,0.0,0.0,0.0,0.0,0.0,0.0,0.0,0.0,0.0,0.0,0.0,0.0,0.0,0.0,0.0,0.0,0.0,0.0,0.0,0.0,0.0,0.0,0.0,0.0,0.0,0.0,0.0,0.0,0.0
200,Lacroix,5.9,13,2.6,364,0.15,0.22,0.37,14.4,100.0,DEF,Chelsea,3.0808151642777366,3.0808151642777366,3.0808151642777366,3.0808151642777366,3.0808151642777366,3.0808151642777366,3.0808151642777366,3.0808151642777366,3.0808151642777366,2.3106113732083022,3.0808151642777366,3.851018955347171,3.0808151642777366,3.0808151642777366,2.3106113732083022,2.3106113732083022,3.0808151642777366,3.851018955347171,3.851018955347171,3.851018955347171,3.0808151642777366,3.851018955347171,3.0808151642777366,3.0808151642777366,2.3106113732083022,3.0808151642777366,3.851018955347171,2.3106113732083022,3.851018955347171,2.3106113732083022,3.851018955347171,3.851018955347171,3.0808151642777366,2.3106113732083022,2.3106113732083022,3.0808151642777366,3.0808151642777366,3.0808151642777366,3.0808151642777366
560,Penders,4.4,0,0.0,0,0.0,0.0,0.0,0.0,100.0,GK,Chelsea,0.0,0.0,0.0,0.0,0.0,0.0,0.0,0.0,0.0,0.0,0.0,0.0,0.0,0.0,0.0,0.0,0.0,0.0,0.0,0.0,0.0,0.0,0.0,0.0,0.0,0.0,0.0,0.0,0.0,0.0,0.0,0.0,0.0,0.0,0.0,0.0,0.0,0.0,0.0
561,Anselmino,4.5,0,0.0,0,0.0,0.0,0.0,0.0,100.0,DEF,Chelsea,0.0,0.0,0.0,0.0,0.0,0.0,0.0,0.0,0.0,0.0,0.0,0.0,0.0,0.0,0.0,0.0,0.0,0.0,0.0,0.0,0.0,0.0,0.0,0.0,0.0,0.0,0.0,0.0,0.0,0.0,0.0,0.0,0.0,0.0,0.0,0.0,0.0,0.0,0.0
568,Barco,5.4,3,0.6,115,0.07,0.11,0.18,3.0,100.0,MID,Chelsea,0.9696663164583972,0.9696663164583972,0.9696663164583972,0.9696663164583972,0.9696663164583972,0.9696663164583972,0.9696663164583972,0.9696663164583972,0.9696663164583972,0.7272497373437978,0.9696663164583972,1.2120828955729965,0.9696663164583972,0.9696663164583972,0.7272497373437978,0.7272497373437978,0.9696663164583972,1.2120828955729965,1.2120828955729965,1.2120828955729965,0.9696663164583972,1.2120828955729965,0.9696663164583972,0.9696663164583972,0.7272497373437978,0.9696663164583972,1.2120828955729965,0.7272497373437978,1.2120828955729965,0.7272497373437978,1.2120828955729965,1.2120828955729965,0.9696663164583972,0.7272497373437978,0.7272497373437978,0.9696663164583972,0.9696663164583972,0.9696663164583972,0.9696663164583972
583,Chavarria,4.9,5,1.0,208,0.04,0.07,0.11,7.5,100.0,DEF,Chelsea,1.6122513760177983,1.6122513760177983,1.6122513760177983,1.6122513760177983,1.6122513760177983,1.6122513760177983,1.6122513760177983,1.6122513760177983,1.6122513760177983,1.2091885320133486,1.6122513760177983,2.015314220022248,1.6122513760177983,1.6122513760177983,1.2091885320133486,1.2091885320133486,1.6122513760177983,2.015314220022248,2.015314220022248,2.015314220022248,1.6122513760177983,2.015314220022248,1.6122513760177983,1.6122513760177983,1.2091885320133486,1.6122513760177983,2.015314220022248,1.2091885320133486,2.015314220022248,1.2091885320133486,2.015314220022248,2.015314220022248,1.6122513760177983,1.2091885320133486,1.2091885320133486,1.6122513760177983,1.6122513760177983,1.6122513760177983,1.6122513760177983
662,Nicoll-Jazuli,4.5,1,1.0,3,0.0,0.0,0.0,0.6,100.0,MID,Chelsea,0.022499682297623586,0.022499682297623586,0.022499682297623586,0.022499682297623586,0.022499682297623586,0.022499682297623586,0.022499682297623586,0.022499682297623586,0.022499682297623586,0.01687476172321769,0.022499682297623586,0.028124602872029482,0.022499682297623586,0.022499682297623586,0.01687476172321769,0.01687476172321769,0.022499682297623586,0.028124602872029482,0.028124602872029482,0.028124602872029482,0.022499682297623586,0.028124602872029482,0.022499682297623586,0.022499682297623586,0.01687476172321769,0.022499682297623586,0.028124602872029482,0.01687476172321769,0.028124602872029482,0.01687476172321769,0.028124602872029482,0.028124602872029482,0.022499682297623586,0.01687476172321769,0.01687476172321769,0.022499682297623586,0.022499682297623586,0.022499682297623586,0.022499682297623586
91,Pinnock,4.5,14,3.5,282,0.12,0.0,0.12,10.3,100.0,DEF,Coventry City,2.054807941635353,2.054807941635353,2.054807941635353,2.054807941635353,2.054807941635353,2.054807941635353,2.5685099270441913,2.054807941635353,2.5685099270441913,2.5685099270441913,2.054807941635353,2.054807941635353,2.054807941635353,2.5685099270441913,1.5411059562265148,2.054807941635353,2.054807941635353,1.5411059562265148,2.054807941635353,1.5411059562265148,2.5685099270441913,2.054807941635353,2.054807941635353,2.5685099270441913,2.054807941635353,1.5411059562265148,2.054807941635353,2.054807941635353,1.5411059562265148,1.5411059562265148,2.054807941635353,1.5411059562265148,2.5685099270441913,1.5411059562265148,1.5411059562265148,2.054807941635353,2.054807941635353,2.054807941635353,2.054807941635353
104,Onyeka,4.9,9,1.8,314,0.03,0.02,0.05,4.5,100.0,MID,Coventry City,2.3792486434319655,2.3792486434319655,2.3792486434319655,2.3792486434319655,2.3792486434319655,2.3792486434319655,2.974060804289957,2.3792486434319655,2.974060804289957,2.974060804289957,2.3792486434319655,2.3792486434319655,2.3792486434319655,2.974060804289957,1.784436482573974,2.3792486434319655,2.3792486434319655,1.784436482573974,2.3792486434319655,1.784436482573974,2.974060804289957,2.3792486434319655,2.3792486434319655,2.974060804289957,2.3792486434319655,1.784436482573974,2.3792486434319655,2.3792486434319655,1.784436482573974,1.784436482573974,2.3792486434319655,1.784436482573974,2.974060804289957,1.784436482573974,1.784436482573974,2.3792486434319655,2.3792486434319655,2.3792486434319655,2.3792486434319655
110,Rushworth,4.5,16,3.8,450,0.0,0.02,0.02,10.1,100.0,GK,Coventry City,2.5361904761904763,2.5361904761904763,2.5361904761904763,2.5361904761904763,2.5361904761904763,2.5361904761904763,3.1702380952380955,2.5361904761904763,3.1702380952380955,3.1702380952380955,2.5361904761904763,2.5361904761904763,2.5361904761904763,3.1702380952380955,1.9021428571428571,2.5361904761904763,2.5361904761904763,1.9021428571428571,2.5361904761904763,1.9021428571428571,3.1702380952380955,2.5361904761904763,2.5361904761904763,3.1702380952380955,2.5361904761904763,1.9021428571428571,2.5361904761904763,2.5361904761904763,1.9021428571428571,1.9021428571428571,2.5361904761904763,1.9021428571428571,3.1702380952380955,1.9021428571428571,1.9021428571428571,2.5361904761904763,2.5361904761904763,2.5361904761904763,2.5361904761904763
172,Wilson,4.4,0,0.0,0,0.0,0.0,0.0,0.0,100.0,GK,Coventry City,0.0,0.0,0.0,0.0,0.0,0.0,0.0,0.0,0.0,0.0,0.0,0.0,0.0,0.0,0.0,0.0,0.0,0.0,0.0,0.0,0.0,0.0,0.0,0.0,0.0,0.0,0.0,0.0,0.0,0.0,0.0,0.0,0.0,0.0,0.0,0.0,0.0,0.0,0.0
173,Thomas,4.0,24,5.2,437,0.49,0.3,0.79,18.4,100.0,DEF,Coventry City,2.5691491085899516,2.5691491085899516,2.5691491085899516,2.5691491085899516,2.5691491085899516,2.5691491085899516,3.2114363857374393,2.5691491085899516,3.2114363857374393,3.2114363857374393,2.5691491085899516,2.5691491085899516,2.5691491085899516,3.2114363857374393,1.9268618314424637,2.5691491085899516,2.5691491085899516,1.9268618314424637,2.5691491085899516,1.9268618314424637,3.2114363857374393,2.5691491085899516,2.5691491085899516,3.2114363857374393,2.5691491085899516,1.9268618314424637,2.5691491085899516,2.5691491085899516,1.9268618314424637,1.9268618314424637,2.5691491085899516,1.9268618314424637,3.2114363857374393,1.9268618314424637,1.9268618314424637,2.5691491085899516,2.5691491085899516,2.5691491085899516,2.5691491085899516
175,van Ewijk,4.0,6,1.2,360,0.0,0.3,0.3,12.8,75.0,DEF,Coventry City,1.8357142857142859,1.8357142857142859,1.8357142857142859,1.8357142857142859,1.8357142857142859,1.8357142857142859,2.294642857142857,1.8357142857142859,2.294642857142857,2.294642857142857,1.8357142857142859,1.8357142857142859,1.8357142857142859,2.294642857142857,1.3767857142857145,1.8357142857142859,1.8357142857142859,1.3767857142857145,1.8357142857142859,1.3767857142857145,2.294642857142857,1.8357142857142859,1.8357142857142859,2.294642857142857,1.8357142857142859,1.3767857142857145,1.8357142857142859,1.8357142857142859,1.3767857142857145,1.3767857142857145,1.8357142857142859,1.3767857142857145,2.294642857142857,1.3767857142857145,1.3767857142857145,1.8357142857142859,1.8357142857142859,1.8357142857142859,1.8357142857142859
176,Dasilva,4.0,20,4.8,444,0.5,0.52,1.02,21.5,100.0,DEF,Coventry City,2.635625,2.635625,2.635625,2.635625,2.635625,2.635625,3.2945312500000004,2.635625,3.2945312500000004,3.2945312500000004,2.635625,2.635625,2.635625,3.2945312500000004,1.97671875,2.635625,2.635625,1.97671875,2.635625,1.97671875,3.2945312500000004,2.635625,2.635625,3.2945312500000004,2.635625,1.97671875,2.635625,2.635625,1.97671875,1.97671875,2.635625,1.97671875,3.2945312500000004,1.97671875,1.97671875,2.635625,2.635625,2.635625,2.635625
177,Kesler-Hayden,3.9,0,0.0,0,0.0,0.0,0.0,0.0,0.0,DEF,Coventry City,0.0,0.0,0.0,0.0,0.0,0.0,0.0,0.0,0.0,0.0,0.0,0.0,0.0,0.0,0.0,0.0,0.0,0.0,0.0,0.0,0.0,0.0,0.0,0.0,0.0,0.0,0.0,0.0,0.0,0.0,0.0,0.0,0.0,0.0,0.0,0.0,0.0,0.0,0.0
178,Bidwell,4.0,0,0.0,0,0.0,0.0,0.0,0.0,100.0,DEF,Coventry City,0.0,0.0,0.0,0.0,0.0,0.0,0.0,0.0,0.0,0.0,0.0,0.0,0.0,0.0,0.0,0.0,0.0,0.0,0.0,0.0,0.0,0.0,0.0,0.0,0.0,0.0,0.0,0.0,0.0,0.0,0.0,0.0,0.0,0.0,0.0,0.0,0.0,0.0,0.0
179,Latibeaudiere,4.0,1,0.2,1,0.0,0.0,0.0,0.7,100.0,DEF,Coventry City,0.00694443592788587,0.00694443592788587,0.00694443592788587,0.00694443592788587,0.00694443592788587,0.00694443592788587,0.008680544909857337,0.00694443592788587,0.008680544909857337,0.008680544909857337,0.00694443592788587,0.00694443592788587,0.00694443592788587,0.008680544909857337,0.0052083269459144025,0.00694443592788587,0.00694443592788587,0.0052083269459144025,0.00694443592788587,0.0052083269459144025,0.008680544909857337,0.00694443592788587,0.00694443592788587,0.008680544909857337,0.00694443592788587,0.0052083269459144025,0.00694443592788587,0.00694443592788587,0.0052083269459144025,0.0052083269459144025,0.00694443592788587,0.0052083269459144025,0.008680544909857337,0.0052083269459144025,0.0052083269459144025,0.00694443592788587,0.00694443592788587,0.00694443592788587,0.00694443592788587
180,Woolfenden,4.0,0,0.0,0,0.0,0.0,0.0,0.0,0.0,DEF,Coventry City,0.0,0.0,0.0,0.0,0.0,0.0,0.0,0.0,0.0,0.0,0.0,0.0,0.0,0.0,0.0,0.0,0.0,0.0,0.0,0.0,0.0,0.0,0.0,0.0,0.0,0.0,0.0,0.0,0.0,0.0,0.0,0.0,0.0,0.0,0.0,0.0,0.0,0.0,0.0
182,Amenda,4.0,4,0.8,360,0.02,0.39,0.41,9.4,0.0,DEF,Coventry City,0.0,0.0,0.0,0.0,0.0,0.0,0.0,0.0,0.0,0.0,0.0,0.0,0.0,0.0,0.0,0.0,0.0,0.0,0.0,0.0,0.0,0.0,0.0,0.0,0.0,0.0,0.0,0.0,0.0,0.0,0.0,0.0,0.0,0.0,0.0,0.0,0.0,0.0,0.0
183,Rudoni,4.9,13,3.0,297,0.92,1.11,2.03,27.2,100.0,MID,Coventry City,2.8642132075471696,2.8642132075471696,2.8642132075471696,2.8642132075471696,2.8642132075471696,2.8642132075471696,3.580266509433962,2.8642132075471696,3.580266509433962,3.580266509433962,2.8642132075471696,2.8642132075471696,2.8642132075471696,3.580266509433962,2.148159905660377,2.8642132075471696,2.8642132075471696,2.148159905660377,2.8642132075471696,2.148159905660377,3.580266509433962,2.8642132075471696,2.8642132075471696,3.580266509433962,2.8642132075471696,2.148159905660377,2.8642132075471696,2.8642132075471696,2.148159905660377,2.148159905660377,2.8642132075471696,2.148159905660377,3.580266509433962,2.148159905660377,2.148159905660377,2.8642132075471696,2.8642132075471696,2.8642132075471696,2.8642132075471696
184,Grimes,4.9,11,2.2,443,0.12,0.13,0.25,11.8,100.0,MID,Coventry City,2.7025997712411662,2.7025997712411662,2.7025997712411662,2.7025997712411662,2.7025997712411662,2.7025997712411662,3.378249714051458,2.7025997712411662,3.378249714051458,3.378249714051458,2.7025997712411662,2.7025997712411662,2.7025997712411662,3.378249714051458,2.0269498284308747,2.7025997712411662,2.7025997712411662,2.0269498284308747,2.7025997712411662,2.0269498284308747,3.378249714051458,2.7025997712411662,2.7025997712411662,3.378249714051458,2.7025997712411662,2.0269498284308747,2.7025997712411662,2.7025997712411662,2.0269498284308747,2.0269498284308747,2.7025997712411662,2.0269498284308747,3.378249714051458,2.0269498284308747,2.0269498284308747,2.7025997712411662,2.7025997712411662,2.7025997712411662,2.7025997712411662
185,Sakamoto,4.8,1,0.2,31,0.02,0.02,0.04,1.9,100.0,MID,Coventry City,0.2425510889896825,0.2425510889896825,0.2425510889896825,0.2425510889896825,0.2425510889896825,0.2425510889896825,0.30318886123710315,0.2425510889896825,0.30318886123710315,0.30318886123710315,0.2425510889896825,0.2425510889896825,0.2425510889896825,0.30318886123710315,0.18191331674226188,0.2425510889896825,0.2425510889896825,0.18191331674226188,0.2425510889896825,0.18191331674226188,0.30318886123710315,0.2425510889896825,0.2425510889896825,0.30318886123710315,0.2425510889896825,0.18191331674226188,0.2425510889896825,0.2425510889896825,0.18191331674226188,0.18191331674226188,0.2425510889896825,0.18191331674226188,0.30318886123710315,0.18191331674226188,0.18191331674226188,0.2425510889896825,0.2425510889896825,0.2425510889896825,0.2425510889896825
186,Mason-Clark,5.3,5,1.2,231,0.51,0.12,0.63,11.7,100.0,MID,Coventry City,1.9414725669099757,1.9414725669099757,1.9414725669099757,1.9414725669099757,1.9414725669099757,1.9414725669099757,2.4268407086374695,1.9414725669099757,2.4268407086374695,2.4268407086374695,1.9414725669099757,1.9414725669099757,1.9414725669099757,2.4268407086374695,1.4561044251824817,1.9414725669099757,1.9414725669099757,1.4561044251824817,1.9414725669099757,1.4561044251824817,2.4268407086374695,1.9414725669099757,1.9414725669099757,2.4268407086374695,1.9414725669099757,1.4561044251824817,1.9414725669099757,1.9414725669099757,1.4561044251824817,1.4561044251824817,1.9414725669099757,1.4561044251824817,2.4268407086374695,1.4561044251824817,1.4561044251824817,1.9414725669099757,1.9414725669099757,1.9414725669099757,1.9414725669099757
187,Eccles,4.8,0,0.0,0,0.0,0.0,0.0,0.0,0.0,MID,Coventry City,0.0,0.0,0.0,0.0,0.0,0.0,0.0,0.0,0.0,0.0,0.0,0.0,0.0,0.0,0.0,0.0,0.0,0.0,0.0,0.0,0.0,0.0,0.0,0.0,0.0,0.0,0.0,0.0,0.0,0.0,0.0,0.0,0.0,0.0,0.0,0.0,0.0,0.0,0.0
188,Torp,5.3,3,0.5,53,0.0,0.12,0.12,2.7,100.0,MID,Coventry City,0.44338191770485097,0.44338191770485097,0.44338191770485097,0.44338191770485097,0.44338191770485097,0.44338191770485097,0.5542273971310637,0.44338191770485097,0.5542273971310637,0.5542273971310637,0.44338191770485097,0.44338191770485097,0.44338191770485097,0.5542273971310637,0.3325364382786382,0.44338191770485097,0.44338191770485097,0.3325364382786382,0.44338191770485097,0.3325364382786382,0.5542273971310637,0.44338191770485097,0.44338191770485097,0.5542273971310637,0.44338191770485097,0.3325364382786382,0.44338191770485097,0.44338191770485097,0.3325364382786382,0.3325364382786382,0.44338191770485097,0.3325364382786382,0.5542273971310637,0.3325364382786382,0.3325364382786382,0.44338191770485097,0.44338191770485097,0.44338191770485097,0.44338191770485097
189,Shepherd,4.4,0,0.0,0,0.0,0.0,0.0,0.0,100.0,MID,Coventry City,0.0,0.0,0.0,0.0,0.0,0.0,0.0,0.0,0.0,0.0,0.0,0.0,0.0,0.0,0.0,0.0,0.0,0.0,0.0,0.0,0.0,0.0,0.0,0.0,0.0,0.0,0.0,0.0,0.0,0.0,0.0,0.0,0.0,0.0,0.0,0.0,0.0,0.0,0.0
190,Tchaouna,5.4,5,0.8,211,0.23,0.18,0.41,12.3,100.0,MID,Coventry City,1.7701810753325973,1.7701810753325973,1.7701810753325973,1.7701810753325973,1.7701810753325973,1.7701810753325973,2.2127263441657465,1.7701810753325973,2.2127263441657465,2.2127263441657465,1.7701810753325973,1.7701810753325973,1.7701810753325973,2.2127263441657465,1.327635806499448,1.7701810753325973,1.7701810753325973,1.327635806499448,1.7701810753325973,1.327635806499448,2.2127263441657465,1.7701810753325973,1.7701810753325973,2.2127263441657465,1.7701810753325973,1.327635806499448,1.7701810753325973,1.7701810753325973,1.327635806499448,1.327635806499448,1.7701810753325973,1.327635806499448,2.2127263441657465,1.327635806499448,1.327635806499448,1.7701810753325973,1.7701810753325973,1.7701810753325973,1.7701810753325973
193,Wright,5.4,0,0.0,0,0.0,0.0,0.0,0.0,0.0,FWD,Coventry City,0.0,0.0,0.0,0.0,0.0,0.0,0.0,0.0,0.0,0.0,0.0,0.0,0.0,0.0,0.0,0.0,0.0,0.0,0.0,0.0,0.0,0.0,0.0,0.0,0.0,0.0,0.0,0.0,0.0,0.0,0.0,0.0,0.0,0.0,0.0,0.0,0.0,0.0,0.0
194,Thomas-Asante,5.0,9,1.8,227,0.34,0.06,0.39,8.4,100.0,FWD,Coventry City,1.8128835484270267,1.8128835484270267,1.8128835484270267,1.8128835484270267,1.8128835484270267,1.8128835484270267,2.2661044355337836,1.8128835484270267,2.2661044355337836,2.2661044355337836,1.8128835484270267,1.8128835484270267,1.8128835484270267,2.2661044355337836,1.35966266132027,1.8128835484270267,1.8128835484270267,1.35966266132027,1.8128835484270267,1.35966266132027,2.2661044355337836,1.8128835484270267,1.8128835484270267,2.2661044355337836,1.8128835484270267,1.35966266132027,1.8128835484270267,1.8128835484270267,1.35966266132027,1.35966266132027,1.8128835484270267,1.35966266132027,2.2661044355337836,1.35966266132027,1.35966266132027,1.8128835484270267,1.8128835484270267,1.8128835484270267,1.8128835484270267
195,Simms,4.9,4,0.5,104,0.3,0.01,0.31,6.8,100.0,FWD,Coventry City,0.850973082942097,0.850973082942097,0.850973082942097,0.850973082942097,0.850973082942097,0.850973082942097,1.0637163536776213,0.850973082942097,1.0637163536776213,1.0637163536776213,0.850973082942097,0.850973082942097,0.850973082942097,1.0637163536776213,0.6382298122065727,0.850973082942097,0.850973082942097,0.6382298122065727,0.850973082942097,0.6382298122065727,1.0637163536776213,0.850973082942097,0.850973082942097,1.0637163536776213,0.850973082942097,0.6382298122065727,0.850973082942097,0.850973082942097,0.6382298122065727,0.6382298122065727,0.850973082942097,0.6382298122065727,1.0637163536776213,0.6382298122065727,0.6382298122065727,0.850973082942097,0.850973082942097,0.850973082942097,0.850973082942097
492,Awoniyi,5.4,3,0.5,232,1.3,0.04,1.34,13.6,0.0,FWD,Coventry City,0.0,0.0,0.0,0.0,0.0,0.0,0.0,0.0,0.0,0.0,0.0,0.0,0.0,0.0,0.0,0.0,0.0,0.0,0.0,0.0,0.0,0.0,0.0,0.0,0.0,0.0,0.0,0.0,0.0,0.0,0.0,0.0,0.0,0.0,0.0,0.0,0.0,0.0,0.0
575,Yirenkyi,4.8,9,2.0,265,0.03,0.15,0.18,6.0,100.0,MID,Coventry City,2.0138799475441105,2.0138799475441105,2.0138799475441105,2.0138799475441105,2.0138799475441105,2.0138799475441105,2.517349934430138,2.0138799475441105,2.517349934430138,2.517349934430138,2.0138799475441105,2.0138799475441105,2.0138799475441105,2.517349934430138,1.510409960658083,2.0138799475441105,2.0138799475441105,1.510409960658083,2.0138799475441105,1.510409960658083,2.517349934430138,2.0138799475441105,2.0138799475441105,2.517349934430138,2.0138799475441105,1.510409960658083,2.0138799475441105,2.0138799475441105,1.510409960658083,1.510409960658083,2.0138799475441105,1.510409960658083,2.517349934430138,1.510409960658083,1.510409960658083,2.0138799475441105,2.0138799475441105,2.0138799475441105,2.0138799475441105
584,Hamer,5.4,3,0.5,32,0.0,0.02,0.02,0.3,100.0,MID,Coventry City,0.27153932392186503,0.27153932392186503,0.27153932392186503,0.27153932392186503,0.27153932392186503,0.27153932392186503,0.3394241549023313,0.27153932392186503,0.3394241549023313,0.3394241549023313,0.27153932392186503,0.27153932392186503,0.27153932392186503,0.3394241549023313,0.20365449294139876,0.27153932392186503,0.27153932392186503,0.20365449294139876,0.27153932392186503,0.20365449294139876,0.3394241549023313,0.27153932392186503,0.27153932392186503,0.3394241549023313,0.27153932392186503,0.20365449294139876,0.27153932392186503,0.27153932392186503,0.20365449294139876,0.20365449294139876,0.27153932392186503,0.20365449294139876,0.3394241549023313,0.20365449294139876,0.20365449294139876,0.27153932392186503,0.27153932392186503,0.27153932392186503,0.27153932392186503
599,Cherif,5.0,1,0.2,30,0.0,0.0,0.0,0.1,100.0,FWD,Coventry City,0.241321044546851,0.241321044546851,0.241321044546851,0.241321044546851,0.241321044546851,0.241321044546851,0.30165130568356374,0.241321044546851,0.30165130568356374,0.30165130568356374,0.241321044546851,0.241321044546851,0.241321044546851,0.30165130568356374,0.18099078341013825,0.241321044546851,0.241321044546851,0.18099078341013825,0.241321044546851,0.18099078341013825,0.30165130568356374,0.241321044546851,0.241321044546851,0.30165130568356374,0.241321044546851,0.18099078341013825,0.241321044546851,0.241321044546851,0.18099078341013825,0.18099078341013825,0.241321044546851,0.18099078341013825,0.30165130568356374,0.18099078341013825,0.18099078341013825,0.241321044546851,0.241321044546851,0.241321044546851,0.241321044546851
623,Bentley,4.0,0,0.0,0,0.0,0.0,0.0,0.0,100.0,GK,Coventry City,0.0,0.0,0.0,0.0,0.0,0.0,0.0,0.0,0.0,0.0,0.0,0.0,0.0,0.0,0.0,0.0,0.0,0.0,0.0,0.0,0.0,0.0,0.0,0.0,0.0,0.0,0.0,0.0,0.0,0.0,0.0,0.0,0.0,0.0,0.0,0.0,0.0,0.0,0.0
655,Gboho,5.5,0,0.0,0,0.0,0.0,0.0,0.0,100.0,MID,Coventry City,0.0,0.0,0.0,0.0,0.0,0.0,0.0,0.0,0.0,0.0,0.0,0.0,0.0,0.0,0.0,0.0,0.0,0.0,0.0,0.0,0.0,0.0,0.0,0.0,0.0,0.0,0.0,0.0,0.0,0.0,0.0,0.0,0.0,0.0,0.0,0.0,0.0,0.0,0.0
656,Mfuni,4.0,6,3.0,90,0.0,0.01,0.01,2.2,100.0,DEF,Coventry City,0.6214393939393938,0.6214393939393938,0.6214393939393938,0.6214393939393938,0.6214393939393938,0.6214393939393938,0.7767992424242423,0.6214393939393938,0.7767992424242423,0.7767992424242423,0.6214393939393938,0.6214393939393938,0.6214393939393938,0.7767992424242423,0.4660795454545454,0.6214393939393938,0.6214393939393938,0.4660795454545454,0.6214393939393938,0.4660795454545454,0.7767992424242423,0.6214393939393938,0.6214393939393938,0.7767992424242423,0.6214393939393938,0.4660795454545454,0.6214393939393938,0.6214393939393938,0.4660795454545454,0.4660795454545454,0.6214393939393938,0.4660795454545454,0.7767992424242423,0.4660795454545454,0.4660795454545454,0.6214393939393938,0.6214393939393938,0.6214393939393938,0.6214393939393938
42,Guessand,5.4,2,0.2,54,0.03,0.03,0.06,1.5,100.0,MID,Crystal Palace,0.45736393323657476,0.45736393323657476,0.45736393323657476,0.45736393323657476,0.45736393323657476,0.45736393323657476,0.45736393323657476,0.45736393323657476,0.5717049165457184,0.45736393323657476,0.3430229499274311,0.5717049165457184,0.5717049165457184,0.3430229499274311,0.3430229499274311,0.3430229499274311,0.45736393323657476,0.3430229499274311,0.45736393323657476,0.45736393323657476,0.3430229499274311,0.3430229499274311,0.45736393323657476,0.5717049165457184,0.5717049165457184,0.45736393323657476,0.45736393323657476,0.5717049165457184,0.3430229499274311,0.5717049165457184,0.5717049165457184,0.45736393323657476,0.3430229499274311,0.3430229499274311,0.45736393323657476,0.45736393323657476,0.5717049165457184,0.45736393323657476,0.5717049165457184
153,Disasi,4.5,1,0.2,139,0.0,0.04,0.04,5.0,0.0,DEF,Crystal Palace,0.0,0.0,0.0,0.0,0.0,0.0,0.0,0.0,0.0,0.0,0.0,0.0,0.0,0.0,0.0,0.0,0.0,0.0,0.0,0.0,0.0,0.0,0.0,0.0,0.0,0.0,0.0,0.0,0.0,0.0,0.0,0.0,0.0,0.0,0.0,0.0,0.0,0.0,0.0
198,Henderson,5.0,5,0.8,270,0.0,0.0,0.0,9.6,0.0,GK,Crystal Palace,0.0,0.0,0.0,0.0,0.0,0.0,0.0,0.0,0.0,0.0,0.0,0.0,0.0,0.0,0.0,0.0,0.0,0.0,0.0,0.0,0.0,0.0,0.0,0.0,0.0,0.0,0.0,0.0,0.0,0.0,0.0,0.0,0.0,0.0,0.0,0.0,0.0,0.0,0.0
199,Benitez,4.5,8,2.0,180,0.0,0.0,0.0,3.8,100.0,GK,Crystal Palace,1.3208333333333335,1.3208333333333335,1.3208333333333335,1.3208333333333335,1.3208333333333335,1.3208333333333335,1.3208333333333335,1.3208333333333335,1.651041666666667,1.3208333333333335,0.9906250000000001,1.651041666666667,1.651041666666667,0.9906250000000001,0.9906250000000001,0.9906250000000001,1.3208333333333335,0.9906250000000001,1.3208333333333335,1.3208333333333335,0.9906250000000001,0.9906250000000001,1.3208333333333335,1.651041666666667,1.651041666666667,1.3208333333333335,1.3208333333333335,1.651041666666667,0.9906250000000001,1.651041666666667,1.651041666666667,1.3208333333333335,0.9906250000000001,0.9906250000000001,1.3208333333333335,1.3208333333333335,1.651041666666667,1.3208333333333335,1.651041666666667
202,Richards,5.0,14,2.8,450,0.08,0.07,0.15,16.2,100.0,DEF,Crystal Palace,2.712857142857143,2.712857142857143,2.712857142857143,2.712857142857143,2.712857142857143,2.712857142857143,2.712857142857143,2.712857142857143,3.3910714285714287,2.712857142857143,2.0346428571428574,3.3910714285714287,3.3910714285714287,2.0346428571428574,2.0346428571428574,2.0346428571428574,2.712857142857143,2.0346428571428574,2.712857142857143,2.712857142857143,2.0346428571428574,2.0346428571428574,2.712857142857143,3.3910714285714287,3.3910714285714287,2.712857142857143,2.712857142857143,3.3910714285714287,2.0346428571428574,3.3910714285714287,3.3910714285714287,2.712857142857143,2.0346428571428574,2.0346428571428574,2.712857142857143,2.712857142857143,3.3910714285714287,2.712857142857143,3.3910714285714287
203,Canvot,4.8,10,2.2,360,0.05,0.13,0.18,11.5,100.0,DEF,Crystal Palace,2.693095238095238,2.693095238095238,2.693095238095238,2.693095238095238,2.693095238095238,2.693095238095238,2.693095238095238,2.693095238095238,3.366369047619048,2.693095238095238,2.0198214285714284,3.366369047619048,3.366369047619048,2.0198214285714284,2.0198214285714284,2.0198214285714284,2.693095238095238,2.0198214285714284,2.693095238095238,2.693095238095238,2.0198214285714284,2.0198214285714284,2.693095238095238,3.366369047619048,3.366369047619048,2.693095238095238,2.693095238095238,3.366369047619048,2.0198214285714284,3.366369047619048,3.366369047619048,2.693095238095238,2.0198214285714284,2.0198214285714284,2.693095238095238,2.693095238095238,3.366369047619048,2.693095238095238,3.366369047619048
204,Mitchell,4.5,24,5.8,419,0.77,0.26,1.03,25.8,100.0,DEF,Crystal Palace,2.8037145242070114,2.8037145242070114,2.8037145242070114,2.8037145242070114,2.8037145242070114,2.8037145242070114,2.8037145242070114,2.8037145242070114,3.5046431552587642,2.8037145242070114,2.1027858931552585,3.5046431552587642,3.5046431552587642,2.1027858931552585,2.1027858931552585,2.1027858931552585,2.8037145242070114,2.1027858931552585,2.8037145242070114,2.8037145242070114,2.1027858931552585,2.1027858931552585,2.8037145242070114,3.5046431552587642,3.5046431552587642,2.8037145242070114,2.8037145242070114,3.5046431552587642,2.1027858931552585,3.5046431552587642,3.5046431552587642,2.8037145242070114,2.1027858931552585,2.1027858931552585,2.8037145242070114,2.8037145242070114,3.5046431552587642,2.8037145242070114,3.5046431552587642
206,Chadi Riad,4.3,1,0.0,72,0.0,0.01,0.01,1.4,0.0,DEF,Crystal Palace,0.0,0.0,0.0,0.0,0.0,0.0,0.0,0.0,0.0,0.0,0.0,0.0,0.0,0.0,0.0,0.0,0.0,0.0,0.0,0.0,0.0,0.0,0.0,0.0,0.0,0.0,0.0,0.0,0.0,0.0,0.0,0.0,0.0,0.0,0.0,0.0,0.0,0.0,0.0
207,Mingueza,4.4,2,0.5,16,0.0,0.0,0.0,0.3,100.0,DEF,Crystal Palace,0.11818039588470032,0.11818039588470032,0.11818039588470032,0.11818039588470032,0.11818039588470032,0.11818039588470032,0.11818039588470032,0.11818039588470032,0.1477254948558754,0.11818039588470032,0.08863529691352524,0.1477254948558754,0.1477254948558754,0.08863529691352524,0.08863529691352524,0.08863529691352524,0.11818039588470032,0.08863529691352524,0.11818039588470032,0.11818039588470032,0.08863529691352524,0.08863529691352524,0.11818039588470032,0.1477254948558754,0.1477254948558754,0.11818039588470032,0.11818039588470032,0.1477254948558754,0.08863529691352524,0.1477254948558754,0.1477254948558754,0.11818039588470032,0.08863529691352524,0.08863529691352524,0.11818039588470032,0.11818039588470032,0.1477254948558754,0.11818039588470032,0.1477254948558754
208,Sarr,6.2,1,0.2,8,0.0,0.01,0.01,0.1,100.0,MID,Crystal Palace,0.07509986357151041,0.07509986357151041,0.07509986357151041,0.07509986357151041,0.07509986357151041,0.07509986357151041,0.07509986357151041,0.07509986357151041,0.09387482946438802,0.07509986357151041,0.05632489767863281,0.09387482946438802,0.09387482946438802,0.05632489767863281,0.05632489767863281,0.05632489767863281,0.07509986357151041,0.05632489767863281,0.07509986357151041,0.07509986357151041,0.05632489767863281,0.05632489767863281,0.07509986357151041,0.09387482946438802,0.09387482946438802,0.07509986357151041,0.07509986357151041,0.09387482946438802,0.05632489767863281,0.09387482946438802,0.09387482946438802,0.07509986357151041,0.05632489767863281,0.05632489767863281,0.07509986357151041,0.07509986357151041,0.09387482946438802,0.07509986357151041,0.09387482946438802
210,Wharton,5.5,12,2.0,436,0.15,0.58,0.73,18.9,100.0,MID,Crystal Palace,2.9610639921455792,2.9610639921455792,2.9610639921455792,2.9610639921455792,2.9610639921455792,2.9610639921455792,2.9610639921455792,2.9610639921455792,3.701329990181974,2.9610639921455792,2.2207979941091844,3.701329990181974,3.701329990181974,2.2207979941091844,2.2207979941091844,2.2207979941091844,2.9610639921455792,2.2207979941091844,2.9610639921455792,2.9610639921455792,2.2207979941091844,2.2207979941091844,2.9610639921455792,3.701329990181974,3.701329990181974,2.9610639921455792,2.9610639921455792,3.701329990181974,2.2207979941091844,3.701329990181974,3.701329990181974,2.9610639921455792,2.2207979941091844,2.2207979941091844,2.9610639921455792,2.9610639921455792,3.701329990181974,2.9610639921455792,3.701329990181974
211,Yeremy,5.5,14,3.2,307,0.52,0.55,1.07,15.8,100.0,MID,Crystal Palace,2.6698423454255074,2.6698423454255074,2.6698423454255074,2.6698423454255074,2.6698423454255074,2.6698423454255074,2.6698423454255074,2.6698423454255074,3.3373029317818843,2.6698423454255074,2.0023817590691304,3.3373029317818843,3.3373029317818843,2.0023817590691304,2.0023817590691304,2.0023817590691304,2.6698423454255074,2.0023817590691304,2.6698423454255074,2.6698423454255074,2.0023817590691304,2.0023817590691304,2.6698423454255074,3.3373029317818843,3.3373029317818843,2.6698423454255074,2.6698423454255074,3.3373029317818843,2.0023817590691304,3.3373029317818843,3.3373029317818843,2.6698423454255074,2.0023817590691304,2.0023817590691304,2.6698423454255074,2.6698423454255074,3.3373029317818843,2.6698423454255074,3.3373029317818843
212,Hughes,4.4,2,0.5,29,0.0,0.04,0.04,2.4,100.0,MID,Crystal Palace,0.21408935940333598,0.21408935940333598,0.21408935940333598,0.21408935940333598,0.21408935940333598,0.21408935940333598,0.21408935940333598,0.21408935940333598,0.26761169925417,0.21408935940333598,0.160567019552502,0.26761169925417,0.26761169925417,0.160567019552502,0.160567019552502,0.160567019552502,0.21408935940333598,0.160567019552502,0.21408935940333598,0.21408935940333598,0.160567019552502,0.160567019552502,0.21408935940333598,0.26761169925417,0.26761169925417,0.21408935940333598,0.21408935940333598,0.26761169925417,0.160567019552502,0.26761169925417,0.26761169925417,0.21408935940333598,0.160567019552502,0.160567019552502,0.21408935940333598,0.21408935940333598,0.26761169925417,0.21408935940333598,0.26761169925417
213,Lerma,4.8,1,0.2,51,0.26,0.0,0.26,3.0,100.0,MID,Crystal Palace,0.40716287878787877,0.40716287878787877,0.40716287878787877,0.40716287878787877,0.40716287878787877,0.40716287878787877,0.40716287878787877,0.40716287878787877,0.5089535984848484,0.40716287878787877,0.3053721590909091,0.5089535984848484,0.5089535984848484,0.3053721590909091,0.3053721590909091,0.3053721590909091,0.40716287878787877,0.3053721590909091,0.40716287878787877,0.40716287878787877,0.3053721590909091,0.3053721590909091,0.40716287878787877,0.5089535984848484,0.5089535984848484,0.40716287878787877,0.40716287878787877,0.5089535984848484,0.3053721590909091,0.5089535984848484,0.5089535984848484,0.40716287878787877,0.3053721590909091,0.3053721590909091,0.40716287878787877,0.40716287878787877,0.5089535984848484,0.40716287878787877,0.5089535984848484
214,Kamada,5.0,21,4.5,441,0.47,0.38,0.85,21.9,100.0,MID,Crystal Palace,2.844951852932594,2.844951852932594,2.844951852932594,2.844951852932594,2.844951852932594,2.844951852932594,2.844951852932594,2.844951852932594,3.5561898161657424,2.844951852932594,2.1337138896994454,3.5561898161657424,3.5561898161657424,2.1337138896994454,2.1337138896994454,2.1337138896994454,2.844951852932594,2.1337138896994454,2.844951852932594,2.844951852932594,2.1337138896994454,2.1337138896994454,2.844951852932594,3.5561898161657424,3.5561898161657424,2.844951852932594,2.844951852932594,3.5561898161657424,2.1337138896994454,3.5561898161657424,3.5561898161657424,2.844951852932594,2.1337138896994454,2.1337138896994454,2.844951852932594,2.844951852932594,3.5561898161657424,2.844951852932594,3.5561898161657424
218,Doucouré,4.8,0,0.0,0,0.0,0.0,0.0,0.0,100.0,MID,Crystal Palace,0.0,0.0,0.0,0.0,0.0,0.0,0.0,0.0,0.0,0.0,0.0,0.0,0.0,0.0,0.0,0.0,0.0,0.0,0.0,0.0,0.0,0.0,0.0,0.0,0.0,0.0,0.0,0.0,0.0,0.0,0.0,0.0,0.0,0.0,0.0,0.0,0.0,0.0,0.0
221,Drakes-Thomas,4.5,0,0.0,0,0.0,0.0,0.0,0.0,100.0,MID,Crystal Palace,0.0,0.0,0.0,0.0,0.0,0.0,0.0,0.0,0.0,0.0,0.0,0.0,0.0,0.0,0.0,0.0,0.0,0.0,0.0,0.0,0.0,0.0,0.0,0.0,0.0,0.0,0.0,0.0,0.0,0.0,0.0,0.0,0.0,0.0,0.0,0.0,0.0,0.0,0.0
222,Strand Larsen,6.0,14,3.2,298,0.43,0.2,0.63,16.1,100.0,FWD,Crystal Palace,2.6630665658865813,2.6630665658865813,2.6630665658865813,2.6630665658865813,2.6630665658865813,2.6630665658865813,2.6630665658865813,2.6630665658865813,3.3288332073582265,2.6630665658865813,1.997299924414936,3.3288332073582265,3.3288332073582265,1.997299924414936,1.997299924414936,1.997299924414936,2.6630665658865813,1.997299924414936,2.6630665658865813,2.6630665658865813,1.997299924414936,1.997299924414936,2.6630665658865813,3.3288332073582265,3.3288332073582265,2.6630665658865813,2.6630665658865813,3.3288332073582265,1.997299924414936,3.3288332073582265,3.3288332073582265,2.6630665658865813,1.997299924414936,1.997299924414936,2.6630665658865813,2.6630665658865813,3.3288332073582265,2.6630665658865813,3.3288332073582265
223,Mateta,6.3,2,0.0,62,0.7,0.02,0.72,2.5,0.0,FWD,Crystal Palace,0.0,0.0,0.0,0.0,0.0,0.0,0.0,0.0,0.0,0.0,0.0,0.0,0.0,0.0,0.0,0.0,0.0,0.0,0.0,0.0,0.0,0.0,0.0,0.0,0.0,0.0,0.0,0.0,0.0,0.0,0.0,0.0,0.0,0.0,0.0,0.0,0.0,0.0,0.0
224,Nketiah,5.5,8,1.8,175,1.1,0.6,1.7,13.0,100.0,FWD,Crystal Palace,1.9047339593114239,1.9047339593114239,1.9047339593114239,1.9047339593114239,1.9047339593114239,1.9047339593114239,1.9047339593114239,1.9047339593114239,2.3809174491392797,1.9047339593114239,1.428550469483568,2.3809174491392797,2.3809174491392797,1.428550469483568,1.428550469483568,1.428550469483568,1.9047339593114239,1.428550469483568,1.9047339593114239,1.9047339593114239,1.428550469483568,1.428550469483568,1.9047339593114239,2.3809174491392797,2.3809174491392797,1.9047339593114239,1.9047339593114239,2.3809174491392797,1.428550469483568,2.3809174491392797,2.3809174491392797,1.9047339593114239,1.428550469483568,1.428550469483568,1.9047339593114239,1.9047339593114239,2.3809174491392797,1.9047339593114239,2.3809174491392797
241,McNeil,5.4,3,0.2,84,0.05,0.02,0.07,1.7,100.0,MID,Crystal Palace,0.7090882298595713,0.7090882298595713,0.7090882298595713,0.7090882298595713,0.7090882298595713,0.7090882298595713,0.7090882298595713,0.7090882298595713,0.8863602873244641,0.7090882298595713,0.5318161723946785,0.8863602873244641,0.8863602873244641,0.5318161723946785,0.5318161723946785,0.5318161723946785,0.7090882298595713,0.5318161723946785,0.7090882298595713,0.7090882298595713,0.5318161723946785,0.5318161723946785,0.7090882298595713,0.8863602873244641,0.8863602873244641,0.7090882298595713,0.7090882298595713,0.8863602873244641,0.5318161723946785,0.8863602873244641,0.8863602873244641,0.7090882298595713,0.5318161723946785,0.5318161723946785,0.7090882298595713,0.7090882298595713,0.8863602873244641,0.7090882298595713,0.8863602873244641
555,Matthews,4.0,0,0.0,0,0.0,0.0,0.0,0.0,100.0,GK,Crystal Palace,0.0,0.0,0.0,0.0,0.0,0.0,0.0,0.0,0.0,0.0,0.0,0.0,0.0,0.0,0.0,0.0,0.0,0.0,0.0,0.0,0.0,0.0,0.0,0.0,0.0,0.0,0.0,0.0,0.0,0.0,0.0,0.0,0.0,0.0,0.0,0.0,0.0,0.0,0.0
577,Tomiyasu,4.4,3,0.5,189,0.0,0.03,0.03,6.0,75.0,DEF,Crystal Palace,1.0257739115097766,1.0257739115097766,1.0257739115097766,1.0257739115097766,1.0257739115097766,1.0257739115097766,1.0257739115097766,1.0257739115097766,1.2822173893872209,1.0257739115097766,0.7693304336323324,1.2822173893872209,1.2822173893872209,0.7693304336323324,0.7693304336323324,0.7693304336323324,1.0257739115097766,0.7693304336323324,1.0257739115097766,1.0257739115097766,0.7693304336323324,0.7693304336323324,1.0257739115097766,1.2822173893872209,1.2822173893872209,1.0257739115097766,1.0257739115097766,1.2822173893872209,0.7693304336323324,1.2822173893872209,1.2822173893872209,1.0257739115097766,0.7693304336323324,0.7693304336323324,1.0257739115097766,1.0257739115097766,1.2822173893872209,1.0257739115097766,1.2822173893872209
588,Khalaili,5.0,19,4.5,379,0.96,0.33,1.29,22.5,100.0,DEF,Crystal Palace,3.0713059033989265,3.0713059033989265,3.0713059033989265,3.0713059033989265,3.0713059033989265,3.0713059033989265,3.0713059033989265,3.0713059033989265,3.839132379248658,3.0713059033989265,2.303479427549195,3.839132379248658,3.839132379248658,2.303479427549195,2.303479427549195,2.303479427549195,3.0713059033989265,2.303479427549195,3.0713059033989265,3.0713059033989265,2.303479427549195,2.303479427549195,3.0713059033989265,3.839132379248658,3.839132379248658,3.0713059033989265,3.0713059033989265,3.839132379248658,2.303479427549195,3.839132379248658,3.839132379248658,3.0713059033989265,2.303479427549195,2.303479427549195,3.0713059033989265,3.0713059033989265,3.839132379248658,3.0713059033989265,3.839132379248658
595,Gozo,5.0,2,0.5,28,0.0,0.0,0.0,0.3,100.0,MID,Crystal Palace,0.22527123857942824,0.22527123857942824,0.22527123857942824,0.22527123857942824,0.22527123857942824,0.22527123857942824,0.22527123857942824,0.22527123857942824,0.2815890482242853,0.22527123857942824,0.1689534289345712,0.2815890482242853,0.2815890482242853,0.1689534289345712,0.1689534289345712,0.1689534289345712,0.22527123857942824,0.1689534289345712,0.22527123857942824,0.22527123857942824,0.1689534289345712,0.1689534289345712,0.22527123857942824,0.2815890482242853,0.2815890482242853,0.22527123857942824,0.22527123857942824,0.2815890482242853,0.1689534289345712,0.2815890482242853,0.2815890482242853,0.22527123857942824,0.1689534289345712,0.1689534289345712,0.22527123857942824,0.22527123857942824,0.2815890482242853,0.22527123857942824,0.2815890482242853
633,Ahanor,4.5,3,1.0,90,0.0,0.01,0.01,4.1,100.0,DEF,Crystal Palace,0.6699242424242424,0.6699242424242424,0.6699242424242424,0.6699242424242424,0.6699242424242424,0.6699242424242424,0.6699242424242424,0.6699242424242424,0.837405303030303,0.6699242424242424,0.5024431818181818,0.837405303030303,0.837405303030303,0.5024431818181818,0.5024431818181818,0.5024431818181818,0.6699242424242424,0.5024431818181818,0.6699242424242424,0.6699242424242424,0.5024431818181818,0.5024431818181818,0.6699242424242424,0.837405303030303,0.837405303030303,0.6699242424242424,0.6699242424242424,0.837405303030303,0.5024431818181818,0.837405303030303,0.837405303030303,0.6699242424242424,0.5024431818181818,0.5024431818181818,0.6699242424242424,0.6699242424242424,0.837405303030303,0.6699242424242424,0.837405303030303
643,Chilwell,4.5,8,2.7,29,0.27,0.01,0.28,5.9,100.0,DEF,Crystal Palace,0.22176424109516216,0.22176424109516216,0.22176424109516216,0.22176424109516216,0.22176424109516216,0.22176424109516216,0.22176424109516216,0.22176424109516216,0.2772053013689527,0.22176424109516216,0.16632318082137162,0.2772053013689527,0.2772053013689527,0.16632318082137162,0.16632318082137162,0.16632318082137162,0.22176424109516216,0.16632318082137162,0.22176424109516216,0.22176424109516216,0.16632318082137162,0.16632318082137162,0.22176424109516216,0.2772053013689527,0.2772053013689527,0.22176424109516216,0.22176424109516216,0.2772053013689527,0.16632318082137162,0.2772053013689527,0.2772053013689527,0.22176424109516216,0.16632318082137162,0.16632318082137162,0.22176424109516216,0.22176424109516216,0.2772053013689527,0.22176424109516216,0.2772053013689527
644,Timber,5.0,9,3.0,253,0.24,0.06,0.3,10.0,100.0,MID,Crystal Palace,1.997348698856794,1.997348698856794,1.997348698856794,1.997348698856794,1.997348698856794,1.997348698856794,1.997348698856794,1.997348698856794,2.4966858735709923,1.997348698856794,1.4980115241425955,2.4966858735709923,2.4966858735709923,1.4980115241425955,1.4980115241425955,1.4980115241425955,1.997348698856794,1.4980115241425955,1.997348698856794,1.997348698856794,1.4980115241425955,1.4980115241425955,1.997348698856794,2.4966858735709923,2.4966858735709923,1.997348698856794,1.997348698856794,2.4966858735709923,1.4980115241425955,2.4966858735709923,2.4966858735709923,1.997348698856794,1.4980115241425955,1.4980115241425955,1.997348698856794,1.997348698856794,2.4966858735709923,1.997348698856794,2.4966858735709923
647,Osorio,5.5,1,0.3,1,0.0,0.0,0.0,0.2,100.0,MID,Crystal Palace,0.008611092374682248,0.008611092374682248,0.008611092374682248,0.008611092374682248,0.008611092374682248,0.008611092374682248,0.008611092374682248,0.008611092374682248,0.010763865468352809,0.008611092374682248,0.006458319281011686,0.010763865468352809,0.010763865468352809,0.006458319281011686,0.006458319281011686,0.006458319281011686,0.008611092374682248,0.006458319281011686,0.008611092374682248,0.008611092374682248,0.006458319281011686,0.006458319281011686,0.008611092374682248,0.010763865468352809,0.010763865468352809,0.008611092374682248,0.008611092374682248,0.010763865468352809,0.006458319281011686,0.010763865468352809,0.010763865468352809,0.008611092374682248,0.006458319281011686,0.006458319281011686,0.008611092374682248,0.008611092374682248,0.010763865468352809,0.008611092374682248,0.010763865468352809
21,Nørgaard,4.9,0,0.0,0,0.0,0.0,0.0,0.0,0.0,MID,Everton,0.0,0.0,0.0,0.0,0.0,0.0,0.0,0.0,0.0,0.0,0.0,0.0,0.0,0.0,0.0,0.0,0.0,0.0,0.0,0.0,0.0,0.0,0.0,0.0,0.0,0.0,0.0,0.0,0.0,0.0,0.0,0.0,0.0,0.0,0.0,0.0,0.0,0.0,0.0
209,Johnson,5.9,9,2.0,238,1.03,0.22,1.25,10.0,100.0,MID,Everton,2.3508177963849017,2.3508177963849017,2.3508177963849017,2.3508177963849017,2.3508177963849017,2.3508177963849017,2.9385222454811273,1.7631133472886762,1.7631133472886762,2.3508177963849017,2.9385222454811273,2.3508177963849017,1.7631133472886762,1.7631133472886762,2.9385222454811273,2.3508177963849017,2.3508177963849017,2.9385222454811273,1.7631133472886762,2.3508177963849017,2.3508177963849017,2.9385222454811273,2.3508177963849017,1.7631133472886762,2.9385222454811273,2.9385222454811273,2.3508177963849017,2.3508177963849017,1.7631133472886762,1.7631133472886762,2.3508177963849017,2.3508177963849017,2.3508177963849017,2.9385222454811273,2.3508177963849017,2.9385222454811273,1.7631133472886762,1.7631133472886762,2.9385222454811273
226,Pickford,5.5,25,4.5,450,0.0,0.02,0.02,12.0,100.0,GK,Everton,2.8409523809523813,2.8409523809523813,2.8409523809523813,2.8409523809523813,2.8409523809523813,2.8409523809523813,3.5511904761904765,2.1307142857142862,2.1307142857142862,2.8409523809523813,3.5511904761904765,2.8409523809523813,2.1307142857142862,2.1307142857142862,3.5511904761904765,2.8409523809523813,2.8409523809523813,3.5511904761904765,2.1307142857142862,2.8409523809523813,2.8409523809523813,3.5511904761904765,2.8409523809523813,2.1307142857142862,3.5511904761904765,3.5511904761904765,2.8409523809523813,2.8409523809523813,2.1307142857142862,2.1307142857142862,2.8409523809523813,2.8409523809523813,2.8409523809523813,3.5511904761904765,2.8409523809523813,3.5511904761904765,2.1307142857142862,2.1307142857142862,3.5511904761904765
227,Travers,5.0,0,0.0,0,0.0,0.0,0.0,0.0,100.0,GK,Everton,0.0,0.0,0.0,0.0,0.0,0.0,0.0,0.0,0.0,0.0,0.0,0.0,0.0,0.0,0.0,0.0,0.0,0.0,0.0,0.0,0.0,0.0,0.0,0.0,0.0,0.0,0.0,0.0,0.0,0.0,0.0,0.0,0.0,0.0,0.0,0.0,0.0,0.0,0.0
228,King,4.5,0,0.0,0,0.0,0.0,0.0,0.0,100.0,GK,Everton,0.0,0.0,0.0,0.0,0.0,0.0,0.0,0.0,0.0,0.0,0.0,0.0,0.0,0.0,0.0,0.0,0.0,0.0,0.0,0.0,0.0,0.0,0.0,0.0,0.0,0.0,0.0,0.0,0.0,0.0,0.0,0.0,0.0,0.0,0.0,0.0,0.0,0.0,0.0
229,Tarkowski,6.1,43,9.2,450,0.18,0.04,0.22,20.5,100.0,DEF,Everton,3.0652380952380955,3.0652380952380955,3.0652380952380955,3.0652380952380955,3.0652380952380955,3.0652380952380955,3.8315476190476194,2.2989285714285717,2.2989285714285717,3.0652380952380955,3.8315476190476194,3.0652380952380955,2.2989285714285717,2.2989285714285717,3.8315476190476194,3.0652380952380955,3.0652380952380955,3.8315476190476194,2.2989285714285717,3.0652380952380955,3.0652380952380955,3.8315476190476194,3.0652380952380955,2.2989285714285717,3.8315476190476194,3.8315476190476194,3.0652380952380955,3.0652380952380955,2.2989285714285717,2.2989285714285717,3.0652380952380955,3.0652380952380955,3.0652380952380955,3.8315476190476194,3.0652380952380955,3.8315476190476194,2.2989285714285717,2.2989285714285717,3.8315476190476194
230,Branthwaite,5.5,27,5.2,450,0.17,0.02,0.19,22.5,100.0,DEF,Everton,2.8773809523809524,2.8773809523809524,2.8773809523809524,2.8773809523809524,2.8773809523809524,2.8773809523809524,3.5967261904761907,2.158035714285714,2.158035714285714,2.8773809523809524,3.5967261904761907,2.8773809523809524,2.158035714285714,2.158035714285714,3.5967261904761907,2.8773809523809524,2.8773809523809524,3.5967261904761907,2.158035714285714,2.8773809523809524,2.8773809523809524,3.5967261904761907,2.8773809523809524,2.158035714285714,3.5967261904761907,3.5967261904761907,2.8773809523809524,2.8773809523809524,2.158035714285714,2.158035714285714,2.8773809523809524,2.8773809523809524,2.8773809523809524,3.5967261904761907,2.8773809523809524,3.5967261904761907,2.158035714285714,2.158035714285714,3.5967261904761907
231,Keane,4.8,0,0.0,0,0.0,0.0,0.0,0.0,100.0,DEF,Everton,0.0,0.0,0.0,0.0,0.0,0.0,0.0,0.0,0.0,0.0,0.0,0.0,0.0,0.0,0.0,0.0,0.0,0.0,0.0,0.0,0.0,0.0,0.0,0.0,0.0,0.0,0.0,0.0,0.0,0.0,0.0,0.0,0.0,0.0,0.0,0.0,0.0,0.0,0.0
232,O'Brien,4.8,2,0.5,16,0.0,0.0,0.0,0.3,100.0,DEF,Everton,0.1252813672776243,0.1252813672776243,0.1252813672776243,0.1252813672776243,0.1252813672776243,0.1252813672776243,0.15660170909703036,0.09396102545821822,0.09396102545821822,0.1252813672776243,0.15660170909703036,0.1252813672776243,0.09396102545821822,0.09396102545821822,0.15660170909703036,0.1252813672776243,0.1252813672776243,0.15660170909703036,0.09396102545821822,0.1252813672776243,0.1252813672776243,0.15660170909703036,0.1252813672776243,0.09396102545821822,0.15660170909703036,0.15660170909703036,0.1252813672776243,0.1252813672776243,0.09396102545821822,0.09396102545821822,0.1252813672776243,0.1252813672776243,0.1252813672776243,0.15660170909703036,0.1252813672776243,0.15660170909703036,0.09396102545821822,0.09396102545821822,0.15660170909703036
233,Mykolenko,4.6,27,5.2,450,0.04,0.16,0.2,15.5,100.0,DEF,Everton,2.595238095238095,2.595238095238095,2.595238095238095,2.595238095238095,2.595238095238095,2.595238095238095,3.2440476190476186,1.9464285714285712,1.9464285714285712,2.595238095238095,3.2440476190476186,2.595238095238095,1.9464285714285712,1.9464285714285712,3.2440476190476186,2.595238095238095,2.595238095238095,3.2440476190476186,1.9464285714285712,2.595238095238095,2.595238095238095,3.2440476190476186,2.595238095238095,1.9464285714285712,3.2440476190476186,3.2440476190476186,2.595238095238095,2.595238095238095,1.9464285714285712,1.9464285714285712,2.595238095238095,2.595238095238095,2.595238095238095,3.2440476190476186,2.595238095238095,3.2440476190476186,1.9464285714285712,1.9464285714285712,3.2440476190476186
236,Dewsbury-Hall,6.6,20,2.2,450,0.99,0.83,1.82,38.9,100.0,MID,Everton,3.5040476190476193,3.5040476190476193,3.5040476190476193,3.5040476190476193,3.5040476190476193,3.5040476190476193,4.380059523809524,2.6280357142857147,2.6280357142857147,3.5040476190476193,4.380059523809524,3.5040476190476193,2.6280357142857147,2.6280357142857147,4.380059523809524,3.5040476190476193,3.5040476190476193,4.380059523809524,2.6280357142857147,3.5040476190476193,3.5040476190476193,4.380059523809524,3.5040476190476193,2.6280357142857147,4.380059523809524,4.380059523809524,3.5040476190476193,3.5040476190476193,2.6280357142857147,2.6280357142857147,3.5040476190476193,3.5040476190476193,3.5040476190476193,4.380059523809524,3.5040476190476193,4.380059523809524,2.6280357142857147,2.6280357142857147,4.380059523809524
238,Grealish,6.5,6,1.2,135,0.02,0.44,0.46,11.4,100.0,MID,Everton,1.300760869565217,1.300760869565217,1.300760869565217,1.300760869565217,1.300760869565217,1.300760869565217,1.6259510869565212,0.9755706521739128,0.9755706521739128,1.300760869565217,1.6259510869565212,1.300760869565217,0.9755706521739128,0.9755706521739128,1.6259510869565212,1.300760869565217,1.300760869565217,1.6259510869565212,0.9755706521739128,1.300760869565217,1.300760869565217,1.6259510869565212,1.300760869565217,0.9755706521739128,1.6259510869565212,1.6259510869565212,1.300760869565217,1.300760869565217,0.9755706521739128,0.9755706521739128,1.300760869565217,1.300760869565217,1.300760869565217,1.6259510869565212,1.300760869565217,1.6259510869565212,0.9755706521739128,0.9755706521739128,1.6259510869565212
239,Garner,6.0,11,2.5,328,0.2,0.17,0.37,13.4,100.0,MID,Everton,2.8631904440283726,2.8631904440283726,2.8631904440283726,2.8631904440283726,2.8631904440283726,2.8631904440283726,3.578988055035466,2.1473928330212795,2.1473928330212795,2.8631904440283726,3.578988055035466,2.8631904440283726,2.1473928330212795,2.1473928330212795,3.578988055035466,2.8631904440283726,2.8631904440283726,3.578988055035466,2.1473928330212795,2.8631904440283726,2.8631904440283726,3.578988055035466,2.8631904440283726,2.1473928330212795,3.578988055035466,3.578988055035466,2.8631904440283726,2.8631904440283726,2.1473928330212795,2.1473928330212795,2.8631904440283726,2.8631904440283726,2.8631904440283726,3.578988055035466,2.8631904440283726,3.578988055035466,2.1473928330212795,2.1473928330212795,3.578988055035466
242,George,5.5,19,4.0,309,0.35,0.32,0.67,22.5,100.0,MID,Everton,2.610699971329548,2.610699971329548,2.610699971329548,2.610699971329548,2.610699971329548,2.610699971329548,3.263374964161935,1.9580249784971608,1.9580249784971608,2.610699971329548,3.263374964161935,2.610699971329548,1.9580249784971608,1.9580249784971608,3.263374964161935,2.610699971329548,2.610699971329548,3.263374964161935,1.9580249784971608,2.610699971329548,2.610699971329548,3.263374964161935,2.610699971329548,1.9580249784971608,3.263374964161935,3.263374964161935,2.610699971329548,2.610699971329548,1.9580249784971608,1.9580249784971608,2.610699971329548,2.610699971329548,2.610699971329548,3.263374964161935,2.610699971329548,3.263374964161935,1.9580249784971608,1.9580249784971608,3.263374964161935
243,Alcaraz,4.9,1,0.0,5,0.05,0.02,0.07,2.7,100.0,MID,Everton,0.03972102973138885,0.03972102973138885,0.03972102973138885,0.03972102973138885,0.03972102973138885,0.03972102973138885,0.049651287164236065,0.029790772298541636,0.029790772298541636,0.03972102973138885,0.049651287164236065,0.03972102973138885,0.029790772298541636,0.029790772298541636,0.049651287164236065,0.03972102973138885,0.03972102973138885,0.049651287164236065,0.029790772298541636,0.03972102973138885,0.03972102973138885,0.049651287164236065,0.03972102973138885,0.029790772298541636,0.049651287164236065,0.049651287164236065,0.03972102973138885,0.03972102973138885,0.029790772298541636,0.029790772298541636,0.03972102973138885,0.03972102973138885,0.03972102973138885,0.049651287164236065,0.03972102973138885,0.049651287164236065,0.029790772298541636,0.029790772298541636,0.049651287164236065
244,Armstrong,5.0,16,2.0,446,0.21,0.49,0.7,14.7,100.0,MID,Everton,2.8025792906683633,2.8025792906683633,2.8025792906683633,2.8025792906683633,2.8025792906683633,2.8025792906683633,3.5032241133354542,2.1019344680012724,2.1019344680012724,2.8025792906683633,3.5032241133354542,2.8025792906683633,2.1019344680012724,2.1019344680012724,3.5032241133354542,2.8025792906683633,2.8025792906683633,3.5032241133354542,2.1019344680012724,2.8025792906683633,2.8025792906683633,3.5032241133354542,2.8025792906683633,2.1019344680012724,3.5032241133354542,3.5032241133354542,2.8025792906683633,2.8025792906683633,2.1019344680012724,2.1019344680012724,2.8025792906683633,2.8025792906683633,2.8025792906683633,3.5032241133354542,2.8025792906683633,3.5032241133354542,2.1019344680012724,2.1019344680012724,3.5032241133354542
245,Dibling,5.4,1,0.2,24,0.17,0.16,0.33,5.8,100.0,MID,Everton,0.20501568627450978,0.20501568627450978,0.20501568627450978,0.20501568627450978,0.20501568627450978,0.20501568627450978,0.25626960784313724,0.15376176470588232,0.15376176470588232,0.20501568627450978,0.25626960784313724,0.20501568627450978,0.15376176470588232,0.15376176470588232,0.25626960784313724,0.20501568627450978,0.20501568627450978,0.25626960784313724,0.15376176470588232,0.20501568627450978,0.20501568627450978,0.25626960784313724,0.20501568627450978,0.15376176470588232,0.25626960784313724,0.25626960784313724,0.20501568627450978,0.20501568627450978,0.15376176470588232,0.15376176470588232,0.20501568627450978,0.20501568627450978,0.20501568627450978,0.25626960784313724,0.20501568627450978,0.25626960784313724,0.15376176470588232,0.15376176470588232,0.25626960784313724
246,Röhl,4.9,6,0.8,249,0.0,0.2,0.2,6.1,0.0,MID,Everton,0.0,0.0,0.0,0.0,0.0,0.0,0.0,0.0,0.0,0.0,0.0,0.0,0.0,0.0,0.0,0.0,0.0,0.0,0.0,0.0,0.0,0.0,0.0,0.0,0.0,0.0,0.0,0.0,0.0,0.0,0.0,0.0,0.0,0.0,0.0,0.0,0.0,0.0,0.0
247,Hackney,5.4,10,1.8,137,0.05,0.13,0.18,11.1,100.0,MID,Everton,1.150246702281954,1.150246702281954,1.150246702281954,1.150246702281954,1.150246702281954,1.150246702281954,1.4378083778524426,0.8626850267114655,0.8626850267114655,1.150246702281954,1.4378083778524426,1.150246702281954,0.8626850267114655,0.8626850267114655,1.4378083778524426,1.150246702281954,1.150246702281954,1.4378083778524426,0.8626850267114655,1.150246702281954,1.150246702281954,1.4378083778524426,1.150246702281954,0.8626850267114655,1.4378083778524426,1.4378083778524426,1.150246702281954,1.150246702281954,0.8626850267114655,0.8626850267114655,1.150246702281954,1.150246702281954,1.150246702281954,1.4378083778524426,1.150246702281954,1.4378083778524426,0.8626850267114655,0.8626850267114655,1.4378083778524426
249,Barry,5.6,20,3.0,417,3.5,0.15,3.65,36.5,100.0,FWD,Everton,4.292150753768844,4.292150753768844,4.292150753768844,4.292150753768844,4.292150753768844,4.292150753768844,5.365188442211055,3.219113065326633,3.219113065326633,4.292150753768844,5.365188442211055,4.292150753768844,3.219113065326633,3.219113065326633,5.365188442211055,4.292150753768844,4.292150753768844,5.365188442211055,3.219113065326633,4.292150753768844,4.292150753768844,5.365188442211055,4.292150753768844,3.219113065326633,5.365188442211055,5.365188442211055,4.292150753768844,4.292150753768844,3.219113065326633,3.219113065326633,4.292150753768844,4.292150753768844,4.292150753768844,5.365188442211055,4.292150753768844,5.365188442211055,3.219113065326633,3.219113065326633,5.365188442211055
649,Maitland-Niles,4.5,21,7.0,177,0.06,0.25,0.31,11.4,100.0,DEF,Everton,1.3202345060586909,1.3202345060586909,1.3202345060586909,1.3202345060586909,1.3202345060586909,1.3202345060586909,1.6502931325733636,0.9901758795440181,0.9901758795440181,1.3202345060586909,1.6502931325733636,1.3202345060586909,0.9901758795440181,0.9901758795440181,1.6502931325733636,1.3202345060586909,1.3202345060586909,1.6502931325733636,0.9901758795440181,1.3202345060586909,1.3202345060586909,1.6502931325733636,1.3202345060586909,0.9901758795440181,1.6502931325733636,1.6502931325733636,1.3202345060586909,1.3202345060586909,0.9901758795440181,0.9901758795440181,1.3202345060586909,1.3202345060586909,1.3202345060586909,1.6502931325733636,1.3202345060586909,1.6502931325733636,0.9901758795440181,0.9901758795440181,1.6502931325733636
654,Graham,4.5,0,0.0,0,0.0,0.0,0.0,0.0,100.0,MID,Everton,0.0,0.0,0.0,0.0,0.0,0.0,0.0,0.0,0.0,0.0,0.0,0.0,0.0,0.0,0.0,0.0,0.0,0.0,0.0,0.0,0.0,0.0,0.0,0.0,0.0,0.0,0.0,0.0,0.0,0.0,0.0,0.0,0.0,0.0,0.0,0.0,0.0,0.0,0.0
250,Leno,4.5,18,3.6,450,0.0,0.0,0.0,12.8,100.0,GK,Fulham,2.5333333333333337,2.5333333333333337,2.5333333333333337,2.5333333333333337,2.5333333333333337,2.5333333333333337,3.166666666666667,3.166666666666667,3.166666666666667,1.9000000000000004,3.166666666666667,1.9000000000000004,2.5333333333333337,2.5333333333333337,2.5333333333333337,2.5333333333333337,2.5333333333333337,3.166666666666667,1.9000000000000004,2.5333333333333337,2.5333333333333337,2.5333333333333337,2.5333333333333337,2.5333333333333337,1.9000000000000004,2.5333333333333337,1.9000000000000004,3.166666666666667,2.5333333333333337,2.5333333333333337,1.9000000000000004,1.9000000000000004,3.166666666666667,2.5333333333333337,2.5333333333333337,3.166666666666667,3.166666666666667,3.166666666666667,1.9000000000000004
251,Lecomte,4.0,0,0.0,0,0.0,0.0,0.0,0.0,100.0,GK,Fulham,0.0,0.0,0.0,0.0,0.0,0.0,0.0,0.0,0.0,0.0,0.0,0.0,0.0,0.0,0.0,0.0,0.0,0.0,0.0,0.0,0.0,0.0,0.0,0.0,0.0,0.0,0.0,0.0,0.0,0.0,0.0,0.0,0.0,0.0,0.0,0.0,0.0,0.0,0.0
253,Andersen,5.0,3,0.6,190,0.0,0.1,0.1,9.6,100.0,DEF,Fulham,1.4947509436041544,1.4947509436041544,1.4947509436041544,1.4947509436041544,1.4947509436041544,1.4947509436041544,1.868438679505193,1.868438679505193,1.868438679505193,1.1210632077031157,1.868438679505193,1.1210632077031157,1.4947509436041544,1.4947509436041544,1.4947509436041544,1.4947509436041544,1.4947509436041544,1.868438679505193,1.1210632077031157,1.4947509436041544,1.4947509436041544,1.4947509436041544,1.4947509436041544,1.4947509436041544,1.1210632077031157,1.4947509436041544,1.1210632077031157,1.868438679505193,1.4947509436041544,1.4947509436041544,1.1210632077031157,1.1210632077031157,1.868438679505193,1.4947509436041544,1.4947509436041544,1.868438679505193,1.868438679505193,1.868438679505193,1.1210632077031157
254,Robinson,4.5,12,2.4,429,0.26,0.3,0.56,21.8,100.0,DEF,Fulham,2.639574553258682,2.639574553258682,2.639574553258682,2.639574553258682,2.639574553258682,2.639574553258682,3.299468191573353,3.299468191573353,3.299468191573353,1.9796809149440115,3.299468191573353,1.9796809149440115,2.639574553258682,2.639574553258682,2.639574553258682,2.639574553258682,2.639574553258682,3.299468191573353,1.9796809149440115,2.639574553258682,2.639574553258682,2.639574553258682,2.639574553258682,2.639574553258682,1.9796809149440115,2.639574553258682,1.9796809149440115,3.299468191573353,2.639574553258682,2.639574553258682,1.9796809149440115,1.9796809149440115,3.299468191573353,2.639574553258682,2.639574553258682,3.299468191573353,3.299468191573353,3.299468191573353,1.9796809149440115
255,J.Cuenca,4.5,3,0.6,90,0.0,0.03,0.03,5.4,100.0,DEF,Fulham,0.6703787878787879,0.6703787878787879,0.6703787878787879,0.6703787878787879,0.6703787878787879,0.6703787878787879,0.8379734848484849,0.8379734848484849,0.8379734848484849,0.5027840909090909,0.8379734848484849,0.5027840909090909,0.6703787878787879,0.6703787878787879,0.6703787878787879,0.6703787878787879,0.6703787878787879,0.8379734848484849,0.5027840909090909,0.6703787878787879,0.6703787878787879,0.6703787878787879,0.6703787878787879,0.6703787878787879,0.5027840909090909,0.6703787878787879,0.5027840909090909,0.8379734848484849,0.6703787878787879,0.6703787878787879,0.5027840909090909,0.5027840909090909,0.8379734848484849,0.6703787878787879,0.6703787878787879,0.8379734848484849,0.8379734848484849,0.8379734848484849,0.5027840909090909
256,Tete,4.4,0,0.0,27,0.0,0.0,0.0,0.4,100.0,DEF,Fulham,0.1993119459687632,0.1993119459687632,0.1993119459687632,0.1993119459687632,0.1993119459687632,0.1993119459687632,0.249139932460954,0.249139932460954,0.249139932460954,0.1494839594765724,0.249139932460954,0.1494839594765724,0.1993119459687632,0.1993119459687632,0.1993119459687632,0.1993119459687632,0.1993119459687632,0.249139932460954,0.1494839594765724,0.1993119459687632,0.1993119459687632,0.1993119459687632,0.1993119459687632,0.1993119459687632,0.1494839594765724,0.1993119459687632,0.1494839594765724,0.249139932460954,0.1993119459687632,0.1993119459687632,0.1494839594765724,0.1494839594765724,0.249139932460954,0.1993119459687632,0.1993119459687632,0.249139932460954,0.249139932460954,0.249139932460954,0.1494839594765724
257,Bassey,4.5,15,3.0,450,0.13,0.08,0.21,15.2,100.0,DEF,Fulham,2.572619047619048,2.572619047619048,2.572619047619048,2.572619047619048,2.572619047619048,2.572619047619048,3.2157738095238098,3.2157738095238098,3.2157738095238098,1.9294642857142859,3.2157738095238098,1.9294642857142859,2.572619047619048,2.572619047619048,2.572619047619048,2.572619047619048,2.572619047619048,3.2157738095238098,1.9294642857142859,2.572619047619048,2.572619047619048,2.572619047619048,2.572619047619048,2.572619047619048,1.9294642857142859,2.572619047619048,1.9294642857142859,3.2157738095238098,2.572619047619048,2.572619047619048,1.9294642857142859,1.9294642857142859,3.2157738095238098,2.572619047619048,2.572619047619048,3.2157738095238098,3.2157738095238098,3.2157738095238098,1.9294642857142859
258,Castagne,4.5,20,4.0,408,0.67,0.39,1.06,20.6,100.0,DEF,Fulham,2.8083928571428567,2.8083928571428567,2.8083928571428567,2.8083928571428567,2.8083928571428567,2.8083928571428567,3.5104910714285706,3.5104910714285706,3.5104910714285706,2.1062946428571427,3.5104910714285706,2.1062946428571427,2.8083928571428567,2.8083928571428567,2.8083928571428567,2.8083928571428567,2.8083928571428567,3.5104910714285706,2.1062946428571427,2.8083928571428567,2.8083928571428567,2.8083928571428567,2.8083928571428567,2.8083928571428567,2.1062946428571427,2.8083928571428567,2.1062946428571427,3.5104910714285706,2.8083928571428567,2.8083928571428567,2.1062946428571427,2.1062946428571427,3.5104910714285706,2.8083928571428567,2.8083928571428567,3.5104910714285706,3.5104910714285706,3.5104910714285706,2.1062946428571427
261,Iwobi,5.4,14,2.8,408,0.39,1.22,1.61,27.7,100.0,MID,Fulham,3.1253214285714286,3.1253214285714286,3.1253214285714286,3.1253214285714286,3.1253214285714286,3.1253214285714286,3.9066517857142857,3.9066517857142857,3.9066517857142857,2.3439910714285714,3.9066517857142857,2.3439910714285714,3.1253214285714286,3.1253214285714286,3.1253214285714286,3.1253214285714286,3.1253214285714286,3.9066517857142857,2.3439910714285714,3.1253214285714286,3.1253214285714286,3.1253214285714286,3.1253214285714286,3.1253214285714286,2.3439910714285714,3.1253214285714286,2.3439910714285714,3.9066517857142857,3.1253214285714286,3.1253214285714286,2.3439910714285714,2.3439910714285714,3.9066517857142857,3.1253214285714286,3.1253214285714286,3.9066517857142857,3.9066517857142857,3.9066517857142857,2.3439910714285714
262,Smith Rowe,5.4,3,0.6,38,0.06,0.02,0.08,4.0,100.0,MID,Fulham,0.3224558585404128,0.3224558585404128,0.3224558585404128,0.3224558585404128,0.3224558585404128,0.3224558585404128,0.403069823175516,0.403069823175516,0.403069823175516,0.2418418939053096,0.403069823175516,0.2418418939053096,0.3224558585404128,0.3224558585404128,0.3224558585404128,0.3224558585404128,0.3224558585404128,0.403069823175516,0.2418418939053096,0.3224558585404128,0.3224558585404128,0.3224558585404128,0.3224558585404128,0.3224558585404128,0.2418418939053096,0.3224558585404128,0.2418418939053096,0.403069823175516,0.3224558585404128,0.3224558585404128,0.2418418939053096,0.2418418939053096,0.403069823175516,0.3224558585404128,0.3224558585404128,0.403069823175516,0.403069823175516,0.403069823175516,0.2418418939053096
263,Kevin,5.3,4,0.8,61,0.07,0.12,0.19,3.5,100.0,MID,Fulham,0.5107830058184358,0.5107830058184358,0.5107830058184358,0.5107830058184358,0.5107830058184358,0.5107830058184358,0.6384787572730448,0.6384787572730448,0.6384787572730448,0.38308725436382685,0.6384787572730448,0.38308725436382685,0.5107830058184358,0.5107830058184358,0.5107830058184358,0.5107830058184358,0.5107830058184358,0.6384787572730448,0.38308725436382685,0.5107830058184358,0.5107830058184358,0.5107830058184358,0.5107830058184358,0.5107830058184358,0.38308725436382685,0.5107830058184358,0.38308725436382685,0.6384787572730448,0.5107830058184358,0.5107830058184358,0.38308725436382685,0.38308725436382685,0.6384787572730448,0.5107830058184358,0.5107830058184358,0.6384787572730448,0.6384787572730448,0.6384787572730448,0.38308725436382685
264,Bobb,5.5,13,2.6,343,0.54,1.14,1.68,23.8,100.0,MID,Fulham,3.14387518589335,3.14387518589335,3.14387518589335,3.14387518589335,3.14387518589335,3.14387518589335,3.9298439823666875,3.9298439823666875,3.9298439823666875,2.3579063894200125,3.9298439823666875,2.3579063894200125,3.14387518589335,3.14387518589335,3.14387518589335,3.14387518589335,3.14387518589335,3.9298439823666875,2.3579063894200125,3.14387518589335,3.14387518589335,3.14387518589335,3.14387518589335,3.14387518589335,2.3579063894200125,3.14387518589335,2.3579063894200125,3.9298439823666875,3.14387518589335,3.14387518589335,2.3579063894200125,2.3579063894200125,3.9298439823666875,3.14387518589335,3.14387518589335,3.9298439823666875,3.9298439823666875,3.9298439823666875,2.3579063894200125
265,Berge,4.9,11,2.2,349,0.08,0.36,0.44,15.4,100.0,MID,Fulham,2.6852825104023568,2.6852825104023568,2.6852825104023568,2.6852825104023568,2.6852825104023568,2.6852825104023568,3.3566031380029457,3.3566031380029457,3.3566031380029457,2.013961882801768,3.3566031380029457,2.013961882801768,2.6852825104023568,2.6852825104023568,2.6852825104023568,2.6852825104023568,2.6852825104023568,3.3566031380029457,2.013961882801768,2.6852825104023568,2.6852825104023568,2.6852825104023568,2.6852825104023568,2.6852825104023568,2.013961882801768,2.6852825104023568,2.013961882801768,3.3566031380029457,2.6852825104023568,2.6852825104023568,2.013961882801768,2.013961882801768,3.3566031380029457,2.6852825104023568,2.6852825104023568,3.3566031380029457,3.3566031380029457,3.3566031380029457,2.013961882801768
266,Cairney,4.9,0,0.0,0,0.0,0.0,0.0,0.0,0.0,MID,Fulham,0.0,0.0,0.0,0.0,0.0,0.0,0.0,0.0,0.0,0.0,0.0,0.0,0.0,0.0,0.0,0.0,0.0,0.0,0.0,0.0,0.0,0.0,0.0,0.0,0.0,0.0,0.0,0.0,0.0,0.0,0.0,0.0,0.0,0.0,0.0,0.0,0.0,0.0,0.0
268,King,5.5,24,4.8,425,1.54,0.46,2.0,35.8,100.0,MID,Fulham,3.424429752066115,3.424429752066115,3.424429752066115,3.424429752066115,3.424429752066115,3.424429752066115,4.280537190082644,4.280537190082644,4.280537190082644,2.5683223140495866,4.280537190082644,2.5683223140495866,3.424429752066115,3.424429752066115,3.424429752066115,3.424429752066115,3.424429752066115,4.280537190082644,2.5683223140495866,3.424429752066115,3.424429752066115,3.424429752066115,3.424429752066115,3.424429752066115,2.5683223140495866,3.424429752066115,2.5683223140495866,4.280537190082644,3.424429752066115,3.424429752066115,2.5683223140495866,2.5683223140495866,4.280537190082644,3.424429752066115,3.424429752066115,4.280537190082644,4.280537190082644,4.280537190082644,2.5683223140495866
269,Sessegnon,4.3,3,0.6,50,0.13,0.44,0.57,7.5,100.0,DEF,Fulham,0.3910477053140097,0.3910477053140097,0.3910477053140097,0.3910477053140097,0.3910477053140097,0.3910477053140097,0.4888096316425121,0.4888096316425121,0.4888096316425121,0.29328577898550723,0.4888096316425121,0.29328577898550723,0.3910477053140097,0.3910477053140097,0.3910477053140097,0.3910477053140097,0.3910477053140097,0.4888096316425121,0.29328577898550723,0.3910477053140097,0.3910477053140097,0.3910477053140097,0.3910477053140097,0.3910477053140097,0.29328577898550723,0.3910477053140097,0.29328577898550723,0.4888096316425121,0.3910477053140097,0.3910477053140097,0.29328577898550723,0.29328577898550723,0.4888096316425121,0.3910477053140097,0.3910477053140097,0.4888096316425121,0.4888096316425121,0.4888096316425121,0.29328577898550723
270,Reed,4.4,0,0.0,0,0.0,0.0,0.0,0.0,100.0,MID,Fulham,0.0,0.0,0.0,0.0,0.0,0.0,0.0,0.0,0.0,0.0,0.0,0.0,0.0,0.0,0.0,0.0,0.0,0.0,0.0,0.0,0.0,0.0,0.0,0.0,0.0,0.0,0.0,0.0,0.0,0.0,0.0,0.0,0.0,0.0,0.0,0.0,0.0,0.0,0.0
271,Muniz,5.4,3,0.6,38,0.4,0.0,0.4,7.0,100.0,FWD,Fulham,0.3325309887869521,0.3325309887869521,0.3325309887869521,0.3325309887869521,0.3325309887869521,0.3325309887869521,0.4156637359836901,0.4156637359836901,0.4156637359836901,0.24939824159021406,0.4156637359836901,0.24939824159021406,0.3325309887869521,0.3325309887869521,0.3325309887869521,0.3325309887869521,0.3325309887869521,0.4156637359836901,0.24939824159021406,0.3325309887869521,0.3325309887869521,0.3325309887869521,0.3325309887869521,0.3325309887869521,0.24939824159021406,0.3325309887869521,0.24939824159021406,0.4156637359836901,0.3325309887869521,0.3325309887869521,0.24939824159021406,0.24939824159021406,0.4156637359836901,0.3325309887869521,0.3325309887869521,0.4156637359836901,0.4156637359836901,0.4156637359836901,0.24939824159021406
272,Kusi-Asare,4.5,0,0.0,0,0.0,0.0,0.0,0.0,100.0,FWD,Fulham,0.0,0.0,0.0,0.0,0.0,0.0,0.0,0.0,0.0,0.0,0.0,0.0,0.0,0.0,0.0,0.0,0.0,0.0,0.0,0.0,0.0,0.0,0.0,0.0,0.0,0.0,0.0,0.0,0.0,0.0,0.0,0.0,0.0,0.0,0.0,0.0,0.0,0.0,0.0
569,Gonzalo,6.0,14,2.8,425,2.33,0.58,2.91,22.1,100.0,FWD,Fulham,3.9337603305785116,3.9337603305785116,3.9337603305785116,3.9337603305785116,3.9337603305785116,3.9337603305785116,4.9172004132231395,4.9172004132231395,4.9172004132231395,2.9503202479338837,4.9172004132231395,2.9503202479338837,3.9337603305785116,3.9337603305785116,3.9337603305785116,3.9337603305785116,3.9337603305785116,4.9172004132231395,2.9503202479338837,3.9337603305785116,3.9337603305785116,3.9337603305785116,3.9337603305785116,3.9337603305785116,2.9503202479338837,3.9337603305785116,2.9503202479338837,4.9172004132231395,3.9337603305785116,3.9337603305785116,2.9503202479338837,2.9503202479338837,4.9172004132231395,3.9337603305785116,3.9337603305785116,4.9172004132231395,4.9172004132231395,4.9172004132231395,2.9503202479338837
570,Palacios,5.4,12,2.4,226,0.98,0.03,1.01,14.0,100.0,MID,Fulham,2.1000681992337165,2.1000681992337165,2.1000681992337165,2.1000681992337165,2.1000681992337165,2.1000681992337165,2.6250852490421455,2.6250852490421455,2.6250852490421455,1.5750511494252875,2.6250852490421455,1.5750511494252875,2.1000681992337165,2.1000681992337165,2.1000681992337165,2.1000681992337165,2.1000681992337165,2.6250852490421455,1.5750511494252875,2.1000681992337165,2.1000681992337165,2.1000681992337165,2.1000681992337165,2.1000681992337165,1.5750511494252875,2.1000681992337165,1.5750511494252875,2.6250852490421455,2.1000681992337165,2.1000681992337165,1.5750511494252875,1.5750511494252875,2.6250852490421455,2.1000681992337165,2.1000681992337165,2.6250852490421455,2.6250852490421455,2.6250852490421455,1.5750511494252875
580,Charles,5.0,13,2.6,303,0.09,0.16,0.25,14.5,100.0,MID,Fulham,2.3561028265258184,2.3561028265258184,2.3561028265258184,2.3561028265258184,2.3561028265258184,2.3561028265258184,2.945128533157273,2.945128533157273,2.945128533157273,1.7670771198943638,2.945128533157273,1.7670771198943638,2.3561028265258184,2.3561028265258184,2.3561028265258184,2.3561028265258184,2.3561028265258184,2.945128533157273,1.7670771198943638,2.3561028265258184,2.3561028265258184,2.3561028265258184,2.3561028265258184,2.3561028265258184,1.7670771198943638,2.3561028265258184,1.7670771198943638,2.945128533157273,2.3561028265258184,2.3561028265258184,1.7670771198943638,1.7670771198943638,2.945128533157273,2.3561028265258184,2.3561028265258184,2.945128533157273,2.945128533157273,2.945128533157273,1.7670771198943638
626,Zepa,4.5,0,0.0,0,0.0,0.0,0.0,0.0,100.0,MID,Fulham,0.0,0.0,0.0,0.0,0.0,0.0,0.0,0.0,0.0,0.0,0.0,0.0,0.0,0.0,0.0,0.0,0.0,0.0,0.0,0.0,0.0,0.0,0.0,0.0,0.0,0.0,0.0,0.0,0.0,0.0,0.0,0.0,0.0,0.0,0.0,0.0,0.0,0.0,0.0
635,Larsson,5.0,3,1.0,37,0.13,0.23,0.36,1.8,100.0,MID,Fulham,0.3026556899641577,0.3026556899641577,0.3026556899641577,0.3026556899641577,0.3026556899641577,0.3026556899641577,0.37831961245519713,0.37831961245519713,0.37831961245519713,0.22699176747311828,0.37831961245519713,0.22699176747311828,0.3026556899641577,0.3026556899641577,0.3026556899641577,0.3026556899641577,0.3026556899641577,0.37831961245519713,0.22699176747311828,0.3026556899641577,0.3026556899641577,0.3026556899641577,0.3026556899641577,0.3026556899641577,0.22699176747311828,0.3026556899641577,0.22699176747311828,0.37831961245519713,0.3026556899641577,0.3026556899641577,0.22699176747311828,0.22699176747311828,0.37831961245519713,0.3026556899641577,0.3026556899641577,0.37831961245519713,0.37831961245519713,0.37831961245519713,0.22699176747311828
636,Ángel,5.0,0,0.0,0,0.0,0.0,0.0,0.0,100.0,MID,Fulham,0.0,0.0,0.0,0.0,0.0,0.0,0.0,0.0,0.0,0.0,0.0,0.0,0.0,0.0,0.0,0.0,0.0,0.0,0.0,0.0,0.0,0.0,0.0,0.0,0.0,0.0,0.0,0.0,0.0,0.0,0.0,0.0,0.0,0.0,0.0,0.0,0.0,0.0,0.0
650,Affengruber,4.5,12,4.0,180,0.0,0.02,0.02,6.6,100.0,DEF,Fulham,1.3220833333333335,1.3220833333333335,1.3220833333333335,1.3220833333333335,1.3220833333333335,1.3220833333333335,1.6526041666666669,1.6526041666666669,1.6526041666666669,0.9915625000000001,1.6526041666666669,0.9915625000000001,1.3220833333333335,1.3220833333333335,1.3220833333333335,1.3220833333333335,1.3220833333333335,1.6526041666666669,0.9915625000000001,1.3220833333333335,1.3220833333333335,1.3220833333333335,1.3220833333333335,1.3220833333333335,0.9915625000000001,1.3220833333333335,0.9915625000000001,1.6526041666666669,1.3220833333333335,1.3220833333333335,0.9915625000000001,0.9915625000000001,1.6526041666666669,1.3220833333333335,1.3220833333333335,1.6526041666666669,1.6526041666666669,1.6526041666666669,0.9915625000000001
240,Iroegbunam,5.0,2,0.5,70,0.12,0.01,0.13,3.1,100.0,MID,Hull City,0.5625923253150058,0.5625923253150058,0.5625923253150058,0.5625923253150058,0.5625923253150058,0.5625923253150058,0.5625923253150058,0.5625923253150058,0.5625923253150058,0.7032404066437572,0.42194424398625435,0.7032404066437572,0.5625923253150058,0.5625923253150058,0.5625923253150058,0.5625923253150058,0.42194424398625435,0.42194424398625435,0.7032404066437572,0.5625923253150058,0.5625923253150058,0.42194424398625435,0.7032404066437572,0.5625923253150058,0.5625923253150058,0.7032404066437572,0.42194424398625435,0.42194424398625435,0.5625923253150058,0.42194424398625435,0.42194424398625435,0.42194424398625435,0.7032404066437572,0.5625923253150058,0.5625923253150058,0.5625923253150058,0.7032404066437572,0.5625923253150058,0.7032404066437572
273,Phillips,4.0,0,0.0,0,0.0,0.0,0.0,0.0,100.0,GK,Hull City,0.0,0.0,0.0,0.0,0.0,0.0,0.0,0.0,0.0,0.0,0.0,0.0,0.0,0.0,0.0,0.0,0.0,0.0,0.0,0.0,0.0,0.0,0.0,0.0,0.0,0.0,0.0,0.0,0.0,0.0,0.0,0.0,0.0,0.0,0.0,0.0,0.0,0.0,0.0
274,Butland,4.5,0,0.0,0,0.0,0.0,0.0,0.0,0.0,GK,Hull City,0.0,0.0,0.0,0.0,0.0,0.0,0.0,0.0,0.0,0.0,0.0,0.0,0.0,0.0,0.0,0.0,0.0,0.0,0.0,0.0,0.0,0.0,0.0,0.0,0.0,0.0,0.0,0.0,0.0,0.0,0.0,0.0,0.0,0.0,0.0,0.0,0.0,0.0,0.0
277,Egan,4.1,26,4.5,437,0.05,0.0,0.05,13.4,100.0,DEF,Hull City,2.4257186376039632,2.4257186376039632,2.4257186376039632,2.4257186376039632,2.4257186376039632,2.4257186376039632,2.4257186376039632,2.4257186376039632,2.4257186376039632,3.0321482970049543,1.8192889782029724,3.0321482970049543,2.4257186376039632,2.4257186376039632,2.4257186376039632,2.4257186376039632,1.8192889782029724,1.8192889782029724,3.0321482970049543,2.4257186376039632,2.4257186376039632,1.8192889782029724,3.0321482970049543,2.4257186376039632,2.4257186376039632,3.0321482970049543,1.8192889782029724,1.8192889782029724,2.4257186376039632,1.8192889782029724,1.8192889782029724,1.8192889782029724,3.0321482970049543,2.4257186376039632,2.4257186376039632,2.4257186376039632,3.0321482970049543,2.4257186376039632,3.0321482970049543
278,Hughes,3.9,0,0.0,0,0.0,0.0,0.0,0.0,0.0,DEF,Hull City,0.0,0.0,0.0,0.0,0.0,0.0,0.0,0.0,0.0,0.0,0.0,0.0,0.0,0.0,0.0,0.0,0.0,0.0,0.0,0.0,0.0,0.0,0.0,0.0,0.0,0.0,0.0,0.0,0.0,0.0,0.0,0.0,0.0,0.0,0.0,0.0,0.0,0.0,0.0
279,Ajayi,4.2,27,3.2,423,0.66,0.01,0.67,14.1,100.0,DEF,Hull City,2.608626865671642,2.608626865671642,2.608626865671642,2.608626865671642,2.608626865671642,2.608626865671642,2.608626865671642,2.608626865671642,2.608626865671642,3.2607835820895525,1.9564701492537315,3.2607835820895525,2.608626865671642,2.608626865671642,2.608626865671642,2.608626865671642,1.9564701492537315,1.9564701492537315,3.2607835820895525,2.608626865671642,2.608626865671642,1.9564701492537315,3.2607835820895525,2.608626865671642,2.608626865671642,3.2607835820895525,1.9564701492537315,1.9564701492537315,2.608626865671642,1.9564701492537315,1.9564701492537315,1.9564701492537315,3.2607835820895525,2.608626865671642,2.608626865671642,2.608626865671642,3.2607835820895525,2.608626865671642,3.2607835820895525
280,Coyle,4.0,14,2.0,348,0.13,0.07,0.2,6.5,100.0,DEF,Hull City,2.364364528700466,2.364364528700466,2.364364528700466,2.364364528700466,2.364364528700466,2.364364528700466,2.364364528700466,2.364364528700466,2.364364528700466,2.955455660875583,1.7732733965253495,2.955455660875583,2.364364528700466,2.364364528700466,2.364364528700466,2.364364528700466,1.7732733965253495,1.7732733965253495,2.955455660875583,2.364364528700466,2.364364528700466,1.7732733965253495,2.955455660875583,2.364364528700466,2.364364528700466,2.955455660875583,1.7732733965253495,1.7732733965253495,2.364364528700466,1.7732733965253495,1.7732733965253495,1.7732733965253495,2.955455660875583,2.364364528700466,2.364364528700466,2.364364528700466,2.955455660875583,2.364364528700466,2.955455660875583
282,Giles,4.0,24,4.5,444,0.02,0.43,0.45,22.2,100.0,DEF,Hull City,2.448222870879121,2.448222870879121,2.448222870879121,2.448222870879121,2.448222870879121,2.448222870879121,2.448222870879121,2.448222870879121,2.448222870879121,3.0602785885989015,1.8361671531593409,3.0602785885989015,2.448222870879121,2.448222870879121,2.448222870879121,2.448222870879121,1.8361671531593409,1.8361671531593409,3.0602785885989015,2.448222870879121,2.448222870879121,1.8361671531593409,3.0602785885989015,2.448222870879121,2.448222870879121,3.0602785885989015,1.8361671531593409,1.8361671531593409,2.448222870879121,1.8361671531593409,1.8361671531593409,1.8361671531593409,3.0602785885989015,2.448222870879121,2.448222870879121,2.448222870879121,3.0602785885989015,2.448222870879121,3.0602785885989015
284,McCarthy,4.0,0,0.0,0,0.0,0.0,0.0,0.0,100.0,DEF,Hull City,0.0,0.0,0.0,0.0,0.0,0.0,0.0,0.0,0.0,0.0,0.0,0.0,0.0,0.0,0.0,0.0,0.0,0.0,0.0,0.0,0.0,0.0,0.0,0.0,0.0,0.0,0.0,0.0,0.0,0.0,0.0,0.0,0.0,0.0,0.0,0.0,0.0,0.0,0.0
285,McNair,4.0,1,0.0,26,0.0,0.0,0.0,0.4,100.0,DEF,Hull City,0.18042758521065883,0.18042758521065883,0.18042758521065883,0.18042758521065883,0.18042758521065883,0.18042758521065883,0.18042758521065883,0.18042758521065883,0.18042758521065883,0.22553448151332353,0.13532068890799412,0.22553448151332353,0.18042758521065883,0.18042758521065883,0.18042758521065883,0.18042758521065883,0.13532068890799412,0.13532068890799412,0.22553448151332353,0.18042758521065883,0.18042758521065883,0.13532068890799412,0.22553448151332353,0.18042758521065883,0.18042758521065883,0.22553448151332353,0.13532068890799412,0.13532068890799412,0.18042758521065883,0.13532068890799412,0.13532068890799412,0.13532068890799412,0.22553448151332353,0.18042758521065883,0.18042758521065883,0.18042758521065883,0.22553448151332353,0.18042758521065883,0.22553448151332353
286,Belloumi,5.1,31,7.0,394,0.72,0.43,1.15,32.5,100.0,MID,Hull City,2.9855365853658538,2.9855365853658538,2.9855365853658538,2.9855365853658538,2.9855365853658538,2.9855365853658538,2.9855365853658538,2.9855365853658538,2.9855365853658538,3.731920731707317,2.2391524390243904,3.731920731707317,2.9855365853658538,2.9855365853658538,2.9855365853658538,2.9855365853658538,2.2391524390243904,2.2391524390243904,3.731920731707317,2.9855365853658538,2.9855365853658538,2.2391524390243904,3.731920731707317,2.9855365853658538,2.9855365853658538,3.731920731707317,2.2391524390243904,2.2391524390243904,2.9855365853658538,2.2391524390243904,2.2391524390243904,2.2391524390243904,3.731920731707317,2.9855365853658538,2.9855365853658538,2.9855365853658538,3.731920731707317,2.9855365853658538,3.731920731707317
288,Dowell,4.5,0,0.0,0,0.0,0.0,0.0,0.0,100.0,MID,Hull City,0.0,0.0,0.0,0.0,0.0,0.0,0.0,0.0,0.0,0.0,0.0,0.0,0.0,0.0,0.0,0.0,0.0,0.0,0.0,0.0,0.0,0.0,0.0,0.0,0.0,0.0,0.0,0.0,0.0,0.0,0.0,0.0,0.0,0.0,0.0,0.0,0.0,0.0,0.0
289,Crooks,4.4,3,0.2,203,0.0,0.12,0.12,5.4,100.0,MID,Hull City,1.4724196872153668,1.4724196872153668,1.4724196872153668,1.4724196872153668,1.4724196872153668,1.4724196872153668,1.4724196872153668,1.4724196872153668,1.4724196872153668,1.8405246090192084,1.104314765411525,1.8405246090192084,1.4724196872153668,1.4724196872153668,1.4724196872153668,1.4724196872153668,1.104314765411525,1.104314765411525,1.8405246090192084,1.4724196872153668,1.4724196872153668,1.104314765411525,1.8405246090192084,1.4724196872153668,1.4724196872153668,1.8405246090192084,1.104314765411525,1.104314765411525,1.4724196872153668,1.104314765411525,1.104314765411525,1.104314765411525,1.8405246090192084,1.4724196872153668,1.4724196872153668,1.4724196872153668,1.8405246090192084,1.4724196872153668,1.8405246090192084
290,Slater,4.5,15,2.2,437,0.21,0.59,0.8,17.4,100.0,MID,Hull City,2.6673943454527604,2.6673943454527604,2.6673943454527604,2.6673943454527604,2.6673943454527604,2.6673943454527604,2.6673943454527604,2.6673943454527604,2.6673943454527604,3.3342429318159503,2.0005457590895706,3.3342429318159503,2.6673943454527604,2.6673943454527604,2.6673943454527604,2.6673943454527604,2.0005457590895706,2.0005457590895706,3.3342429318159503,2.6673943454527604,2.6673943454527604,2.0005457590895706,3.3342429318159503,2.6673943454527604,2.6673943454527604,3.3342429318159503,2.0005457590895706,2.0005457590895706,2.6673943454527604,2.0005457590895706,2.0005457590895706,2.0005457590895706,3.3342429318159503,2.6673943454527604,2.6673943454527604,2.6673943454527604,3.3342429318159503,2.6673943454527604,3.3342429318159503
291,Matazo,4.5,0,0.0,0,0.0,0.0,0.0,0.0,0.0,MID,Hull City,0.0,0.0,0.0,0.0,0.0,0.0,0.0,0.0,0.0,0.0,0.0,0.0,0.0,0.0,0.0,0.0,0.0,0.0,0.0,0.0,0.0,0.0,0.0,0.0,0.0,0.0,0.0,0.0,0.0,0.0,0.0,0.0,0.0,0.0,0.0,0.0,0.0,0.0,0.0
292,Ömür,4.9,0,0.0,0,0.0,0.0,0.0,0.0,100.0,MID,Hull City,0.0,0.0,0.0,0.0,0.0,0.0,0.0,0.0,0.0,0.0,0.0,0.0,0.0,0.0,0.0,0.0,0.0,0.0,0.0,0.0,0.0,0.0,0.0,0.0,0.0,0.0,0.0,0.0,0.0,0.0,0.0,0.0,0.0,0.0,0.0,0.0,0.0,0.0,0.0
294,Zambrano,4.5,0,0.0,0,0.0,0.0,0.0,0.0,100.0,MID,Hull City,0.0,0.0,0.0,0.0,0.0,0.0,0.0,0.0,0.0,0.0,0.0,0.0,0.0,0.0,0.0,0.0,0.0,0.0,0.0,0.0,0.0,0.0,0.0,0.0,0.0,0.0,0.0,0.0,0.0,0.0,0.0,0.0,0.0,0.0,0.0,0.0,0.0,0.0,0.0
295,McBurnie,5.5,13,2.0,441,1.23,0.13,1.36,23.0,100.0,FWD,Hull City,3.15427536231884,3.15427536231884,3.15427536231884,3.15427536231884,3.15427536231884,3.15427536231884,3.15427536231884,3.15427536231884,3.15427536231884,3.94284420289855,2.36570652173913,3.94284420289855,3.15427536231884,3.15427536231884,3.15427536231884,3.15427536231884,2.36570652173913,2.36570652173913,3.94284420289855,3.15427536231884,3.15427536231884,2.36570652173913,3.94284420289855,3.15427536231884,3.15427536231884,3.94284420289855,2.36570652173913,2.36570652173913,3.15427536231884,2.36570652173913,2.36570652173913,2.36570652173913,3.94284420289855,3.15427536231884,3.15427536231884,3.15427536231884,3.94284420289855,3.15427536231884,3.94284420289855
297,Gyabi,4.5,0,0.0,0,0.0,0.0,0.0,0.0,0.0,MID,Hull City,0.0,0.0,0.0,0.0,0.0,0.0,0.0,0.0,0.0,0.0,0.0,0.0,0.0,0.0,0.0,0.0,0.0,0.0,0.0,0.0,0.0,0.0,0.0,0.0,0.0,0.0,0.0,0.0,0.0,0.0,0.0,0.0,0.0,0.0,0.0,0.0,0.0,0.0,0.0
340,Gelhardt,5.0,1,0.2,7,0.1,0.02,0.12,1.5,100.0,MID,Hull City,0.056386698065681785,0.056386698065681785,0.056386698065681785,0.056386698065681785,0.056386698065681785,0.056386698065681785,0.056386698065681785,0.056386698065681785,0.056386698065681785,0.07048337258210223,0.04229002354926134,0.07048337258210223,0.056386698065681785,0.056386698065681785,0.056386698065681785,0.056386698065681785,0.04229002354926134,0.04229002354926134,0.07048337258210223,0.056386698065681785,0.056386698065681785,0.04229002354926134,0.07048337258210223,0.056386698065681785,0.056386698065681785,0.07048337258210223,0.04229002354926134,0.04229002354926134,0.056386698065681785,0.04229002354926134,0.04229002354926134,0.04229002354926134,0.07048337258210223,0.056386698065681785,0.056386698065681785,0.056386698065681785,0.07048337258210223,0.056386698065681785,0.07048337258210223
556,Targett,4.0,1,0.0,5,0.0,0.0,0.0,0.0,75.0,DEF,Hull City,0.026040888955253597,0.026040888955253597,0.026040888955253597,0.026040888955253597,0.026040888955253597,0.026040888955253597,0.026040888955253597,0.026040888955253597,0.026040888955253597,0.03255111119406699,0.019530666716440197,0.03255111119406699,0.026040888955253597,0.026040888955253597,0.026040888955253597,0.026040888955253597,0.019530666716440197,0.019530666716440197,0.03255111119406699,0.026040888955253597,0.026040888955253597,0.019530666716440197,0.03255111119406699,0.026040888955253597,0.026040888955253597,0.03255111119406699,0.019530666716440197,0.019530666716440197,0.026040888955253597,0.019530666716440197,0.019530666716440197,0.019530666716440197,0.03255111119406699,0.026040888955253597,0.026040888955253597,0.026040888955253597,0.03255111119406699,0.026040888955253597,0.03255111119406699
563,Morita,5.0,1,0.2,45,0.0,0.0,0.0,2.4,0.0,MID,Hull City,0.0,0.0,0.0,0.0,0.0,0.0,0.0,0.0,0.0,0.0,0.0,0.0,0.0,0.0,0.0,0.0,0.0,0.0,0.0,0.0,0.0,0.0,0.0,0.0,0.0,0.0,0.0,0.0,0.0,0.0,0.0,0.0,0.0,0.0,0.0,0.0,0.0,0.0,0.0
572,Tzolakis,4.6,34,6.0,450,0.0,0.0,0.0,15.0,100.0,GK,Hull City,2.5638095238095238,2.5638095238095238,2.5638095238095238,2.5638095238095238,2.5638095238095238,2.5638095238095238,2.5638095238095238,2.5638095238095238,2.5638095238095238,3.204761904761905,1.9228571428571428,3.204761904761905,2.5638095238095238,2.5638095238095238,2.5638095238095238,2.5638095238095238,1.9228571428571428,1.9228571428571428,3.204761904761905,2.5638095238095238,2.5638095238095238,1.9228571428571428,3.204761904761905,2.5638095238095238,2.5638095238095238,3.204761904761905,1.9228571428571428,1.9228571428571428,2.5638095238095238,1.9228571428571428,1.9228571428571428,1.9228571428571428,3.204761904761905,2.5638095238095238,2.5638095238095238,2.5638095238095238,3.204761904761905,2.5638095238095238,3.204761904761905
574,Hjertø-Dahl,4.9,1,0.2,8,0.0,0.0,0.0,0.0,100.0,MID,Hull City,0.06354839045625436,0.06354839045625436,0.06354839045625436,0.06354839045625436,0.06354839045625436,0.06354839045625436,0.06354839045625436,0.06354839045625436,0.06354839045625436,0.07943548807031796,0.04766129284219077,0.07943548807031796,0.06354839045625436,0.06354839045625436,0.06354839045625436,0.06354839045625436,0.04766129284219077,0.04766129284219077,0.07943548807031796,0.06354839045625436,0.06354839045625436,0.04766129284219077,0.07943548807031796,0.06354839045625436,0.06354839045625436,0.07943548807031796,0.04766129284219077,0.04766129284219077,0.06354839045625436,0.04766129284219077,0.04766129284219077,0.04766129284219077,0.07943548807031796,0.06354839045625436,0.06354839045625436,0.06354839045625436,0.07943548807031796,0.06354839045625436,0.07943548807031796
576,Stroud,5.0,7,1.0,249,0.06,0.05,0.11,3.8,100.0,MID,Hull City,1.9407407170723099,1.9407407170723099,1.9407407170723099,1.9407407170723099,1.9407407170723099,1.9407407170723099,1.9407407170723099,1.9407407170723099,1.9407407170723099,2.425925896340387,1.4555555378042324,2.425925896340387,1.9407407170723099,1.9407407170723099,1.9407407170723099,1.9407407170723099,1.4555555378042324,1.4555555378042324,2.425925896340387,1.9407407170723099,1.9407407170723099,1.4555555378042324,2.425925896340387,1.9407407170723099,1.9407407170723099,2.425925896340387,1.4555555378042324,1.4555555378042324,1.9407407170723099,1.4555555378042324,1.4555555378042324,1.4555555378042324,2.425925896340387,1.9407407170723099,1.9407407170723099,1.9407407170723099,2.425925896340387,1.9407407170723099,2.425925896340387
585,Herrington,4.0,5,1.0,197,0.02,0.04,0.06,7.7,100.0,DEF,Hull City,1.3473066572795458,1.3473066572795458,1.3473066572795458,1.3473066572795458,1.3473066572795458,1.3473066572795458,1.3473066572795458,1.3473066572795458,1.3473066572795458,1.6841333215994323,1.0104799929596593,1.6841333215994323,1.3473066572795458,1.3473066572795458,1.3473066572795458,1.3473066572795458,1.0104799929596593,1.0104799929596593,1.6841333215994323,1.3473066572795458,1.3473066572795458,1.0104799929596593,1.6841333215994323,1.3473066572795458,1.3473066572795458,1.6841333215994323,1.0104799929596593,1.0104799929596593,1.3473066572795458,1.0104799929596593,1.0104799929596593,1.0104799929596593,1.6841333215994323,1.3473066572795458,1.3473066572795458,1.3473066572795458,1.6841333215994323,1.3473066572795458,1.6841333215994323
586,Mendy,4.1,25,2.5,249,0.32,0.0,0.32,16.4,100.0,DEF,Hull City,1.7551352650830458,1.7551352650830458,1.7551352650830458,1.7551352650830458,1.7551352650830458,1.7551352650830458,1.7551352650830458,1.7551352650830458,1.7551352650830458,2.1939190813538074,1.3163514488122843,2.1939190813538074,1.7551352650830458,1.7551352650830458,1.7551352650830458,1.7551352650830458,1.3163514488122843,1.3163514488122843,2.1939190813538074,1.7551352650830458,1.7551352650830458,1.3163514488122843,2.1939190813538074,1.7551352650830458,1.7551352650830458,2.1939190813538074,1.3163514488122843,1.3163514488122843,1.7551352650830458,1.3163514488122843,1.3163514488122843,1.3163514488122843,2.1939190813538074,1.7551352650830458,1.7551352650830458,1.7551352650830458,2.1939190813538074,1.7551352650830458,2.1939190813538074
589,Gourna-Douath,5.0,4,1.0,138,0.03,0.03,0.06,6.5,100.0,MID,Hull City,1.0950074072054385,1.0950074072054385,1.0950074072054385,1.0950074072054385,1.0950074072054385,1.0950074072054385,1.0950074072054385,1.0950074072054385,1.0950074072054385,1.368759259006798,0.8212555554040789,1.368759259006798,1.0950074072054385,1.0950074072054385,1.0950074072054385,1.0950074072054385,0.8212555554040789,0.8212555554040789,1.368759259006798,1.0950074072054385,1.0950074072054385,0.8212555554040789,1.368759259006798,1.0950074072054385,1.0950074072054385,1.368759259006798,0.8212555554040789,0.8212555554040789,1.0950074072054385,0.8212555554040789,0.8212555554040789,0.8212555554040789,1.368759259006798,1.0950074072054385,1.0950074072054385,1.0950074072054385,1.368759259006798,1.0950074072054385,1.368759259006798
617,Cho,5.0,9,2.2,72,0.79,0.36,1.15,14.9,100.0,MID,Hull City,0.7294,0.7294,0.7294,0.7294,0.7294,0.7294,0.7294,0.7294,0.7294,0.9117500000000001,0.54705,0.9117500000000001,0.7294,0.7294,0.7294,0.7294,0.54705,0.54705,0.9117500000000001,0.7294,0.7294,0.54705,0.9117500000000001,0.7294,0.7294,0.9117500000000001,0.54705,0.54705,0.7294,0.54705,0.54705,0.54705,0.9117500000000001,0.7294,0.7294,0.7294,0.9117500000000001,0.7294,0.9117500000000001
632,Ansah,5.0,0,0.0,0,0.0,0.0,0.0,0.0,0.0,FWD,Hull City,0.0,0.0,0.0,0.0,0.0,0.0,0.0,0.0,0.0,0.0,0.0,0.0,0.0,0.0,0.0,0.0,0.0,0.0,0.0,0.0,0.0,0.0,0.0,0.0,0.0,0.0,0.0,0.0,0.0,0.0,0.0,0.0,0.0,0.0,0.0,0.0,0.0,0.0,0.0
637,Vaz,5.0,2,0.7,20,0.0,0.01,0.01,1.6,100.0,FWD,Hull City,0.16100603864734297,0.16100603864734297,0.16100603864734297,0.16100603864734297,0.16100603864734297,0.16100603864734297,0.16100603864734297,0.16100603864734297,0.16100603864734297,0.20125754830917872,0.12075452898550723,0.20125754830917872,0.16100603864734297,0.16100603864734297,0.16100603864734297,0.16100603864734297,0.12075452898550723,0.12075452898550723,0.20125754830917872,0.16100603864734297,0.16100603864734297,0.12075452898550723,0.20125754830917872,0.16100603864734297,0.16100603864734297,0.20125754830917872,0.12075452898550723,0.12075452898550723,0.16100603864734297,0.12075452898550723,0.12075452898550723,0.12075452898550723,0.20125754830917872,0.16100603864734297,0.16100603864734297,0.16100603864734297,0.20125754830917872,0.16100603864734297,0.20125754830917872
638,Norton-Cuffy,4.0,1,0.3,34,0.05,0.0,0.05,1.2,75.0,DEF,Hull City,0.17697067390115204,0.17697067390115204,0.17697067390115204,0.17697067390115204,0.17697067390115204,0.17697067390115204,0.17697067390115204,0.17697067390115204,0.17697067390115204,0.22121334237644005,0.13272800542586402,0.22121334237644005,0.17697067390115204,0.17697067390115204,0.17697067390115204,0.17697067390115204,0.13272800542586402,0.13272800542586402,0.22121334237644005,0.17697067390115204,0.17697067390115204,0.13272800542586402,0.22121334237644005,0.17697067390115204,0.17697067390115204,0.22121334237644005,0.13272800542586402,0.13272800542586402,0.17697067390115204,0.13272800542586402,0.13272800542586402,0.13272800542586402,0.22121334237644005,0.17697067390115204,0.17697067390115204,0.17697067390115204,0.22121334237644005,0.17697067390115204,0.22121334237644005
642,Thomas,5.5,4,1.3,119,0.21,0.11,0.32,5.8,100.0,MID,Hull City,1.0226371621284045,1.0226371621284045,1.0226371621284045,1.0226371621284045,1.0226371621284045,1.0226371621284045,1.0226371621284045,1.0226371621284045,1.0226371621284045,1.2782964526605056,0.7669778715963034,1.2782964526605056,1.0226371621284045,1.0226371621284045,1.0226371621284045,1.0226371621284045,0.7669778715963034,0.7669778715963034,1.2782964526605056,1.0226371621284045,1.0226371621284045,0.7669778715963034,1.2782964526605056,1.0226371621284045,1.0226371621284045,1.2782964526605056,0.7669778715963034,0.7669778715963034,1.0226371621284045,0.7669778715963034,0.7669778715963034,0.7669778715963034,1.2782964526605056,1.0226371621284045,1.0226371621284045,1.0226371621284045,1.2782964526605056,1.0226371621284045,1.2782964526605056
645,Mouzakitis,5.0,0,0.0,0,0.0,0.0,0.0,0.0,100.0,MID,Hull City,0.0,0.0,0.0,0.0,0.0,0.0,0.0,0.0,0.0,0.0,0.0,0.0,0.0,0.0,0.0,0.0,0.0,0.0,0.0,0.0,0.0,0.0,0.0,0.0,0.0,0.0,0.0,0.0,0.0,0.0,0.0,0.0,0.0,0.0,0.0,0.0,0.0,0.0,0.0
259,Diop,4.0,12,2.5,450,0.06,0.16,0.22,15.5,100.0,DEF,Ipswich Town,2.416666666666667,2.416666666666667,2.416666666666667,2.416666666666667,2.416666666666667,2.416666666666667,3.020833333333334,1.8125000000000002,2.416666666666667,3.020833333333334,2.416666666666667,2.416666666666667,2.416666666666667,3.020833333333334,2.416666666666667,3.020833333333334,2.416666666666667,2.416666666666667,1.8125000000000002,1.8125000000000002,3.020833333333334,2.416666666666667,3.020833333333334,1.8125000000000002,2.416666666666667,1.8125000000000002,1.8125000000000002,3.020833333333334,2.416666666666667,1.8125000000000002,2.416666666666667,2.416666666666667,1.8125000000000002,2.416666666666667,3.020833333333334,2.416666666666667,1.8125000000000002,2.416666666666667,2.416666666666667
267,Lukić,4.9,11,1.5,400,0.02,0.41,0.43,15.8,100.0,MID,Ipswich Town,2.74053050397878,2.74053050397878,2.74053050397878,2.74053050397878,2.74053050397878,2.74053050397878,3.425663129973475,2.055397877984085,2.74053050397878,3.425663129973475,2.74053050397878,2.74053050397878,2.74053050397878,3.425663129973475,2.74053050397878,3.425663129973475,2.74053050397878,2.74053050397878,2.055397877984085,2.055397877984085,3.425663129973475,2.74053050397878,3.425663129973475,2.055397877984085,2.74053050397878,2.055397877984085,2.055397877984085,3.425663129973475,2.74053050397878,2.055397877984085,2.74053050397878,2.74053050397878,2.055397877984085,2.74053050397878,3.425663129973475,2.74053050397878,2.055397877984085,2.74053050397878,2.74053050397878
300,Walton,4.4,2,0.5,90,0.0,0.01,0.01,1.2,100.0,GK,Ipswich Town,0.6602272727272728,0.6602272727272728,0.6602272727272728,0.6602272727272728,0.6602272727272728,0.6602272727272728,0.8252840909090909,0.4951704545454546,0.6602272727272728,0.8252840909090909,0.6602272727272728,0.6602272727272728,0.6602272727272728,0.8252840909090909,0.6602272727272728,0.8252840909090909,0.6602272727272728,0.6602272727272728,0.4951704545454546,0.4951704545454546,0.8252840909090909,0.6602272727272728,0.8252840909090909,0.4951704545454546,0.6602272727272728,0.4951704545454546,0.4951704545454546,0.8252840909090909,0.6602272727272728,0.4951704545454546,0.6602272727272728,0.6602272727272728,0.4951704545454546,0.6602272727272728,0.8252840909090909,0.6602272727272728,0.4951704545454546,0.6602272727272728,0.6602272727272728
301,Palmer,4.0,0,0.0,0,0.0,0.0,0.0,0.0,100.0,GK,Ipswich Town,0.0,0.0,0.0,0.0,0.0,0.0,0.0,0.0,0.0,0.0,0.0,0.0,0.0,0.0,0.0,0.0,0.0,0.0,0.0,0.0,0.0,0.0,0.0,0.0,0.0,0.0,0.0,0.0,0.0,0.0,0.0,0.0,0.0,0.0,0.0,0.0,0.0,0.0,0.0
302,Button,4.0,0,0.0,0,0.0,0.0,0.0,0.0,100.0,GK,Ipswich Town,0.0,0.0,0.0,0.0,0.0,0.0,0.0,0.0,0.0,0.0,0.0,0.0,0.0,0.0,0.0,0.0,0.0,0.0,0.0,0.0,0.0,0.0,0.0,0.0,0.0,0.0,0.0,0.0,0.0,0.0,0.0,0.0,0.0,0.0,0.0,0.0,0.0,0.0,0.0
303,Kipré,3.9,0,0.0,0,0.0,0.0,0.0,0.0,100.0,DEF,Ipswich Town,0.0,0.0,0.0,0.0,0.0,0.0,0.0,0.0,0.0,0.0,0.0,0.0,0.0,0.0,0.0,0.0,0.0,0.0,0.0,0.0,0.0,0.0,0.0,0.0,0.0,0.0,0.0,0.0,0.0,0.0,0.0,0.0,0.0,0.0,0.0,0.0,0.0,0.0,0.0
304,O'Shea,4.0,10,1.5,450,0.07,0.26,0.33,22.1,100.0,DEF,Ipswich Town,2.4330952380952384,2.4330952380952384,2.4330952380952384,2.4330952380952384,2.4330952380952384,2.4330952380952384,3.041369047619048,1.8248214285714288,2.4330952380952384,3.041369047619048,2.4330952380952384,2.4330952380952384,2.4330952380952384,3.041369047619048,2.4330952380952384,3.041369047619048,2.4330952380952384,2.4330952380952384,1.8248214285714288,1.8248214285714288,3.041369047619048,2.4330952380952384,3.041369047619048,1.8248214285714288,2.4330952380952384,1.8248214285714288,1.8248214285714288,3.041369047619048,2.4330952380952384,1.8248214285714288,2.4330952380952384,2.4330952380952384,1.8248214285714288,2.4330952380952384,3.041369047619048,2.4330952380952384,1.8248214285714288,2.4330952380952384,2.4330952380952384
305,Davis,4.0,25,5.8,450,1.59,0.46,2.05,32.5,100.0,DEF,Ipswich Town,3.1035,3.1035,3.1035,3.1035,3.1035,3.1035,3.879375,2.327625,3.1035,3.879375,3.1035,3.1035,3.1035,3.879375,3.1035,3.879375,3.1035,3.1035,2.327625,2.327625,3.879375,3.1035,3.879375,2.327625,3.1035,2.327625,2.327625,3.879375,3.1035,2.327625,3.1035,3.1035,2.327625,3.1035,3.879375,3.1035,2.327625,3.1035,3.1035
306,Greaves,4.0,3,0.2,357,0.0,0.06,0.06,9.0,100.0,DEF,Ipswich Town,2.3940444571850152,2.3940444571850152,2.3940444571850152,2.3940444571850152,2.3940444571850152,2.3940444571850152,2.992555571481269,1.7955333428887614,2.3940444571850152,2.992555571481269,2.3940444571850152,2.3940444571850152,2.3940444571850152,2.992555571481269,2.3940444571850152,2.992555571481269,2.3940444571850152,2.3940444571850152,1.7955333428887614,1.7955333428887614,2.992555571481269,2.3940444571850152,2.992555571481269,1.7955333428887614,2.3940444571850152,1.7955333428887614,1.7955333428887614,2.992555571481269,2.3940444571850152,1.7955333428887614,2.3940444571850152,2.3940444571850152,1.7955333428887614,2.3940444571850152,2.992555571481269,2.3940444571850152,1.7955333428887614,2.3940444571850152,2.3940444571850152
308,Furlong,3.9,1,0.2,17,0.0,0.0,0.0,0.6,100.0,DEF,Ipswich Town,0.11613191572853679,0.11613191572853679,0.11613191572853679,0.11613191572853679,0.11613191572853679,0.11613191572853679,0.14516489466067098,0.0870989367964026,0.11613191572853679,0.14516489466067098,0.11613191572853679,0.11613191572853679,0.11613191572853679,0.14516489466067098,0.11613191572853679,0.14516489466067098,0.11613191572853679,0.11613191572853679,0.0870989367964026,0.0870989367964026,0.14516489466067098,0.11613191572853679,0.14516489466067098,0.0870989367964026,0.11613191572853679,0.0870989367964026,0.0870989367964026,0.14516489466067098,0.11613191572853679,0.0870989367964026,0.11613191572853679,0.11613191572853679,0.0870989367964026,0.11613191572853679,0.14516489466067098,0.11613191572853679,0.0870989367964026,0.11613191572853679,0.11613191572853679
309,Núñez,4.9,6,0.5,140,0.03,0.05,0.08,5.0,100.0,MID,Ipswich Town,1.0967215878739318,1.0967215878739318,1.0967215878739318,1.0967215878739318,1.0967215878739318,1.0967215878739318,1.3709019848424147,0.8225411909054489,1.0967215878739318,1.3709019848424147,1.0967215878739318,1.0967215878739318,1.0967215878739318,1.3709019848424147,1.0967215878739318,1.3709019848424147,1.0967215878739318,1.0967215878739318,0.8225411909054489,0.8225411909054489,1.3709019848424147,1.0967215878739318,1.3709019848424147,0.8225411909054489,1.0967215878739318,0.8225411909054489,0.8225411909054489,1.3709019848424147,1.0967215878739318,0.8225411909054489,1.0967215878739318,1.0967215878739318,0.8225411909054489,1.0967215878739318,1.3709019848424147,1.0967215878739318,0.8225411909054489,1.0967215878739318,1.0967215878739318
310,Matusiwa,4.9,0,0.0,0,0.0,0.0,0.0,0.0,100.0,MID,Ipswich Town,0.0,0.0,0.0,0.0,0.0,0.0,0.0,0.0,0.0,0.0,0.0,0.0,0.0,0.0,0.0,0.0,0.0,0.0,0.0,0.0,0.0,0.0,0.0,0.0,0.0,0.0,0.0,0.0,0.0,0.0,0.0,0.0,0.0,0.0,0.0,0.0,0.0,0.0,0.0
312,Taylor,4.4,0,0.0,0,0.0,0.0,0.0,0.0,0.0,MID,Ipswich Town,0.0,0.0,0.0,0.0,0.0,0.0,0.0,0.0,0.0,0.0,0.0,0.0,0.0,0.0,0.0,0.0,0.0,0.0,0.0,0.0,0.0,0.0,0.0,0.0,0.0,0.0,0.0,0.0,0.0,0.0,0.0,0.0,0.0,0.0,0.0,0.0,0.0,0.0,0.0
313,Clarke,5.4,11,1.0,170,0.3,0.37,0.67,15.2,100.0,MID,Ipswich Town,1.4839111111111112,1.4839111111111112,1.4839111111111112,1.4839111111111112,1.4839111111111112,1.4839111111111112,1.854888888888889,1.1129333333333333,1.4839111111111112,1.854888888888889,1.4839111111111112,1.4839111111111112,1.4839111111111112,1.854888888888889,1.4839111111111112,1.854888888888889,1.4839111111111112,1.4839111111111112,1.1129333333333333,1.1129333333333333,1.854888888888889,1.4839111111111112,1.854888888888889,1.1129333333333333,1.4839111111111112,1.1129333333333333,1.1129333333333333,1.854888888888889,1.4839111111111112,1.1129333333333333,1.4839111111111112,1.4839111111111112,1.1129333333333333,1.4839111111111112,1.854888888888889,1.4839111111111112,1.1129333333333333,1.4839111111111112,1.4839111111111112
315,Fatawu,5.4,8,1.5,352,0.17,1.11,1.28,24.0,0.0,MID,Ipswich Town,0.0,0.0,0.0,0.0,0.0,0.0,0.0,0.0,0.0,0.0,0.0,0.0,0.0,0.0,0.0,0.0,0.0,0.0,0.0,0.0,0.0,0.0,0.0,0.0,0.0,0.0,0.0,0.0,0.0,0.0,0.0,0.0,0.0,0.0,0.0,0.0,0.0,0.0,0.0
316,Emersonn,5.5,26,4.2,317,1.61,0.12,1.73,25.3,100.0,FWD,Ipswich Town,3.1461257824726134,3.1461257824726134,3.1461257824726134,3.1461257824726134,3.1461257824726134,3.1461257824726134,3.9326572280907666,2.3595943368544603,3.1461257824726134,3.9326572280907666,3.1461257824726134,3.1461257824726134,3.1461257824726134,3.9326572280907666,3.1461257824726134,3.9326572280907666,3.1461257824726134,3.1461257824726134,2.3595943368544603,2.3595943368544603,3.9326572280907666,3.1461257824726134,3.9326572280907666,2.3595943368544603,3.1461257824726134,2.3595943368544603,2.3595943368544603,3.9326572280907666,3.1461257824726134,2.3595943368544603,3.1461257824726134,3.1461257824726134,2.3595943368544603,3.1461257824726134,3.9326572280907666,3.1461257824726134,2.3595943368544603,3.1461257824726134,3.1461257824726134
318,Philogene,5.4,2,0.5,52,0.08,0.01,0.08,2.2,100.0,MID,Ipswich Town,0.44081516629640355,0.44081516629640355,0.44081516629640355,0.44081516629640355,0.44081516629640355,0.44081516629640355,0.5510189578705045,0.3306113747223027,0.44081516629640355,0.5510189578705045,0.44081516629640355,0.44081516629640355,0.44081516629640355,0.5510189578705045,0.44081516629640355,0.5510189578705045,0.44081516629640355,0.44081516629640355,0.3306113747223027,0.3306113747223027,0.5510189578705045,0.44081516629640355,0.5510189578705045,0.3306113747223027,0.44081516629640355,0.3306113747223027,0.3306113747223027,0.5510189578705045,0.44081516629640355,0.3306113747223027,0.44081516629640355,0.44081516629640355,0.3306113747223027,0.44081516629640355,0.5510189578705045,0.44081516629640355,0.3306113747223027,0.44081516629640355,0.44081516629640355
320,Akpom,5.0,7,1.5,78,1.14,0.0,1.14,6.1,100.0,FWD,Ipswich Town,0.8222903100775193,0.8222903100775193,0.8222903100775193,0.8222903100775193,0.8222903100775193,0.8222903100775193,1.0278628875968991,0.6167177325581394,0.8222903100775193,1.0278628875968991,0.8222903100775193,0.8222903100775193,0.8222903100775193,1.0278628875968991,0.8222903100775193,1.0278628875968991,0.8222903100775193,0.8222903100775193,0.6167177325581394,0.6167177325581394,1.0278628875968991,0.8222903100775193,1.0278628875968991,0.6167177325581394,0.8222903100775193,0.6167177325581394,0.6167177325581394,1.0278628875968991,0.8222903100775193,0.6167177325581394,0.8222903100775193,0.8222903100775193,0.6167177325581394,0.8222903100775193,1.0278628875968991,0.8222903100775193,0.6167177325581394,0.8222903100775193,0.8222903100775193
321,Walle Egeli,4.5,1,0.0,10,0.0,0.0,0.0,0.0,100.0,FWD,Ipswich Town,0.07498875393612237,0.07498875393612237,0.07498875393612237,0.07498875393612237,0.07498875393612237,0.07498875393612237,0.09373594242015296,0.056241565452091774,0.07498875393612237,0.09373594242015296,0.07498875393612237,0.07498875393612237,0.07498875393612237,0.09373594242015296,0.07498875393612237,0.09373594242015296,0.07498875393612237,0.07498875393612237,0.056241565452091774,0.056241565452091774,0.09373594242015296,0.07498875393612237,0.09373594242015296,0.056241565452091774,0.07498875393612237,0.056241565452091774,0.056241565452091774,0.09373594242015296,0.07498875393612237,0.056241565452091774,0.07498875393612237,0.07498875393612237,0.056241565452091774,0.07498875393612237,0.09373594242015296,0.07498875393612237,0.056241565452091774,0.07498875393612237,0.07498875393612237
323,McAteer,4.4,3,0.5,42,0.05,0.0,0.05,1.4,100.0,MID,Ipswich Town,0.3099052476042922,0.3099052476042922,0.3099052476042922,0.3099052476042922,0.3099052476042922,0.3099052476042922,0.3873815595053653,0.23242893570321915,0.3099052476042922,0.3873815595053653,0.3099052476042922,0.3099052476042922,0.3099052476042922,0.3873815595053653,0.3099052476042922,0.3873815595053653,0.3099052476042922,0.3099052476042922,0.23242893570321915,0.23242893570321915,0.3873815595053653,0.3099052476042922,0.3873815595053653,0.23242893570321915,0.3099052476042922,0.23242893570321915,0.23242893570321915,0.3873815595053653,0.3099052476042922,0.23242893570321915,0.3099052476042922,0.3099052476042922,0.23242893570321915,0.3099052476042922,0.3873815595053653,0.3099052476042922,0.23242893570321915,0.3099052476042922,0.3099052476042922
324,Mehmeti,4.8,0,0.0,0,0.0,0.0,0.0,0.0,100.0,MID,Ipswich Town,0.0,0.0,0.0,0.0,0.0,0.0,0.0,0.0,0.0,0.0,0.0,0.0,0.0,0.0,0.0,0.0,0.0,0.0,0.0,0.0,0.0,0.0,0.0,0.0,0.0,0.0,0.0,0.0,0.0,0.0,0.0,0.0,0.0,0.0,0.0,0.0,0.0,0.0,0.0
562,Maeda,5.3,8,1.5,259,0.71,0.02,0.73,8.1,100.0,MID,Ipswich Town,2.2057265312579095,2.2057265312579095,2.2057265312579095,2.2057265312579095,2.2057265312579095,2.2057265312579095,2.757158164072387,1.6542948984434322,2.2057265312579095,2.757158164072387,2.2057265312579095,2.2057265312579095,2.2057265312579095,2.757158164072387,2.2057265312579095,2.757158164072387,2.2057265312579095,2.2057265312579095,1.6542948984434322,1.6542948984434322,2.757158164072387,2.2057265312579095,2.757158164072387,1.6542948984434322,2.2057265312579095,1.6542948984434322,1.6542948984434322,2.757158164072387,2.2057265312579095,1.6542948984434322,2.2057265312579095,2.2057265312579095,1.6542948984434322,2.2057265312579095,2.757158164072387,2.2057265312579095,1.6542948984434322,2.2057265312579095,2.2057265312579095
564,Scherpen,4.5,7,1.2,360,0.0,0.01,0.01,10.3,100.0,GK,Ipswich Town,2.568095238095238,2.568095238095238,2.568095238095238,2.568095238095238,2.568095238095238,2.568095238095238,3.210119047619048,1.9260714285714287,2.568095238095238,3.210119047619048,2.568095238095238,2.568095238095238,2.568095238095238,3.210119047619048,2.568095238095238,3.210119047619048,2.568095238095238,2.568095238095238,1.9260714285714287,1.9260714285714287,3.210119047619048,2.568095238095238,3.210119047619048,1.9260714285714287,2.568095238095238,1.9260714285714287,1.9260714285714287,3.210119047619048,2.568095238095238,1.9260714285714287,2.568095238095238,2.568095238095238,1.9260714285714287,2.568095238095238,3.210119047619048,2.568095238095238,1.9260714285714287,2.568095238095238,2.568095238095238
571,Florentino,4.8,2,0.5,30,0.0,0.01,0.01,3.2,100.0,MID,Ipswich Town,0.23469662058371735,0.23469662058371735,0.23469662058371735,0.23469662058371735,0.23469662058371735,0.23469662058371735,0.2933707757296467,0.17602246543778802,0.23469662058371735,0.2933707757296467,0.23469662058371735,0.23469662058371735,0.23469662058371735,0.2933707757296467,0.23469662058371735,0.2933707757296467,0.23469662058371735,0.23469662058371735,0.17602246543778802,0.17602246543778802,0.2933707757296467,0.23469662058371735,0.2933707757296467,0.17602246543778802,0.23469662058371735,0.17602246543778802,0.17602246543778802,0.2933707757296467,0.23469662058371735,0.17602246543778802,0.23469662058371735,0.23469662058371735,0.17602246543778802,0.23469662058371735,0.2933707757296467,0.23469662058371735,0.17602246543778802,0.23469662058371735,0.23469662058371735
591,Enciso,5.5,15,2.5,413,1.26,0.89,2.15,23.6,100.0,MID,Ipswich Town,3.449763912310287,3.449763912310287,3.449763912310287,3.449763912310287,3.449763912310287,3.449763912310287,4.312204890387859,2.587322934232715,3.449763912310287,4.312204890387859,3.449763912310287,3.449763912310287,3.449763912310287,4.312204890387859,3.449763912310287,4.312204890387859,3.449763912310287,3.449763912310287,2.587322934232715,2.587322934232715,4.312204890387859,3.449763912310287,4.312204890387859,2.587322934232715,3.449763912310287,2.587322934232715,2.587322934232715,4.312204890387859,3.449763912310287,2.587322934232715,3.449763912310287,3.449763912310287,2.587322934232715,3.449763912310287,4.312204890387859,3.449763912310287,2.587322934232715,3.449763912310287,3.449763912310287
592,Ouattara,4.0,6,1.2,131,0.02,0.03,0.05,7.6,100.0,DEF,Ipswich Town,0.9023928301260425,0.9023928301260425,0.9023928301260425,0.9023928301260425,0.9023928301260425,0.9023928301260425,1.1279910376575533,0.6767946225945319,0.9023928301260425,1.1279910376575533,0.9023928301260425,0.9023928301260425,0.9023928301260425,1.1279910376575533,0.9023928301260425,1.1279910376575533,0.9023928301260425,0.9023928301260425,0.6767946225945319,0.6767946225945319,1.1279910376575533,0.9023928301260425,1.1279910376575533,0.6767946225945319,0.9023928301260425,0.6767946225945319,0.6767946225945319,1.1279910376575533,0.9023928301260425,0.6767946225945319,0.9023928301260425,0.9023928301260425,0.6767946225945319,0.9023928301260425,1.1279910376575533,0.9023928301260425,0.6767946225945319,0.9023928301260425,0.9023928301260425
619,Palacios,5.0,11,2.8,275,0.0,0.09,0.09,10.6,100.0,MID,Ipswich Town,2.1275761177356918,2.1275761177356918,2.1275761177356918,2.1275761177356918,2.1275761177356918,2.1275761177356918,2.659470147169615,1.5956820883017688,2.1275761177356918,2.659470147169615,2.1275761177356918,2.1275761177356918,2.1275761177356918,2.659470147169615,2.1275761177356918,2.659470147169615,2.1275761177356918,2.1275761177356918,1.5956820883017688,1.5956820883017688,2.659470147169615,2.1275761177356918,2.659470147169615,1.5956820883017688,2.1275761177356918,1.5956820883017688,1.5956820883017688,2.659470147169615,2.1275761177356918,1.5956820883017688,2.1275761177356918,2.1275761177356918,1.5956820883017688,2.1275761177356918,2.659470147169615,2.1275761177356918,1.5956820883017688,2.1275761177356918,2.1275761177356918
640,Flemming,5.5,6,2.0,60,0.64,0.01,0.65,10.5,100.0,FWD,Ipswich Town,0.5694583333333332,0.5694583333333332,0.5694583333333332,0.5694583333333332,0.5694583333333332,0.5694583333333332,0.7118229166666665,0.4270937499999999,0.5694583333333332,0.7118229166666665,0.5694583333333332,0.5694583333333332,0.5694583333333332,0.7118229166666665,0.5694583333333332,0.7118229166666665,0.5694583333333332,0.5694583333333332,0.4270937499999999,0.4270937499999999,0.7118229166666665,0.5694583333333332,0.7118229166666665,0.4270937499999999,0.5694583333333332,0.4270937499999999,0.4270937499999999,0.7118229166666665,0.5694583333333332,0.4270937499999999,0.5694583333333332,0.5694583333333332,0.4270937499999999,0.5694583333333332,0.7118229166666665,0.5694583333333332,0.4270937499999999,0.5694583333333332,0.5694583333333332
260,Wilson,6.2,5,0.5,145,0.01,0.09,0.1,8.5,0.0,MID,Leeds,0.0,0.0,0.0,0.0,0.0,0.0,0.0,0.0,0.0,0.0,0.0,0.0,0.0,0.0,0.0,0.0,0.0,0.0,0.0,0.0,0.0,0.0,0.0,0.0,0.0,0.0,0.0,0.0,0.0,0.0,0.0,0.0,0.0,0.0,0.0,0.0,0.0,0.0,0.0
327,Bijol,5.0,12,0.5,164,0.11,0.0,0.11,5.4,100.0,DEF,Leeds,1.3000765661731848,1.3000765661731848,1.3000765661731848,1.3000765661731848,1.3000765661731848,1.3000765661731848,0.9750574246298886,0.9750574246298886,1.3000765661731848,1.3000765661731848,1.3000765661731848,0.9750574246298886,1.625095707716481,0.9750574246298886,1.625095707716481,0.9750574246298886,1.625095707716481,0.9750574246298886,1.625095707716481,1.3000765661731848,0.9750574246298886,1.3000765661731848,0.9750574246298886,1.625095707716481,1.3000765661731848,1.3000765661731848,1.3000765661731848,1.3000765661731848,1.625095707716481,1.625095707716481,1.3000765661731848,1.3000765661731848,1.3000765661731848,0.9750574246298886,1.625095707716481,0.9750574246298886,0.9750574246298886,1.625095707716481,1.3000765661731848
329,Rodon,4.3,7,0.2,123,0.03,0.06,0.09,4.5,0.0,DEF,Leeds,0.0,0.0,0.0,0.0,0.0,0.0,0.0,0.0,0.0,0.0,0.0,0.0,0.0,0.0,0.0,0.0,0.0,0.0,0.0,0.0,0.0,0.0,0.0,0.0,0.0,0.0,0.0,0.0,0.0,0.0,0.0,0.0,0.0,0.0,0.0,0.0,0.0,0.0,0.0
330,Bogle,4.6,42,9.0,365,1.38,0.08,1.46,26.2,100.0,DEF,Leeds,3.1386788990825685,3.1386788990825685,3.1386788990825685,3.1386788990825685,3.1386788990825685,3.1386788990825685,2.3540091743119262,2.3540091743119262,3.1386788990825685,3.1386788990825685,3.1386788990825685,2.3540091743119262,3.9233486238532107,2.3540091743119262,3.9233486238532107,2.3540091743119262,3.9233486238532107,2.3540091743119262,3.9233486238532107,3.1386788990825685,2.3540091743119262,3.1386788990825685,2.3540091743119262,3.9233486238532107,3.1386788990825685,3.1386788990825685,3.1386788990825685,3.1386788990825685,3.9233486238532107,3.9233486238532107,3.1386788990825685,3.1386788990825685,3.1386788990825685,2.3540091743119262,3.9233486238532107,2.3540091743119262,2.3540091743119262,3.9233486238532107,3.1386788990825685
331,Gudmundsson,4.5,14,3.5,252,0.0,0.21,0.21,7.7,100.0,DEF,Leeds,1.8475716145833334,1.8475716145833334,1.8475716145833334,1.8475716145833334,1.8475716145833334,1.8475716145833334,1.3856787109375,1.3856787109375,1.8475716145833334,1.8475716145833334,1.8475716145833334,1.3856787109375,2.309464518229167,1.3856787109375,2.309464518229167,1.3856787109375,2.309464518229167,1.3856787109375,2.309464518229167,1.8475716145833334,1.3856787109375,1.8475716145833334,1.3856787109375,2.309464518229167,1.8475716145833334,1.8475716145833334,1.8475716145833334,1.8475716145833334,2.309464518229167,2.309464518229167,1.8475716145833334,1.8475716145833334,1.8475716145833334,1.3856787109375,2.309464518229167,1.3856787109375,1.3856787109375,2.309464518229167,1.8475716145833334
332,Justin,4.5,26,4.0,450,0.22,0.42,0.64,20.0,100.0,DEF,Leeds,2.640476190476191,2.640476190476191,2.640476190476191,2.640476190476191,2.640476190476191,2.640476190476191,1.9803571428571431,1.9803571428571431,2.640476190476191,2.640476190476191,2.640476190476191,1.9803571428571431,3.3005952380952386,1.9803571428571431,3.3005952380952386,1.9803571428571431,3.3005952380952386,1.9803571428571431,3.3005952380952386,2.640476190476191,1.9803571428571431,2.640476190476191,1.9803571428571431,3.3005952380952386,2.640476190476191,2.640476190476191,2.640476190476191,2.640476190476191,3.3005952380952386,3.3005952380952386,2.640476190476191,2.640476190476191,2.640476190476191,1.9803571428571431,3.3005952380952386,1.9803571428571431,1.9803571428571431,3.3005952380952386,2.640476190476191
334,Muharemović,5.0,27,5.2,450,0.49,0.05,0.54,20.2,100.0,DEF,Leeds,2.797857142857143,2.797857142857143,2.797857142857143,2.797857142857143,2.797857142857143,2.797857142857143,2.098392857142857,2.098392857142857,2.797857142857143,2.797857142857143,2.797857142857143,2.098392857142857,3.497321428571429,2.098392857142857,3.497321428571429,2.098392857142857,3.497321428571429,2.098392857142857,3.497321428571429,2.797857142857143,2.098392857142857,2.797857142857143,2.098392857142857,3.497321428571429,2.797857142857143,2.797857142857143,2.797857142857143,2.797857142857143,3.497321428571429,3.497321428571429,2.797857142857143,2.797857142857143,2.797857142857143,2.098392857142857,3.497321428571429,2.098392857142857,2.098392857142857,3.497321428571429,2.797857142857143
335,Stach,6.0,27,3.5,447,0.97,0.31,1.28,26.5,100.0,MID,Leeds,3.244665444741637,3.244665444741637,3.244665444741637,3.244665444741637,3.244665444741637,3.244665444741637,2.433499083556228,2.433499083556228,3.244665444741637,3.244665444741637,3.244665444741637,2.433499083556228,4.055831805927046,2.433499083556228,4.055831805927046,2.433499083556228,4.055831805927046,2.433499083556228,4.055831805927046,3.244665444741637,2.433499083556228,3.244665444741637,2.433499083556228,4.055831805927046,3.244665444741637,3.244665444741637,3.244665444741637,3.244665444741637,4.055831805927046,4.055831805927046,3.244665444741637,3.244665444741637,3.244665444741637,2.433499083556228,4.055831805927046,2.433499083556228,2.433499083556228,4.055831805927046,3.244665444741637
336,Okafor,5.8,18,4.2,299,0.17,0.27,0.44,14.8,100.0,MID,Leeds,2.5779508292304207,2.5779508292304207,2.5779508292304207,2.5779508292304207,2.5779508292304207,2.5779508292304207,1.9334631219228156,1.9334631219228156,2.5779508292304207,2.5779508292304207,2.5779508292304207,1.9334631219228156,3.222438536538026,1.9334631219228156,3.222438536538026,1.9334631219228156,3.222438536538026,1.9334631219228156,3.222438536538026,2.5779508292304207,1.9334631219228156,2.5779508292304207,1.9334631219228156,3.222438536538026,2.5779508292304207,2.5779508292304207,2.5779508292304207,2.5779508292304207,3.222438536538026,3.222438536538026,2.5779508292304207,2.5779508292304207,2.5779508292304207,1.9334631219228156,3.222438536538026,1.9334631219228156,1.9334631219228156,3.222438536538026,2.5779508292304207
337,Aaronson,5.3,7,1.0,194,0.01,0.02,0.03,2.5,100.0,MID,Leeds,1.5792982369669375,1.5792982369669375,1.5792982369669375,1.5792982369669375,1.5792982369669375,1.5792982369669375,1.1844736777252032,1.1844736777252032,1.5792982369669375,1.5792982369669375,1.5792982369669375,1.1844736777252032,1.9741227962086718,1.1844736777252032,1.9741227962086718,1.1844736777252032,1.9741227962086718,1.1844736777252032,1.9741227962086718,1.5792982369669375,1.1844736777252032,1.5792982369669375,1.1844736777252032,1.9741227962086718,1.5792982369669375,1.5792982369669375,1.5792982369669375,1.5792982369669375,1.9741227962086718,1.9741227962086718,1.5792982369669375,1.5792982369669375,1.5792982369669375,1.1844736777252032,1.9741227962086718,1.1844736777252032,1.1844736777252032,1.9741227962086718,1.5792982369669375
338,Ampadu,5.4,21,4.0,450,0.08,0.26,0.34,16.1,100.0,MID,Leeds,2.8619047619047624,2.8619047619047624,2.8619047619047624,2.8619047619047624,2.8619047619047624,2.8619047619047624,2.146428571428572,2.146428571428572,2.8619047619047624,2.8619047619047624,2.8619047619047624,2.146428571428572,3.577380952380953,2.146428571428572,3.577380952380953,2.146428571428572,3.577380952380953,2.146428571428572,3.577380952380953,2.8619047619047624,2.146428571428572,2.8619047619047624,2.146428571428572,3.577380952380953,2.8619047619047624,2.8619047619047624,2.8619047619047624,2.8619047619047624,3.577380952380953,3.577380952380953,2.8619047619047624,2.8619047619047624,2.8619047619047624,2.146428571428572,3.577380952380953,2.146428571428572,2.146428571428572,3.577380952380953,2.8619047619047624
339,Longstaff,4.9,2,0.2,10,0.0,0.0,0.0,0.0,100.0,MID,Leeds,0.0794306278516805,0.0794306278516805,0.0794306278516805,0.0794306278516805,0.0794306278516805,0.0794306278516805,0.059572970888760374,0.059572970888760374,0.0794306278516805,0.0794306278516805,0.0794306278516805,0.059572970888760374,0.09928828481460061,0.059572970888760374,0.09928828481460061,0.059572970888760374,0.09928828481460061,0.059572970888760374,0.09928828481460061,0.0794306278516805,0.059572970888760374,0.0794306278516805,0.059572970888760374,0.09928828481460061,0.0794306278516805,0.0794306278516805,0.0794306278516805,0.0794306278516805,0.09928828481460061,0.09928828481460061,0.0794306278516805,0.0794306278516805,0.0794306278516805,0.059572970888760374,0.09928828481460061,0.059572970888760374,0.059572970888760374,0.09928828481460061,0.0794306278516805
343,James,4.9,3,0.8,52,0.35,0.01,0.36,1.9,100.0,MID,Leeds,0.42999492337164746,0.42999492337164746,0.42999492337164746,0.42999492337164746,0.42999492337164746,0.42999492337164746,0.3224961925287356,0.3224961925287356,0.42999492337164746,0.42999492337164746,0.42999492337164746,0.3224961925287356,0.5374936542145593,0.3224961925287356,0.5374936542145593,0.3224961925287356,0.5374936542145593,0.3224961925287356,0.5374936542145593,0.42999492337164746,0.3224961925287356,0.42999492337164746,0.3224961925287356,0.5374936542145593,0.42999492337164746,0.42999492337164746,0.42999492337164746,0.42999492337164746,0.5374936542145593,0.5374936542145593,0.42999492337164746,0.42999492337164746,0.42999492337164746,0.3224961925287356,0.5374936542145593,0.3224961925287356,0.3224961925287356,0.5374936542145593,0.42999492337164746
344,Gruev,5.0,0,0.0,0,0.0,0.0,0.0,0.0,100.0,MID,Leeds,0.0,0.0,0.0,0.0,0.0,0.0,0.0,0.0,0.0,0.0,0.0,0.0,0.0,0.0,0.0,0.0,0.0,0.0,0.0,0.0,0.0,0.0,0.0,0.0,0.0,0.0,0.0,0.0,0.0,0.0,0.0,0.0,0.0,0.0,0.0,0.0,0.0,0.0,0.0
345,Tanaka,4.9,14,3.5,255,0.73,0.05,0.78,8.6,100.0,MID,Leeds,2.1282485632183907,2.1282485632183907,2.1282485632183907,2.1282485632183907,2.1282485632183907,2.1282485632183907,1.5961864224137932,1.5961864224137932,2.1282485632183907,2.1282485632183907,2.1282485632183907,1.5961864224137932,2.6603107040229883,1.5961864224137932,2.6603107040229883,1.5961864224137932,2.6603107040229883,1.5961864224137932,2.6603107040229883,2.1282485632183907,1.5961864224137932,2.1282485632183907,1.5961864224137932,2.6603107040229883,2.1282485632183907,2.1282485632183907,2.1282485632183907,2.1282485632183907,2.6603107040229883,2.6603107040229883,2.1282485632183907,2.1282485632183907,2.1282485632183907,1.5961864224137932,2.6603107040229883,1.5961864224137932,1.5961864224137932,2.6603107040229883,2.1282485632183907
346,Calvert-Lewin,6.0,22,5.2,419,3.0,0.08,3.08,28.2,100.0,FWD,Leeds,4.108564273789649,4.108564273789649,4.108564273789649,4.108564273789649,4.108564273789649,4.108564273789649,3.0814232053422366,3.0814232053422366,4.108564273789649,4.108564273789649,4.108564273789649,3.0814232053422366,5.1357053422370615,3.0814232053422366,5.1357053422370615,3.0814232053422366,5.1357053422370615,3.0814232053422366,5.1357053422370615,4.108564273789649,3.0814232053422366,4.108564273789649,3.0814232053422366,5.1357053422370615,4.108564273789649,4.108564273789649,4.108564273789649,4.108564273789649,5.1357053422370615,5.1357053422370615,4.108564273789649,4.108564273789649,4.108564273789649,3.0814232053422366,5.1357053422370615,3.0814232053422366,3.0814232053422366,5.1357053422370615,4.108564273789649
347,Nmecha,5.4,7,1.8,64,0.27,0.15,0.42,5.7,100.0,FWD,Leeds,0.5637479052823315,0.5637479052823315,0.5637479052823315,0.5637479052823315,0.5637479052823315,0.5637479052823315,0.42281092896174866,0.42281092896174866,0.5637479052823315,0.5637479052823315,0.5637479052823315,0.42281092896174866,0.7046848816029144,0.42281092896174866,0.7046848816029144,0.42281092896174866,0.7046848816029144,0.42281092896174866,0.7046848816029144,0.5637479052823315,0.42281092896174866,0.5637479052823315,0.42281092896174866,0.7046848816029144,0.5637479052823315,0.5637479052823315,0.5637479052823315,0.5637479052823315,0.7046848816029144,0.7046848816029144,0.5637479052823315,0.5637479052823315,0.5637479052823315,0.42281092896174866,0.7046848816029144,0.42281092896174866,0.42281092896174866,0.7046848816029144,0.5637479052823315
349,Mateo Joseph,4.5,0,0.0,0,0.0,0.0,0.0,0.0,0.0,FWD,Leeds,0.0,0.0,0.0,0.0,0.0,0.0,0.0,0.0,0.0,0.0,0.0,0.0,0.0,0.0,0.0,0.0,0.0,0.0,0.0,0.0,0.0,0.0,0.0,0.0,0.0,0.0,0.0,0.0,0.0,0.0,0.0,0.0,0.0,0.0,0.0,0.0,0.0,0.0,0.0
385,Trafford,5.0,28,4.8,450,0.0,0.0,0.0,14.9,100.0,GK,Leeds,2.685714285714286,2.685714285714286,2.685714285714286,2.685714285714286,2.685714285714286,2.685714285714286,2.0142857142857142,2.0142857142857142,2.685714285714286,2.685714285714286,2.685714285714286,2.0142857142857142,3.3571428571428577,2.0142857142857142,3.3571428571428577,2.0142857142857142,3.3571428571428577,2.0142857142857142,3.3571428571428577,2.685714285714286,2.0142857142857142,2.685714285714286,2.0142857142857142,3.3571428571428577,2.685714285714286,2.685714285714286,2.685714285714286,2.685714285714286,3.3571428571428577,3.3571428571428577,2.685714285714286,2.685714285714286,2.685714285714286,2.0142857142857142,3.3571428571428577,2.0142857142857142,2.0142857142857142,3.3571428571428577,2.685714285714286
598,Elvedi,4.5,13,3.2,326,0.12,0.58,0.7,14.8,100.0,DEF,Leeds,2.434054904674807,2.434054904674807,2.434054904674807,2.434054904674807,2.434054904674807,2.434054904674807,1.825541178506105,1.825541178506105,2.434054904674807,2.434054904674807,2.434054904674807,1.825541178506105,3.0425686308435083,1.825541178506105,3.0425686308435083,1.825541178506105,3.0425686308435083,1.825541178506105,3.0425686308435083,2.434054904674807,1.825541178506105,2.434054904674807,1.825541178506105,3.0425686308435083,2.434054904674807,2.434054904674807,2.434054904674807,2.434054904674807,3.0425686308435083,3.0425686308435083,2.434054904674807,2.434054904674807,2.434054904674807,1.825541178506105,3.0425686308435083,1.825541178506105,1.825541178506105,3.0425686308435083,2.434054904674807
603,Lienou,4.0,0,0.0,0,0.0,0.0,0.0,0.0,100.0,DEF,Leeds,0.0,0.0,0.0,0.0,0.0,0.0,0.0,0.0,0.0,0.0,0.0,0.0,0.0,0.0,0.0,0.0,0.0,0.0,0.0,0.0,0.0,0.0,0.0,0.0,0.0,0.0,0.0,0.0,0.0,0.0,0.0,0.0,0.0,0.0,0.0,0.0,0.0,0.0,0.0
604,Cresswell,4.5,0,0.0,0,0.0,0.0,0.0,0.0,100.0,MID,Leeds,0.0,0.0,0.0,0.0,0.0,0.0,0.0,0.0,0.0,0.0,0.0,0.0,0.0,0.0,0.0,0.0,0.0,0.0,0.0,0.0,0.0,0.0,0.0,0.0,0.0,0.0,0.0,0.0,0.0,0.0,0.0,0.0,0.0,0.0,0.0,0.0,0.0,0.0,0.0
625,Cairns,4.0,0,0.0,0,0.0,0.0,0.0,0.0,100.0,GK,Leeds,0.0,0.0,0.0,0.0,0.0,0.0,0.0,0.0,0.0,0.0,0.0,0.0,0.0,0.0,0.0,0.0,0.0,0.0,0.0,0.0,0.0,0.0,0.0,0.0,0.0,0.0,0.0,0.0,0.0,0.0,0.0,0.0,0.0,0.0,0.0,0.0,0.0,0.0,0.0
629,Zetterer,4.0,0,0.0,0,0.0,0.0,0.0,0.0,100.0,GK,Leeds,0.0,0.0,0.0,0.0,0.0,0.0,0.0,0.0,0.0,0.0,0.0,0.0,0.0,0.0,0.0,0.0,0.0,0.0,0.0,0.0,0.0,0.0,0.0,0.0,0.0,0.0,0.0,0.0,0.0,0.0,0.0,0.0,0.0,0.0,0.0,0.0,0.0,0.0,0.0
641,Bard,4.5,1,0.3,18,0.0,0.0,0.0,1.5,100.0,DEF,Leeds,0.13493761140819965,0.13493761140819965,0.13493761140819965,0.13493761140819965,0.13493761140819965,0.13493761140819965,0.10120320855614974,0.10120320855614974,0.13493761140819965,0.13493761140819965,0.13493761140819965,0.10120320855614974,0.16867201426024958,0.10120320855614974,0.16867201426024958,0.10120320855614974,0.16867201426024958,0.10120320855614974,0.16867201426024958,0.13493761140819965,0.10120320855614974,0.13493761140819965,0.10120320855614974,0.16867201426024958,0.13493761140819965,0.13493761140819965,0.13493761140819965,0.13493761140819965,0.16867201426024958,0.16867201426024958,0.13493761140819965,0.13493761140819965,0.13493761140819965,0.10120320855614974,0.16867201426024958,0.10120320855614974,0.10120320855614974,0.16867201426024958,0.13493761140819965
648,Bahoya,5.0,1,0.3,1,0.0,0.0,0.0,0.1,100.0,MID,Leeds,0.00805554022575012,0.00805554022575012,0.00805554022575012,0.00805554022575012,0.00805554022575012,0.00805554022575012,0.00604165516931259,0.00604165516931259,0.00805554022575012,0.00805554022575012,0.00805554022575012,0.00604165516931259,0.01006942528218765,0.00604165516931259,0.01006942528218765,0.00604165516931259,0.01006942528218765,0.00604165516931259,0.01006942528218765,0.00805554022575012,0.00604165516931259,0.00805554022575012,0.00604165516931259,0.01006942528218765,0.00805554022575012,0.00805554022575012,0.00805554022575012,0.00805554022575012,0.01006942528218765,0.01006942528218765,0.00805554022575012,0.00805554022575012,0.00805554022575012,0.00604165516931259,0.01006942528218765,0.00604165516931259,0.00604165516931259,0.01006942528218765,0.00805554022575012
350,A.Becker,5.5,27,5.4,450,0.0,0.0,0.0,9.9,100.0,GK,Liverpool,2.8380952380952382,2.8380952380952382,2.8380952380952382,2.8380952380952382,2.8380952380952382,2.8380952380952382,2.1285714285714286,2.8380952380952382,3.547619047619048,2.1285714285714286,2.8380952380952382,2.1285714285714286,2.8380952380952382,3.547619047619048,2.1285714285714286,3.547619047619048,2.8380952380952382,3.547619047619048,2.1285714285714286,3.547619047619048,2.8380952380952382,2.8380952380952382,2.1285714285714286,2.8380952380952382,2.1285714285714286,3.547619047619048,3.547619047619048,2.8380952380952382,2.8380952380952382,3.547619047619048,2.8380952380952382,3.547619047619048,2.8380952380952382,2.8380952380952382,2.1285714285714286,2.1285714285714286,2.8380952380952382,2.8380952380952382,2.8380952380952382
351,Mamardashvili,4.9,0,0.0,0,0.0,0.0,0.0,0.0,100.0,GK,Liverpool,0.0,0.0,0.0,0.0,0.0,0.0,0.0,0.0,0.0,0.0,0.0,0.0,0.0,0.0,0.0,0.0,0.0,0.0,0.0,0.0,0.0,0.0,0.0,0.0,0.0,0.0,0.0,0.0,0.0,0.0,0.0,0.0,0.0,0.0,0.0,0.0,0.0,0.0,0.0
352,Woodman,4.0,0,0.0,0,0.0,0.0,0.0,0.0,100.0,GK,Liverpool,0.0,0.0,0.0,0.0,0.0,0.0,0.0,0.0,0.0,0.0,0.0,0.0,0.0,0.0,0.0,0.0,0.0,0.0,0.0,0.0,0.0,0.0,0.0,0.0,0.0,0.0,0.0,0.0,0.0,0.0,0.0,0.0,0.0,0.0,0.0,0.0,0.0,0.0,0.0
354,Jaros,4.0,0,0.0,0,0.0,0.0,0.0,0.0,0.0,GK,Liverpool,0.0,0.0,0.0,0.0,0.0,0.0,0.0,0.0,0.0,0.0,0.0,0.0,0.0,0.0,0.0,0.0,0.0,0.0,0.0,0.0,0.0,0.0,0.0,0.0,0.0,0.0,0.0,0.0,0.0,0.0,0.0,0.0,0.0,0.0,0.0,0.0,0.0,0.0,0.0
355,Davies,4.0,0,0.0,0,0.0,0.0,0.0,0.0,100.0,GK,Liverpool,0.0,0.0,0.0,0.0,0.0,0.0,0.0,0.0,0.0,0.0,0.0,0.0,0.0,0.0,0.0,0.0,0.0,0.0,0.0,0.0,0.0,0.0,0.0,0.0,0.0,0.0,0.0,0.0,0.0,0.0,0.0,0.0,0.0,0.0,0.0,0.0,0.0,0.0,0.0
356,Virgil,6.5,25,5.0,450,0.25,0.08,0.33,17.4,100.0,DEF,Liverpool,3.2078571428571427,3.2078571428571427,3.2078571428571427,3.2078571428571427,3.2078571428571427,3.2078571428571427,2.405892857142857,3.2078571428571427,4.009821428571429,2.405892857142857,3.2078571428571427,2.405892857142857,3.2078571428571427,4.009821428571429,2.405892857142857,4.009821428571429,3.2078571428571427,4.009821428571429,2.405892857142857,4.009821428571429,3.2078571428571427,3.2078571428571427,2.405892857142857,3.2078571428571427,2.405892857142857,4.009821428571429,4.009821428571429,3.2078571428571427,3.2078571428571427,4.009821428571429,3.2078571428571427,4.009821428571429,3.2078571428571427,3.2078571428571427,2.405892857142857,2.405892857142857,3.2078571428571427,3.2078571428571427,3.2078571428571427
357,Frimpong,5.3,2,0.4,178,0.01,0.23,0.24,13.2,100.0,DEF,Liverpool,1.466902629936349,1.466902629936349,1.466902629936349,1.466902629936349,1.466902629936349,1.466902629936349,1.1001769724522616,1.466902629936349,1.8336282874204364,1.1001769724522616,1.466902629936349,1.1001769724522616,1.466902629936349,1.8336282874204364,1.1001769724522616,1.8336282874204364,1.466902629936349,1.8336282874204364,1.1001769724522616,1.8336282874204364,1.466902629936349,1.466902629936349,1.1001769724522616,1.466902629936349,1.1001769724522616,1.8336282874204364,1.8336282874204364,1.466902629936349,1.466902629936349,1.8336282874204364,1.466902629936349,1.8336282874204364,1.466902629936349,1.466902629936349,1.1001769724522616,1.1001769724522616,1.466902629936349,1.466902629936349,1.466902629936349
358,Kerkez,5.4,13,2.6,385,0.07,0.08,0.15,13.7,100.0,DEF,Liverpool,2.8700785096931924,2.8700785096931924,2.8700785096931924,2.8700785096931924,2.8700785096931924,2.8700785096931924,2.1525588822698944,2.8700785096931924,3.5875981371164904,2.1525588822698944,2.8700785096931924,2.1525588822698944,2.8700785096931924,3.5875981371164904,2.1525588822698944,3.5875981371164904,2.8700785096931924,3.5875981371164904,2.1525588822698944,3.5875981371164904,2.8700785096931924,2.8700785096931924,2.1525588822698944,2.8700785096931924,2.1525588822698944,3.5875981371164904,3.5875981371164904,2.8700785096931924,2.8700785096931924,3.5875981371164904,2.8700785096931924,3.5875981371164904,2.8700785096931924,2.8700785096931924,2.1525588822698944,2.1525588822698944,2.8700785096931924,2.8700785096931924,2.8700785096931924
359,Gomez,4.9,0,0.0,0,0.0,0.0,0.0,0.0,100.0,DEF,Liverpool,0.0,0.0,0.0,0.0,0.0,0.0,0.0,0.0,0.0,0.0,0.0,0.0,0.0,0.0,0.0,0.0,0.0,0.0,0.0,0.0,0.0,0.0,0.0,0.0,0.0,0.0,0.0,0.0,0.0,0.0,0.0,0.0,0.0,0.0,0.0,0.0,0.0,0.0,0.0
360,Bradley,5.0,0,0.0,0,0.0,0.0,0.0,0.0,0.0,DEF,Liverpool,0.0,0.0,0.0,0.0,0.0,0.0,0.0,0.0,0.0,0.0,0.0,0.0,0.0,0.0,0.0,0.0,0.0,0.0,0.0,0.0,0.0,0.0,0.0,0.0,0.0,0.0,0.0,0.0,0.0,0.0,0.0,0.0,0.0,0.0,0.0,0.0,0.0,0.0,0.0
361,Lucky,4.0,0,0.0,0,0.0,0.0,0.0,0.0,100.0,DEF,Liverpool,0.0,0.0,0.0,0.0,0.0,0.0,0.0,0.0,0.0,0.0,0.0,0.0,0.0,0.0,0.0,0.0,0.0,0.0,0.0,0.0,0.0,0.0,0.0,0.0,0.0,0.0,0.0,0.0,0.0,0.0,0.0,0.0,0.0,0.0,0.0,0.0,0.0,0.0,0.0
362,Jacquet,5.0,24,4.8,415,0.0,0.14,0.14,15.5,100.0,DEF,Liverpool,2.7219439562897403,2.7219439562897403,2.7219439562897403,2.7219439562897403,2.7219439562897403,2.7219439562897403,2.041457967217305,2.7219439562897403,3.4024299453621754,2.041457967217305,2.7219439562897403,2.041457967217305,2.7219439562897403,3.4024299453621754,2.041457967217305,3.4024299453621754,2.7219439562897403,3.4024299453621754,2.041457967217305,3.4024299453621754,2.7219439562897403,2.7219439562897403,2.041457967217305,2.7219439562897403,2.041457967217305,3.4024299453621754,3.4024299453621754,2.7219439562897403,2.7219439562897403,3.4024299453621754,2.7219439562897403,3.4024299453621754,2.7219439562897403,2.7219439562897403,2.041457967217305,2.041457967217305,2.7219439562897403,2.7219439562897403,2.7219439562897403
363,Leoni,4.0,0,0.0,0,0.0,0.0,0.0,0.0,0.0,DEF,Liverpool,0.0,0.0,0.0,0.0,0.0,0.0,0.0,0.0,0.0,0.0,0.0,0.0,0.0,0.0,0.0,0.0,0.0,0.0,0.0,0.0,0.0,0.0,0.0,0.0,0.0,0.0,0.0,0.0,0.0,0.0,0.0,0.0,0.0,0.0,0.0,0.0,0.0,0.0,0.0
364,Tsimikas,4.9,2,0.4,64,0.04,0.02,0.06,1.8,100.0,DEF,Liverpool,0.5065250587639542,0.5065250587639542,0.5065250587639542,0.5065250587639542,0.5065250587639542,0.5065250587639542,0.37989379407296564,0.5065250587639542,0.6331563234549427,0.37989379407296564,0.5065250587639542,0.37989379407296564,0.5065250587639542,0.6331563234549427,0.37989379407296564,0.6331563234549427,0.5065250587639542,0.6331563234549427,0.37989379407296564,0.6331563234549427,0.5065250587639542,0.5065250587639542,0.37989379407296564,0.5065250587639542,0.37989379407296564,0.6331563234549427,0.6331563234549427,0.5065250587639542,0.5065250587639542,0.6331563234549427,0.5065250587639542,0.6331563234549427,0.5065250587639542,0.5065250587639542,0.37989379407296564,0.37989379407296564,0.5065250587639542,0.5065250587639542,0.5065250587639542
366,Wirtz,7.3,18,3.6,402,1.0,0.4,1.4,31.4,100.0,MID,Liverpool,3.7040096916718133,3.7040096916718133,3.7040096916718133,3.7040096916718133,3.7040096916718133,3.7040096916718133,2.7780072687538597,3.7040096916718133,4.630012114589767,2.7780072687538597,3.7040096916718133,2.7780072687538597,3.7040096916718133,4.630012114589767,2.7780072687538597,4.630012114589767,3.7040096916718133,4.630012114589767,2.7780072687538597,4.630012114589767,3.7040096916718133,3.7040096916718133,2.7780072687538597,3.7040096916718133,2.7780072687538597,4.630012114589767,4.630012114589767,3.7040096916718133,3.7040096916718133,4.630012114589767,3.7040096916718133,4.630012114589767,3.7040096916718133,3.7040096916718133,2.7780072687538597,2.7780072687538597,3.7040096916718133,3.7040096916718133,3.7040096916718133
367,Gakpo,7.2,32,6.4,370,0.64,1.71,2.35,35.2,100.0,MID,Liverpool,3.859290909090909,3.859290909090909,3.859290909090909,3.859290909090909,3.859290909090909,3.859290909090909,2.8944681818181817,3.859290909090909,4.824113636363636,2.8944681818181817,3.859290909090909,2.8944681818181817,3.859290909090909,4.824113636363636,2.8944681818181817,4.824113636363636,3.859290909090909,4.824113636363636,2.8944681818181817,4.824113636363636,3.859290909090909,3.859290909090909,2.8944681818181817,3.859290909090909,2.8944681818181817,4.824113636363636,4.824113636363636,3.859290909090909,3.859290909090909,4.824113636363636,3.859290909090909,4.824113636363636,3.859290909090909,3.859290909090909,2.8944681818181817,2.8944681818181817,3.859290909090909,3.859290909090909,3.859290909090909
368,Szoboszlai,7.0,20,4.0,440,1.42,0.82,2.24,34.4,100.0,MID,Liverpool,3.754758064516129,3.754758064516129,3.754758064516129,3.754758064516129,3.754758064516129,3.754758064516129,2.816068548387097,3.754758064516129,4.693447580645161,2.816068548387097,3.754758064516129,2.816068548387097,3.754758064516129,4.693447580645161,2.816068548387097,4.693447580645161,3.754758064516129,4.693447580645161,2.816068548387097,4.693447580645161,3.754758064516129,3.754758064516129,2.816068548387097,3.754758064516129,2.816068548387097,4.693447580645161,4.693447580645161,3.754758064516129,3.754758064516129,4.693447580645161,3.754758064516129,4.693447580645161,3.754758064516129,3.754758064516129,2.816068548387097,2.816068548387097,3.754758064516129,3.754758064516129,3.754758064516129
369,Ngumoha,5.7,4,0.8,99,0.15,0.05,0.2,2.1,100.0,MID,Liverpool,0.8703418337692532,0.8703418337692532,0.8703418337692532,0.8703418337692532,0.8703418337692532,0.8703418337692532,0.6527563753269399,0.8703418337692532,1.0879272922115666,0.6527563753269399,0.8703418337692532,0.6527563753269399,0.8703418337692532,1.0879272922115666,0.6527563753269399,1.0879272922115666,0.8703418337692532,1.0879272922115666,0.6527563753269399,1.0879272922115666,0.8703418337692532,0.8703418337692532,0.6527563753269399,0.8703418337692532,0.6527563753269399,1.0879272922115666,1.0879272922115666,0.8703418337692532,0.8703418337692532,1.0879272922115666,0.8703418337692532,1.0879272922115666,0.8703418337692532,0.8703418337692532,0.6527563753269399,0.6527563753269399,0.8703418337692532,0.8703418337692532,0.8703418337692532
370,Chiesa,5.3,0,0.0,0,0.0,0.0,0.0,0.0,0.0,MID,Liverpool,0.0,0.0,0.0,0.0,0.0,0.0,0.0,0.0,0.0,0.0,0.0,0.0,0.0,0.0,0.0,0.0,0.0,0.0,0.0,0.0,0.0,0.0,0.0,0.0,0.0,0.0,0.0,0.0,0.0,0.0,0.0,0.0,0.0,0.0,0.0,0.0,0.0,0.0,0.0
371,Gravenberch,5.8,9,1.8,190,0.1,0.08,0.18,9.9,100.0,MID,Liverpool,1.6572497038322724,1.6572497038322724,1.6572497038322724,1.6572497038322724,1.6572497038322724,1.6572497038322724,1.2429372778742043,1.6572497038322724,2.0715621297903404,1.2429372778742043,1.6572497038322724,1.2429372778742043,1.6572497038322724,2.0715621297903404,1.2429372778742043,2.0715621297903404,1.6572497038322724,2.0715621297903404,1.2429372778742043,2.0715621297903404,1.6572497038322724,1.6572497038322724,1.2429372778742043,1.6572497038322724,1.2429372778742043,2.0715621297903404,2.0715621297903404,1.6572497038322724,1.6572497038322724,2.0715621297903404,1.6572497038322724,2.0715621297903404,1.6572497038322724,1.6572497038322724,1.2429372778742043,1.2429372778742043,1.6572497038322724,1.6572497038322724,1.6572497038322724
372,Mac Allister,5.4,11,2.2,306,0.1,0.49,0.59,13.5,100.0,MID,Liverpool,2.5337423991155332,2.5337423991155332,2.5337423991155332,2.5337423991155332,2.5337423991155332,2.5337423991155332,1.9003067993366498,2.5337423991155332,3.1671779988944166,1.9003067993366498,2.5337423991155332,1.9003067993366498,2.5337423991155332,3.1671779988944166,1.9003067993366498,3.1671779988944166,2.5337423991155332,3.1671779988944166,1.9003067993366498,3.1671779988944166,2.5337423991155332,2.5337423991155332,1.9003067993366498,2.5337423991155332,1.9003067993366498,3.1671779988944166,3.1671779988944166,2.5337423991155332,2.5337423991155332,3.1671779988944166,2.5337423991155332,3.1671779988944166,2.5337423991155332,2.5337423991155332,1.9003067993366498,1.9003067993366498,2.5337423991155332,2.5337423991155332,2.5337423991155332
374,Endo,4.9,0,0.0,0,0.0,0.0,0.0,0.0,100.0,MID,Liverpool,0.0,0.0,0.0,0.0,0.0,0.0,0.0,0.0,0.0,0.0,0.0,0.0,0.0,0.0,0.0,0.0,0.0,0.0,0.0,0.0,0.0,0.0,0.0,0.0,0.0,0.0,0.0,0.0,0.0,0.0,0.0,0.0,0.0,0.0,0.0,0.0,0.0,0.0,0.0
375,Nyoni,4.9,3,0.6,38,0.0,0.0,0.0,1.9,100.0,MID,Liverpool,0.3012478455255396,0.3012478455255396,0.3012478455255396,0.3012478455255396,0.3012478455255396,0.3012478455255396,0.22593588414415472,0.3012478455255396,0.37655980690692453,0.22593588414415472,0.3012478455255396,0.22593588414415472,0.3012478455255396,0.37655980690692453,0.22593588414415472,0.37655980690692453,0.3012478455255396,0.37655980690692453,0.22593588414415472,0.37655980690692453,0.3012478455255396,0.3012478455255396,0.22593588414415472,0.3012478455255396,0.22593588414415472,0.37655980690692453,0.37655980690692453,0.3012478455255396,0.3012478455255396,0.37655980690692453,0.3012478455255396,0.37655980690692453,0.3012478455255396,0.3012478455255396,0.22593588414415472,0.22593588414415472,0.3012478455255396,0.3012478455255396,0.3012478455255396
377,Munoz,6.5,15,3.0,257,0.52,0.31,0.83,18.5,100.0,MID,Liverpool,2.465517528256903,2.465517528256903,2.465517528256903,2.465517528256903,2.465517528256903,2.465517528256903,1.849138146192677,2.465517528256903,3.0818969103211287,1.849138146192677,2.465517528256903,1.849138146192677,2.465517528256903,3.0818969103211287,1.849138146192677,3.0818969103211287,2.465517528256903,3.0818969103211287,1.849138146192677,3.0818969103211287,2.465517528256903,2.465517528256903,1.849138146192677,2.465517528256903,1.849138146192677,3.0818969103211287,3.0818969103211287,2.465517528256903,2.465517528256903,3.0818969103211287,2.465517528256903,3.0818969103211287,2.465517528256903,2.465517528256903,1.849138146192677,1.849138146192677,2.465517528256903,2.465517528256903,2.465517528256903
378,McConnell,4.4,0,0.0,0,0.0,0.0,0.0,0.0,100.0,MID,Liverpool,0.0,0.0,0.0,0.0,0.0,0.0,0.0,0.0,0.0,0.0,0.0,0.0,0.0,0.0,0.0,0.0,0.0,0.0,0.0,0.0,0.0,0.0,0.0,0.0,0.0,0.0,0.0,0.0,0.0,0.0,0.0,0.0,0.0,0.0,0.0,0.0,0.0,0.0,0.0
379,Isak,9.1,33,6.6,413,3.54,0.08,3.62,40.0,100.0,FWD,Liverpool,5.019588532883642,5.019588532883642,5.019588532883642,5.019588532883642,5.019588532883642,5.019588532883642,3.7646913996627314,5.019588532883642,6.274485666104552,3.7646913996627314,5.019588532883642,3.7646913996627314,5.019588532883642,6.274485666104552,3.7646913996627314,6.274485666104552,5.019588532883642,6.274485666104552,3.7646913996627314,6.274485666104552,5.019588532883642,5.019588532883642,3.7646913996627314,5.019588532883642,3.7646913996627314,6.274485666104552,6.274485666104552,5.019588532883642,5.019588532883642,6.274485666104552,5.019588532883642,6.274485666104552,5.019588532883642,5.019588532883642,3.7646913996627314,3.7646913996627314,5.019588532883642,5.019588532883642,5.019588532883642
380,Ekitiké,7.4,0,0.0,0,0.0,0.0,0.0,0.0,0.0,FWD,Liverpool,0.0,0.0,0.0,0.0,0.0,0.0,0.0,0.0,0.0,0.0,0.0,0.0,0.0,0.0,0.0,0.0,0.0,0.0,0.0,0.0,0.0,0.0,0.0,0.0,0.0,0.0,0.0,0.0,0.0,0.0,0.0,0.0,0.0,0.0,0.0,0.0,0.0,0.0,0.0
381,Koumas,5.0,3,0.6,22,0.28,0.0,0.28,2.9,100.0,MID,Liverpool,0.1788994499449945,0.1788994499449945,0.1788994499449945,0.1788994499449945,0.1788994499449945,0.1788994499449945,0.13417458745874586,0.1788994499449945,0.22362431243124312,0.13417458745874586,0.1788994499449945,0.13417458745874586,0.1788994499449945,0.22362431243124312,0.13417458745874586,0.22362431243124312,0.1788994499449945,0.22362431243124312,0.13417458745874586,0.22362431243124312,0.1788994499449945,0.1788994499449945,0.13417458745874586,0.1788994499449945,0.13417458745874586,0.22362431243124312,0.22362431243124312,0.1788994499449945,0.1788994499449945,0.22362431243124312,0.1788994499449945,0.22362431243124312,0.1788994499449945,0.1788994499449945,0.13417458745874586,0.13417458745874586,0.1788994499449945,0.1788994499449945,0.1788994499449945
382,Danns,4.5,0,0.0,0,0.0,0.0,0.0,0.0,100.0,FWD,Liverpool,0.0,0.0,0.0,0.0,0.0,0.0,0.0,0.0,0.0,0.0,0.0,0.0,0.0,0.0,0.0,0.0,0.0,0.0,0.0,0.0,0.0,0.0,0.0,0.0,0.0,0.0,0.0,0.0,0.0,0.0,0.0,0.0,0.0,0.0,0.0,0.0,0.0,0.0,0.0
579,Araujo,5.4,22,4.4,284,0.0,0.06,0.06,7.7,100.0,DEF,Liverpool,2.297837627498188,2.297837627498188,2.297837627498188,2.297837627498188,2.297837627498188,2.297837627498188,1.723378220623641,2.297837627498188,2.872297034372735,1.723378220623641,2.297837627498188,1.723378220623641,2.297837627498188,2.872297034372735,1.723378220623641,2.872297034372735,2.297837627498188,2.872297034372735,1.723378220623641,2.872297034372735,2.297837627498188,2.297837627498188,1.723378220623641,2.297837627498188,1.723378220623641,2.872297034372735,2.872297034372735,2.297837627498188,2.297837627498188,2.872297034372735,2.297837627498188,2.872297034372735,2.297837627498188,2.297837627498188,1.723378220623641,1.723378220623641,2.297837627498188,2.297837627498188,2.297837627498188
627,Barcola,8.0,7,2.3,168,0.26,0.13,0.39,7.0,100.0,MID,Liverpool,1.8685289939300012,1.8685289939300012,1.8685289939300012,1.8685289939300012,1.8685289939300012,1.8685289939300012,1.401396745447501,1.8685289939300012,2.3356612424125016,1.401396745447501,1.8685289939300012,1.401396745447501,1.8685289939300012,2.3356612424125016,1.401396745447501,2.3356612424125016,1.8685289939300012,2.3356612424125016,1.401396745447501,2.3356612424125016,1.8685289939300012,1.8685289939300012,1.401396745447501,1.8685289939300012,1.401396745447501,2.3356612424125016,2.3356612424125016,1.8685289939300012,1.8685289939300012,2.3356612424125016,1.8685289939300012,2.3356612424125016,1.8685289939300012,1.8685289939300012,1.401396745447501,1.401396745447501,1.8685289939300012,1.8685289939300012,1.8685289939300012
155,Enzo,6.9,13,2.6,271,0.35,0.53,0.88,17.8,100.0,MID,Man City,2.691426542034033,2.691426542034033,2.691426542034033,2.691426542034033,2.691426542034033,2.691426542034033,2.0185699065255247,3.3642831775425415,2.0185699065255247,3.3642831775425415,2.691426542034033,3.3642831775425415,2.0185699065255247,3.3642831775425415,2.691426542034033,2.0185699065255247,3.3642831775425415,2.691426542034033,2.691426542034033,2.691426542034033,2.691426542034033,2.691426542034033,2.691426542034033,2.0185699065255247,2.691426542034033,2.691426542034033,3.3642831775425415,3.3642831775425415,2.691426542034033,3.3642831775425415,2.0185699065255247,2.691426542034033,2.691426542034033,2.0185699065255247,2.691426542034033,2.0185699065255247,3.3642831775425415,2.691426542034033,2.691426542034033
237,Ndiaye,5.8,22,3.2,385,0.38,0.58,0.96,26.1,100.0,MID,Man City,3.1355786646465336,3.1355786646465336,3.1355786646465336,3.1355786646465336,3.1355786646465336,3.1355786646465336,2.3516839984849,3.919473330808167,2.3516839984849,3.919473330808167,3.1355786646465336,3.919473330808167,2.3516839984849,3.919473330808167,3.1355786646465336,2.3516839984849,3.919473330808167,3.1355786646465336,3.1355786646465336,3.1355786646465336,3.1355786646465336,3.1355786646465336,3.1355786646465336,2.3516839984849,3.1355786646465336,3.1355786646465336,3.919473330808167,3.919473330808167,3.1355786646465336,3.919473330808167,2.3516839984849,3.1355786646465336,3.1355786646465336,2.3516839984849,3.1355786646465336,2.3516839984849,3.919473330808167,3.1355786646465336,3.1355786646465336
384,Donnarumma,5.5,19,4.0,450,0.0,0.0,0.0,11.4,100.0,GK,Man City,2.8380952380952382,2.8380952380952382,2.8380952380952382,2.8380952380952382,2.8380952380952382,2.8380952380952382,2.1285714285714286,3.547619047619048,2.1285714285714286,3.547619047619048,2.8380952380952382,3.547619047619048,2.1285714285714286,3.547619047619048,2.8380952380952382,2.1285714285714286,3.547619047619048,2.8380952380952382,2.8380952380952382,2.8380952380952382,2.8380952380952382,2.8380952380952382,2.8380952380952382,2.1285714285714286,2.8380952380952382,2.8380952380952382,3.547619047619048,3.547619047619048,2.8380952380952382,3.547619047619048,2.1285714285714286,2.8380952380952382,2.8380952380952382,2.1285714285714286,2.8380952380952382,2.1285714285714286,3.547619047619048,2.8380952380952382,2.8380952380952382
386,Bettinelli,4.5,0,0.0,0,0.0,0.0,0.0,0.0,100.0,GK,Man City,0.0,0.0,0.0,0.0,0.0,0.0,0.0,0.0,0.0,0.0,0.0,0.0,0.0,0.0,0.0,0.0,0.0,0.0,0.0,0.0,0.0,0.0,0.0,0.0,0.0,0.0,0.0,0.0,0.0,0.0,0.0,0.0,0.0,0.0,0.0,0.0,0.0,0.0,0.0
387,O'Reilly,6.3,6,1.0,163,0.87,0.43,1.3,9.0,100.0,DEF,Man City,1.767487358276644,1.767487358276644,1.767487358276644,1.767487358276644,1.767487358276644,1.767487358276644,1.325615518707483,2.2093591978458047,1.325615518707483,2.2093591978458047,1.767487358276644,2.2093591978458047,1.325615518707483,2.2093591978458047,1.767487358276644,1.325615518707483,2.2093591978458047,1.767487358276644,1.767487358276644,1.767487358276644,1.767487358276644,1.767487358276644,1.767487358276644,1.325615518707483,1.767487358276644,1.767487358276644,2.2093591978458047,2.2093591978458047,1.767487358276644,2.2093591978458047,1.325615518707483,1.767487358276644,1.767487358276644,1.325615518707483,1.767487358276644,1.325615518707483,2.2093591978458047,1.767487358276644,1.767487358276644
388,Guéhi,6.0,30,5.0,450,0.95,0.39,1.34,24.3,100.0,DEF,Man City,3.249761904761905,3.249761904761905,3.249761904761905,3.249761904761905,3.249761904761905,3.249761904761905,2.437321428571429,4.062202380952381,2.437321428571429,4.062202380952381,3.249761904761905,4.062202380952381,2.437321428571429,4.062202380952381,3.249761904761905,2.437321428571429,4.062202380952381,3.249761904761905,3.249761904761905,3.249761904761905,3.249761904761905,3.249761904761905,3.249761904761905,2.437321428571429,3.249761904761905,3.249761904761905,4.062202380952381,4.062202380952381,3.249761904761905,4.062202380952381,2.437321428571429,3.249761904761905,3.249761904761905,2.437321428571429,3.249761904761905,2.437321428571429,4.062202380952381,3.249761904761905,3.249761904761905
389,Matheus N.,5.9,11,2.5,213,0.0,0.06,0.06,7.0,100.0,DEF,Man City,1.8561759703161116,1.8561759703161116,1.8561759703161116,1.8561759703161116,1.8561759703161116,1.8561759703161116,1.3921319777370837,2.3202199628951394,1.3921319777370837,2.3202199628951394,1.8561759703161116,2.3202199628951394,1.3921319777370837,2.3202199628951394,1.8561759703161116,1.3921319777370837,2.3202199628951394,1.8561759703161116,1.8561759703161116,1.8561759703161116,1.8561759703161116,1.8561759703161116,1.8561759703161116,1.3921319777370837,1.8561759703161116,1.8561759703161116,2.3202199628951394,2.3202199628951394,1.8561759703161116,2.3202199628951394,1.3921319777370837,1.8561759703161116,1.8561759703161116,1.3921319777370837,1.8561759703161116,1.3921319777370837,2.3202199628951394,1.8561759703161116,1.8561759703161116
390,Rúben,5.5,17,3.8,450,0.29,0.74,1.03,18.7,100.0,DEF,Man City,3.0059523809523814,3.0059523809523814,3.0059523809523814,3.0059523809523814,3.0059523809523814,3.0059523809523814,2.254464285714286,3.7574404761904767,2.254464285714286,3.7574404761904767,3.0059523809523814,3.7574404761904767,2.254464285714286,3.7574404761904767,3.0059523809523814,2.254464285714286,3.7574404761904767,3.0059523809523814,3.0059523809523814,3.0059523809523814,3.0059523809523814,3.0059523809523814,3.0059523809523814,2.254464285714286,3.0059523809523814,3.0059523809523814,3.7574404761904767,3.7574404761904767,3.0059523809523814,3.7574404761904767,2.254464285714286,3.0059523809523814,3.0059523809523814,2.254464285714286,3.0059523809523814,2.254464285714286,3.7574404761904767,3.0059523809523814,3.0059523809523814
391,Gvardiol,5.7,37,7.0,434,0.22,0.74,0.96,24.0,100.0,DEF,Man City,3.061723454233795,3.061723454233795,3.061723454233795,3.061723454233795,3.061723454233795,3.061723454233795,2.296292590675346,3.8271543177922442,2.296292590675346,3.8271543177922442,3.061723454233795,3.8271543177922442,2.296292590675346,3.8271543177922442,3.061723454233795,2.296292590675346,3.8271543177922442,3.061723454233795,3.061723454233795,3.061723454233795,3.061723454233795,3.061723454233795,3.061723454233795,2.296292590675346,3.061723454233795,3.061723454233795,3.8271543177922442,3.8271543177922442,3.061723454233795,3.8271543177922442,2.296292590675346,3.061723454233795,3.061723454233795,2.296292590675346,3.061723454233795,2.296292590675346,3.8271543177922442,3.061723454233795,3.061723454233795
392,Aït-Nouri,5.3,0,0.0,0,0.0,0.0,0.0,0.0,100.0,DEF,Man City,0.0,0.0,0.0,0.0,0.0,0.0,0.0,0.0,0.0,0.0,0.0,0.0,0.0,0.0,0.0,0.0,0.0,0.0,0.0,0.0,0.0,0.0,0.0,0.0,0.0,0.0,0.0,0.0,0.0,0.0,0.0,0.0,0.0,0.0,0.0,0.0,0.0,0.0,0.0
393,Khusanov,5.4,9,1.8,268,0.0,0.06,0.06,6.8,100.0,DEF,Man City,2.1758621949065016,2.1758621949065016,2.1758621949065016,2.1758621949065016,2.1758621949065016,2.1758621949065016,1.631896646179876,2.719827743633127,1.631896646179876,2.719827743633127,2.1758621949065016,2.719827743633127,1.631896646179876,2.719827743633127,2.1758621949065016,1.631896646179876,2.719827743633127,2.1758621949065016,2.1758621949065016,2.1758621949065016,2.1758621949065016,2.1758621949065016,2.1758621949065016,1.631896646179876,2.1758621949065016,2.1758621949065016,2.719827743633127,2.719827743633127,2.1758621949065016,2.719827743633127,1.631896646179876,2.1758621949065016,2.1758621949065016,1.631896646179876,2.1758621949065016,1.631896646179876,2.719827743633127,2.1758621949065016,2.1758621949065016
395,Lewis,4.4,1,0.0,56,0.17,0.02,0.19,4.7,100.0,DEF,Man City,0.418041054613936,0.418041054613936,0.418041054613936,0.418041054613936,0.418041054613936,0.418041054613936,0.313530790960452,0.52255131826742,0.313530790960452,0.52255131826742,0.418041054613936,0.52255131826742,0.313530790960452,0.52255131826742,0.418041054613936,0.313530790960452,0.52255131826742,0.418041054613936,0.418041054613936,0.418041054613936,0.418041054613936,0.418041054613936,0.418041054613936,0.313530790960452,0.418041054613936,0.418041054613936,0.52255131826742,0.52255131826742,0.418041054613936,0.52255131826742,0.313530790960452,0.418041054613936,0.418041054613936,0.313530790960452,0.418041054613936,0.313530790960452,0.52255131826742,0.418041054613936,0.418041054613936
396,Vitor Reis,4.5,1,0.2,1,0.0,0.0,0.0,0.2,100.0,DEF,Man City,0.007499988076817996,0.007499988076817996,0.007499988076817996,0.007499988076817996,0.007499988076817996,0.007499988076817996,0.0056249910576134975,0.009374985096022496,0.0056249910576134975,0.009374985096022496,0.007499988076817996,0.009374985096022496,0.0056249910576134975,0.009374985096022496,0.007499988076817996,0.0056249910576134975,0.009374985096022496,0.007499988076817996,0.007499988076817996,0.007499988076817996,0.007499988076817996,0.007499988076817996,0.007499988076817996,0.0056249910576134975,0.007499988076817996,0.007499988076817996,0.009374985096022496,0.009374985096022496,0.007499988076817996,0.009374985096022496,0.0056249910576134975,0.007499988076817996,0.007499988076817996,0.0056249910576134975,0.007499988076817996,0.0056249910576134975,0.009374985096022496,0.007499988076817996,0.007499988076817996
397,Semenyo,8.4,33,7.8,450,0.33,1.16,1.49,43.4,100.0,MID,Man City,3.958333333333334,3.958333333333334,3.958333333333334,3.958333333333334,3.958333333333334,3.958333333333334,2.9687500000000004,4.947916666666668,2.9687500000000004,4.947916666666668,3.958333333333334,4.947916666666668,2.9687500000000004,4.947916666666668,3.958333333333334,2.9687500000000004,4.947916666666668,3.958333333333334,3.958333333333334,3.958333333333334,3.958333333333334,3.958333333333334,3.958333333333334,2.9687500000000004,3.958333333333334,3.958333333333334,4.947916666666668,4.947916666666668,3.958333333333334,4.947916666666668,2.9687500000000004,3.958333333333334,3.958333333333334,2.9687500000000004,3.958333333333334,2.9687500000000004,4.947916666666668,3.958333333333334,3.958333333333334
398,Foden,6.9,9,2.0,217,1.61,0.88,2.49,22.3,0.0,MID,Man City,0.0,0.0,0.0,0.0,0.0,0.0,0.0,0.0,0.0,0.0,0.0,0.0,0.0,0.0,0.0,0.0,0.0,0.0,0.0,0.0,0.0,0.0,0.0,0.0,0.0,0.0,0.0,0.0,0.0,0.0,0.0,0.0,0.0,0.0,0.0,0.0,0.0,0.0,0.0
399,Cherki,7.8,34,6.5,302,0.72,1.54,2.26,47.3,100.0,MID,Man City,3.4909473490087595,3.4909473490087595,3.4909473490087595,3.4909473490087595,3.4909473490087595,3.4909473490087595,2.6182105117565695,4.363684186260949,2.6182105117565695,4.363684186260949,3.4909473490087595,4.363684186260949,2.6182105117565695,4.363684186260949,3.4909473490087595,2.6182105117565695,4.363684186260949,3.4909473490087595,3.4909473490087595,3.4909473490087595,3.4909473490087595,3.4909473490087595,3.4909473490087595,2.6182105117565695,3.4909473490087595,3.4909473490087595,4.363684186260949,4.363684186260949,3.4909473490087595,4.363684186260949,2.6182105117565695,3.4909473490087595,3.4909473490087595,2.6182105117565695,3.4909473490087595,2.6182105117565695,4.363684186260949,3.4909473490087595,3.4909473490087595
400,Doku,7.4,1,0.2,15,0.23,0.32,0.55,2.2,100.0,MID,Man City,0.16113621794871794,0.16113621794871794,0.16113621794871794,0.16113621794871794,0.16113621794871794,0.16113621794871794,0.12085216346153846,0.2014202724358974,0.12085216346153846,0.2014202724358974,0.16113621794871794,0.2014202724358974,0.12085216346153846,0.2014202724358974,0.16113621794871794,0.12085216346153846,0.2014202724358974,0.16113621794871794,0.16113621794871794,0.16113621794871794,0.16113621794871794,0.16113621794871794,0.16113621794871794,0.12085216346153846,0.16113621794871794,0.16113621794871794,0.2014202724358974,0.2014202724358974,0.16113621794871794,0.2014202724358974,0.12085216346153846,0.16113621794871794,0.16113621794871794,0.12085216346153846,0.16113621794871794,0.12085216346153846,0.2014202724358974,0.16113621794871794,0.16113621794871794
406,Kovačić,5.4,2,0.2,42,0.0,0.02,0.02,0.9,100.0,MID,Man City,0.3560158948757675,0.3560158948757675,0.3560158948757675,0.3560158948757675,0.3560158948757675,0.3560158948757675,0.26701192115682565,0.4450198685947094,0.26701192115682565,0.4450198685947094,0.3560158948757675,0.4450198685947094,0.26701192115682565,0.4450198685947094,0.3560158948757675,0.26701192115682565,0.4450198685947094,0.3560158948757675,0.3560158948757675,0.3560158948757675,0.3560158948757675,0.3560158948757675,0.3560158948757675,0.26701192115682565,0.3560158948757675,0.3560158948757675,0.4450198685947094,0.4450198685947094,0.3560158948757675,0.4450198685947094,0.26701192115682565,0.3560158948757675,0.3560158948757675,0.26701192115682565,0.3560158948757675,0.26701192115682565,0.4450198685947094,0.3560158948757675,0.3560158948757675
411,Haaland,15.6,39,9.2,450,4.42,0.53,4.95,46.5,100.0,FWD,Man City,6.939047619047619,6.939047619047619,6.939047619047619,6.939047619047619,6.939047619047619,6.939047619047619,5.204285714285714,8.673809523809524,5.204285714285714,8.673809523809524,6.939047619047619,8.673809523809524,5.204285714285714,8.673809523809524,6.939047619047619,5.204285714285714,8.673809523809524,6.939047619047619,6.939047619047619,6.939047619047619,6.939047619047619,6.939047619047619,6.939047619047619,5.204285714285714,6.939047619047619,6.939047619047619,8.673809523809524,8.673809523809524,6.939047619047619,8.673809523809524,5.204285714285714,6.939047619047619,6.939047619047619,5.204285714285714,6.939047619047619,5.204285714285714,8.673809523809524,6.939047619047619,6.939047619047619
481,Anderson,6.3,15,3.2,413,0.11,0.67,0.78,18.4,100.0,MID,Man City,3.228508339872773,3.228508339872773,3.228508339872773,3.228508339872773,3.228508339872773,3.228508339872773,2.42138125490458,4.035635424840967,2.42138125490458,4.035635424840967,3.228508339872773,4.035635424840967,2.42138125490458,4.035635424840967,3.228508339872773,2.42138125490458,4.035635424840967,3.228508339872773,3.228508339872773,3.228508339872773,3.228508339872773,3.228508339872773,3.228508339872773,2.42138125490458,3.228508339872773,3.228508339872773,4.035635424840967,4.035635424840967,3.228508339872773,4.035635424840967,2.42138125490458,3.228508339872773,3.228508339872773,2.42138125490458,3.228508339872773,2.42138125490458,4.035635424840967,3.228508339872773,3.228508339872773
587,Rulli,5.0,0,0.0,0,0.0,0.0,0.0,0.0,100.0,GK,Man City,0.0,0.0,0.0,0.0,0.0,0.0,0.0,0.0,0.0,0.0,0.0,0.0,0.0,0.0,0.0,0.0,0.0,0.0,0.0,0.0,0.0,0.0,0.0,0.0,0.0,0.0,0.0,0.0,0.0,0.0,0.0,0.0,0.0,0.0,0.0,0.0,0.0,0.0,0.0
616,Bouaddi,5.5,2,0.5,22,0.0,0.12,0.12,1.8,100.0,MID,Man City,0.1893269235817291,0.1893269235817291,0.1893269235817291,0.1893269235817291,0.1893269235817291,0.1893269235817291,0.14199519268629682,0.23665865447716136,0.14199519268629682,0.23665865447716136,0.1893269235817291,0.23665865447716136,0.14199519268629682,0.23665865447716136,0.1893269235817291,0.14199519268629682,0.23665865447716136,0.1893269235817291,0.1893269235817291,0.1893269235817291,0.1893269235817291,0.1893269235817291,0.1893269235817291,0.14199519268629682,0.1893269235817291,0.1893269235817291,0.23665865447716136,0.23665865447716136,0.1893269235817291,0.23665865447716136,0.14199519268629682,0.1893269235817291,0.1893269235817291,0.14199519268629682,0.1893269235817291,0.14199519268629682,0.23665865447716136,0.1893269235817291,0.1893269235817291
621,McAidoo,4.5,2,0.5,11,0.1,0.0,0.1,0.8,100.0,MID,Man City,0.08249468792963516,0.08249468792963516,0.08249468792963516,0.08249468792963516,0.08249468792963516,0.08249468792963516,0.06187101594722637,0.10311835991204395,0.06187101594722637,0.10311835991204395,0.08249468792963516,0.10311835991204395,0.06187101594722637,0.10311835991204395,0.08249468792963516,0.06187101594722637,0.10311835991204395,0.08249468792963516,0.08249468792963516,0.08249468792963516,0.08249468792963516,0.08249468792963516,0.08249468792963516,0.06187101594722637,0.08249468792963516,0.08249468792963516,0.10311835991204395,0.10311835991204395,0.08249468792963516,0.10311835991204395,0.06187101594722637,0.08249468792963516,0.08249468792963516,0.06187101594722637,0.08249468792963516,0.06187101594722637,0.10311835991204395,0.08249468792963516,0.08249468792963516
622,Braithwaite,4.0,1,0.2,1,0.0,0.0,0.0,0.1,100.0,DEF,Man City,0.00694443592788587,0.00694443592788587,0.00694443592788587,0.00694443592788587,0.00694443592788587,0.00694443592788587,0.0052083269459144025,0.008680544909857337,0.0052083269459144025,0.008680544909857337,0.00694443592788587,0.008680544909857337,0.0052083269459144025,0.008680544909857337,0.00694443592788587,0.0052083269459144025,0.008680544909857337,0.00694443592788587,0.00694443592788587,0.00694443592788587,0.00694443592788587,0.00694443592788587,0.00694443592788587,0.0052083269459144025,0.00694443592788587,0.00694443592788587,0.008680544909857337,0.008680544909857337,0.00694443592788587,0.008680544909857337,0.0052083269459144025,0.00694443592788587,0.00694443592788587,0.0052083269459144025,0.00694443592788587,0.0052083269459144025,0.008680544909857337,0.00694443592788587,0.00694443592788587
628,Allan,6.0,0,0.0,0,0.0,0.0,0.0,0.0,100.0,MID,Man City,0.0,0.0,0.0,0.0,0.0,0.0,0.0,0.0,0.0,0.0,0.0,0.0,0.0,0.0,0.0,0.0,0.0,0.0,0.0,0.0,0.0,0.0,0.0,0.0,0.0,0.0,0.0,0.0,0.0,0.0,0.0,0.0,0.0,0.0,0.0,0.0,0.0,0.0,0.0
653,Samba,4.5,0,0.0,0,0.0,0.0,0.0,0.0,100.0,MID,Man City,0.0,0.0,0.0,0.0,0.0,0.0,0.0,0.0,0.0,0.0,0.0,0.0,0.0,0.0,0.0,0.0,0.0,0.0,0.0,0.0,0.0,0.0,0.0,0.0,0.0,0.0,0.0,0.0,0.0,0.0,0.0,0.0,0.0,0.0,0.0,0.0,0.0,0.0,0.0
43,Tielemans,5.8,14,3.0,402,0.65,0.52,1.17,24.4,100.0,MID,Man Utd,3.1739571951161576,3.1739571951161576,3.1739571951161576,3.1739571951161576,3.1739571951161576,3.1739571951161576,3.1739571951161576,3.1739571951161576,3.1739571951161576,2.380467896337118,3.1739571951161576,2.380467896337118,3.1739571951161576,3.1739571951161576,3.967446493895197,3.1739571951161576,2.380467896337118,3.1739571951161576,3.967446493895197,3.1739571951161576,3.967446493895197,2.380467896337118,2.380467896337118,3.1739571951161576,2.380467896337118,3.967446493895197,3.1739571951161576,2.380467896337118,3.1739571951161576,3.1739571951161576,2.380467896337118,3.967446493895197,3.967446493895197,3.1739571951161576,3.967446493895197,3.1739571951161576,3.967446493895197,3.1739571951161576,3.967446493895197
131,Baleba,4.9,0,0.0,0,0.0,0.0,0.0,0.0,100.0,MID,Man Utd,0.0,0.0,0.0,0.0,0.0,0.0,0.0,0.0,0.0,0.0,0.0,0.0,0.0,0.0,0.0,0.0,0.0,0.0,0.0,0.0,0.0,0.0,0.0,0.0,0.0,0.0,0.0,0.0,0.0,0.0,0.0,0.0,0.0,0.0,0.0,0.0,0.0,0.0,0.0
162,Andrey Santos,4.8,4,0.5,82,0.0,0.24,0.24,3.9,100.0,MID,Man Utd,0.6417380464994153,0.6417380464994153,0.6417380464994153,0.6417380464994153,0.6417380464994153,0.6417380464994153,0.6417380464994153,0.6417380464994153,0.6417380464994153,0.4813035348745615,0.6417380464994153,0.4813035348745615,0.6417380464994153,0.6417380464994153,0.8021725581242691,0.6417380464994153,0.4813035348745615,0.6417380464994153,0.8021725581242691,0.6417380464994153,0.8021725581242691,0.4813035348745615,0.4813035348745615,0.6417380464994153,0.4813035348745615,0.8021725581242691,0.6417380464994153,0.4813035348745615,0.6417380464994153,0.6417380464994153,0.4813035348745615,0.8021725581242691,0.8021725581242691,0.6417380464994153,0.8021725581242691,0.6417380464994153,0.8021725581242691,0.6417380464994153,0.8021725581242691
325,Darlow,4.5,0,0.0,0,0.0,0.0,0.0,0.0,75.0,GK,Man Utd,0.0,0.0,0.0,0.0,0.0,0.0,0.0,0.0,0.0,0.0,0.0,0.0,0.0,0.0,0.0,0.0,0.0,0.0,0.0,0.0,0.0,0.0,0.0,0.0,0.0,0.0,0.0,0.0,0.0,0.0,0.0,0.0,0.0,0.0,0.0,0.0,0.0,0.0,0.0
412,Lammens,4.9,11,2.5,450,0.0,0.0,0.0,13.3,100.0,GK,Man Utd,2.6552380952380954,2.6552380952380954,2.6552380952380954,2.6552380952380954,2.6552380952380954,2.6552380952380954,2.6552380952380954,2.6552380952380954,2.6552380952380954,1.9914285714285715,2.6552380952380954,1.9914285714285715,2.6552380952380954,2.6552380952380954,3.3190476190476192,2.6552380952380954,1.9914285714285715,2.6552380952380954,3.3190476190476192,2.6552380952380954,3.3190476190476192,1.9914285714285715,1.9914285714285715,2.6552380952380954,1.9914285714285715,3.3190476190476192,2.6552380952380954,1.9914285714285715,2.6552380952380954,2.6552380952380954,1.9914285714285715,3.3190476190476192,3.3190476190476192,2.6552380952380954,3.3190476190476192,2.6552380952380954,3.3190476190476192,2.6552380952380954,3.3190476190476192
414,Heaton,4.0,0,0.0,0,0.0,0.0,0.0,0.0,0.0,GK,Man Utd,0.0,0.0,0.0,0.0,0.0,0.0,0.0,0.0,0.0,0.0,0.0,0.0,0.0,0.0,0.0,0.0,0.0,0.0,0.0,0.0,0.0,0.0,0.0,0.0,0.0,0.0,0.0,0.0,0.0,0.0,0.0,0.0,0.0,0.0,0.0,0.0,0.0,0.0,0.0
415,Dorgu,5.8,10,2.5,171,0.78,0.09,0.87,15.6,100.0,MID,Man Utd,1.6541448717948715,1.6541448717948715,1.6541448717948715,1.6541448717948715,1.6541448717948715,1.6541448717948715,1.6541448717948715,1.6541448717948715,1.6541448717948715,1.2406086538461536,1.6541448717948715,1.2406086538461536,1.6541448717948715,1.6541448717948715,2.0676810897435893,1.6541448717948715,1.2406086538461536,1.6541448717948715,2.0676810897435893,1.6541448717948715,2.0676810897435893,1.2406086538461536,1.2406086538461536,1.6541448717948715,1.2406086538461536,2.0676810897435893,1.6541448717948715,1.2406086538461536,1.6541448717948715,1.6541448717948715,1.2406086538461536,2.0676810897435893,2.0676810897435893,1.6541448717948715,2.0676810897435893,1.6541448717948715,2.0676810897435893,1.6541448717948715,2.0676810897435893
416,De Ligt,5.0,0,0.0,0,0.0,0.0,0.0,0.0,0.0,DEF,Man Utd,0.0,0.0,0.0,0.0,0.0,0.0,0.0,0.0,0.0,0.0,0.0,0.0,0.0,0.0,0.0,0.0,0.0,0.0,0.0,0.0,0.0,0.0,0.0,0.0,0.0,0.0,0.0,0.0,0.0,0.0,0.0,0.0,0.0,0.0,0.0,0.0,0.0,0.0,0.0
417,Dalot,4.9,8,1.8,346,0.24,0.23,0.47,20.2,100.0,DEF,Man Utd,2.678625389162515,2.678625389162515,2.678625389162515,2.678625389162515,2.678625389162515,2.678625389162515,2.678625389162515,2.678625389162515,2.678625389162515,2.008969041871886,2.678625389162515,2.008969041871886,2.678625389162515,2.678625389162515,3.348281736453144,2.678625389162515,2.008969041871886,2.678625389162515,3.348281736453144,2.678625389162515,3.348281736453144,2.008969041871886,2.008969041871886,2.678625389162515,2.008969041871886,3.348281736453144,2.678625389162515,2.008969041871886,2.678625389162515,2.678625389162515,2.008969041871886,3.348281736453144,3.348281736453144,2.678625389162515,3.348281736453144,2.678625389162515,3.348281736453144,2.678625389162515,3.348281736453144
418,Maguire,4.9,10,2.2,450,0.2,0.46,0.66,18.6,100.0,DEF,Man Utd,2.7638095238095244,2.7638095238095244,2.7638095238095244,2.7638095238095244,2.7638095238095244,2.7638095238095244,2.7638095238095244,2.7638095238095244,2.7638095238095244,2.0728571428571434,2.7638095238095244,2.0728571428571434,2.7638095238095244,2.7638095238095244,3.4547619047619054,2.7638095238095244,2.0728571428571434,2.7638095238095244,3.4547619047619054,2.7638095238095244,3.4547619047619054,2.0728571428571434,2.0728571428571434,2.7638095238095244,2.0728571428571434,3.4547619047619054,2.7638095238095244,2.0728571428571434,2.7638095238095244,2.7638095238095244,2.0728571428571434,3.4547619047619054,3.4547619047619054,2.7638095238095244,3.4547619047619054,2.7638095238095244,3.4547619047619054,2.7638095238095244,3.4547619047619054
419,Martinez,5.0,6,1.5,360,0.21,0.16,0.37,11.8,100.0,DEF,Man Utd,2.7964285714285717,2.7964285714285717,2.7964285714285717,2.7964285714285717,2.7964285714285717,2.7964285714285717,2.7964285714285717,2.7964285714285717,2.7964285714285717,2.097321428571429,2.7964285714285717,2.097321428571429,2.7964285714285717,2.7964285714285717,3.4955357142857144,2.7964285714285717,2.097321428571429,2.7964285714285717,3.4955357142857144,2.7964285714285717,3.4955357142857144,2.097321428571429,2.097321428571429,2.7964285714285717,2.097321428571429,3.4955357142857144,2.7964285714285717,2.097321428571429,2.7964285714285717,2.7964285714285717,2.097321428571429,3.4955357142857144,3.4955357142857144,2.7964285714285717,3.4955357142857144,2.7964285714285717,3.4955357142857144,2.7964285714285717,3.4955357142857144
420,Yoro,4.8,2,0.5,22,0.0,0.02,0.02,1.3,100.0,DEF,Man Utd,0.17221263623108513,0.17221263623108513,0.17221263623108513,0.17221263623108513,0.17221263623108513,0.17221263623108513,0.17221263623108513,0.17221263623108513,0.17221263623108513,0.12915947717331383,0.17221263623108513,0.12915947717331383,0.17221263623108513,0.17221263623108513,0.21526579528885642,0.17221263623108513,0.12915947717331383,0.17221263623108513,0.21526579528885642,0.17221263623108513,0.21526579528885642,0.12915947717331383,0.12915947717331383,0.17221263623108513,0.12915947717331383,0.21526579528885642,0.17221263623108513,0.12915947717331383,0.17221263623108513,0.17221263623108513,0.12915947717331383,0.21526579528885642,0.21526579528885642,0.17221263623108513,0.21526579528885642,0.17221263623108513,0.21526579528885642,0.17221263623108513,0.21526579528885642
421,Heaven,4.4,1,0.0,90,0.12,0.04,0.16,2.0,100.0,DEF,Man Utd,0.665,0.665,0.665,0.665,0.665,0.665,0.665,0.665,0.665,0.49875,0.665,0.49875,0.665,0.665,0.83125,0.665,0.49875,0.665,0.83125,0.665,0.83125,0.49875,0.49875,0.665,0.49875,0.83125,0.665,0.49875,0.665,0.665,0.49875,0.83125,0.83125,0.665,0.83125,0.665,0.83125,0.665,0.83125
422,Mazraoui,4.4,3,0.5,97,0.22,0.06,0.28,6.4,100.0,DEF,Man Utd,0.7448300441235459,0.7448300441235459,0.7448300441235459,0.7448300441235459,0.7448300441235459,0.7448300441235459,0.7448300441235459,0.7448300441235459,0.7448300441235459,0.5586225330926594,0.7448300441235459,0.5586225330926594,0.7448300441235459,0.7448300441235459,0.9310375551544324,0.7448300441235459,0.5586225330926594,0.7448300441235459,0.9310375551544324,0.7448300441235459,0.9310375551544324,0.5586225330926594,0.5586225330926594,0.7448300441235459,0.5586225330926594,0.9310375551544324,0.7448300441235459,0.5586225330926594,0.7448300441235459,0.7448300441235459,0.5586225330926594,0.9310375551544324,0.9310375551544324,0.7448300441235459,0.9310375551544324,0.7448300441235459,0.9310375551544324,0.7448300441235459,0.9310375551544324
423,Shaw,4.3,9,2.0,335,0.03,0.58,0.61,20.1,100.0,DEF,Man Utd,2.418964919923658,2.418964919923658,2.418964919923658,2.418964919923658,2.418964919923658,2.418964919923658,2.418964919923658,2.418964919923658,2.418964919923658,1.8142236899427435,2.418964919923658,1.8142236899427435,2.418964919923658,2.418964919923658,3.0237061499045725,2.418964919923658,1.8142236899427435,2.418964919923658,3.0237061499045725,2.418964919923658,3.0237061499045725,1.8142236899427435,1.8142236899427435,2.418964919923658,1.8142236899427435,3.0237061499045725,2.418964919923658,1.8142236899427435,2.418964919923658,2.418964919923658,1.8142236899427435,3.0237061499045725,3.0237061499045725,2.418964919923658,3.0237061499045725,2.418964919923658,3.0237061499045725,2.418964919923658,3.0237061499045725
424,Amass,4.0,0,0.0,0,0.0,0.0,0.0,0.0,100.0,DEF,Man Utd,0.0,0.0,0.0,0.0,0.0,0.0,0.0,0.0,0.0,0.0,0.0,0.0,0.0,0.0,0.0,0.0,0.0,0.0,0.0,0.0,0.0,0.0,0.0,0.0,0.0,0.0,0.0,0.0,0.0,0.0,0.0,0.0,0.0,0.0,0.0,0.0,0.0,0.0,0.0
426,B.Fernandes,11.9,31,7.2,450,2.56,1.32,3.88,54.6,100.0,MID,Man Utd,5.525714285714287,5.525714285714287,5.525714285714287,5.525714285714287,5.525714285714287,5.525714285714287,5.525714285714287,5.525714285714287,5.525714285714287,4.144285714285715,5.525714285714287,4.144285714285715,5.525714285714287,5.525714285714287,6.907142857142858,5.525714285714287,4.144285714285715,5.525714285714287,6.907142857142858,5.525714285714287,6.907142857142858,4.144285714285715,4.144285714285715,5.525714285714287,4.144285714285715,6.907142857142858,5.525714285714287,4.144285714285715,5.525714285714287,5.525714285714287,4.144285714285715,6.907142857142858,6.907142857142858,5.525714285714287,6.907142857142858,5.525714285714287,6.907142857142858,5.525714285714287,6.907142857142858
427,Mbeumo,7.9,25,5.8,450,3.07,0.8,3.87,44.2,100.0,MID,Man Utd,4.6515,4.6515,4.6515,4.6515,4.6515,4.6515,4.6515,4.6515,4.6515,3.4886250000000003,4.6515,3.4886250000000003,4.6515,4.6515,5.814375,4.6515,3.4886250000000003,4.6515,5.814375,4.6515,5.814375,3.4886250000000003,3.4886250000000003,4.6515,3.4886250000000003,5.814375,4.6515,3.4886250000000003,4.6515,4.6515,3.4886250000000003,5.814375,5.814375,4.6515,5.814375,4.6515,5.814375,4.6515,5.814375
428,Cunha,7.9,26,6.0,407,0.63,0.83,1.46,30.0,100.0,MID,Man Utd,3.8694623629284854,3.8694623629284854,3.8694623629284854,3.8694623629284854,3.8694623629284854,3.8694623629284854,3.8694623629284854,3.8694623629284854,3.8694623629284854,2.902096772196364,3.8694623629284854,2.902096772196364,3.8694623629284854,3.8694623629284854,4.836827953660607,3.8694623629284854,2.902096772196364,3.8694623629284854,4.836827953660607,3.8694623629284854,4.836827953660607,2.902096772196364,2.902096772196364,3.8694623629284854,2.902096772196364,4.836827953660607,3.8694623629284854,2.902096772196364,3.8694623629284854,3.8694623629284854,2.902096772196364,4.836827953660607,4.836827953660607,3.8694623629284854,4.836827953660607,3.8694623629284854,4.836827953660607,3.8694623629284854,4.836827953660607
429,Rashford,7.0,10,2.2,351,0.78,0.43,1.21,37.3,75.0,MID,Man Utd,2.6419872576515058,2.6419872576515058,2.6419872576515058,2.6419872576515058,2.6419872576515058,2.6419872576515058,2.6419872576515058,2.6419872576515058,2.6419872576515058,1.9814904432386293,2.6419872576515058,1.9814904432386293,2.6419872576515058,2.6419872576515058,3.302484072064382,2.6419872576515058,1.9814904432386293,2.6419872576515058,3.302484072064382,2.6419872576515058,3.302484072064382,1.9814904432386293,1.9814904432386293,2.6419872576515058,1.9814904432386293,3.302484072064382,2.6419872576515058,1.9814904432386293,2.6419872576515058,2.6419872576515058,1.9814904432386293,3.302484072064382,3.302484072064382,2.6419872576515058,3.302484072064382,2.6419872576515058,3.302484072064382,2.6419872576515058,3.302484072064382
430,Mount,5.4,1,0.2,10,0.09,0.01,0.1,0.7,100.0,MID,Man Utd,0.08498995887153783,0.08498995887153783,0.08498995887153783,0.08498995887153783,0.08498995887153783,0.08498995887153783,0.08498995887153783,0.08498995887153783,0.08498995887153783,0.06374246915365338,0.08498995887153783,0.06374246915365338,0.08498995887153783,0.08498995887153783,0.10623744858942229,0.08498995887153783,0.06374246915365338,0.08498995887153783,0.10623744858942229,0.08498995887153783,0.10623744858942229,0.06374246915365338,0.06374246915365338,0.08498995887153783,0.06374246915365338,0.10623744858942229,0.08498995887153783,0.06374246915365338,0.08498995887153783,0.08498995887153783,0.06374246915365338,0.10623744858942229,0.10623744858942229,0.08498995887153783,0.10623744858942229,0.08498995887153783,0.10623744858942229,0.08498995887153783,0.10623744858942229
431,Amad,5.7,0,0.0,0,0.0,0.0,0.0,0.0,0.0,MID,Man Utd,0.0,0.0,0.0,0.0,0.0,0.0,0.0,0.0,0.0,0.0,0.0,0.0,0.0,0.0,0.0,0.0,0.0,0.0,0.0,0.0,0.0,0.0,0.0,0.0,0.0,0.0,0.0,0.0,0.0,0.0,0.0,0.0,0.0,0.0,0.0,0.0,0.0,0.0,0.0
432,Mainoo,5.5,22,5.2,354,0.3,0.52,0.82,19.3,75.0,MID,Man Utd,2.2365408109779046,2.2365408109779046,2.2365408109779046,2.2365408109779046,2.2365408109779046,2.2365408109779046,2.2365408109779046,2.2365408109779046,2.2365408109779046,1.6774056082334283,2.2365408109779046,1.6774056082334283,2.2365408109779046,2.2365408109779046,2.795676013722381,2.2365408109779046,1.6774056082334283,2.2365408109779046,2.795676013722381,2.2365408109779046,2.795676013722381,1.6774056082334283,1.6774056082334283,2.2365408109779046,1.6774056082334283,2.795676013722381,2.2365408109779046,1.6774056082334283,2.2365408109779046,2.2365408109779046,1.6774056082334283,2.795676013722381,2.795676013722381,2.2365408109779046,2.795676013722381,2.2365408109779046,2.795676013722381,2.2365408109779046,2.795676013722381
433,Ugarte,5.0,0,0.0,0,0.0,0.0,0.0,0.0,0.0,MID,Man Utd,0.0,0.0,0.0,0.0,0.0,0.0,0.0,0.0,0.0,0.0,0.0,0.0,0.0,0.0,0.0,0.0,0.0,0.0,0.0,0.0,0.0,0.0,0.0,0.0,0.0,0.0,0.0,0.0,0.0,0.0,0.0,0.0,0.0,0.0,0.0,0.0,0.0,0.0,0.0
434,J.Fletcher,4.9,0,0.0,0,0.0,0.0,0.0,0.0,100.0,MID,Man Utd,0.0,0.0,0.0,0.0,0.0,0.0,0.0,0.0,0.0,0.0,0.0,0.0,0.0,0.0,0.0,0.0,0.0,0.0,0.0,0.0,0.0,0.0,0.0,0.0,0.0,0.0,0.0,0.0,0.0,0.0,0.0,0.0,0.0,0.0,0.0,0.0,0.0,0.0,0.0
435,Lacey,4.9,1,0.0,10,0.0,0.0,0.0,0.1,100.0,MID,Man Utd,0.0794306278516805,0.0794306278516805,0.0794306278516805,0.0794306278516805,0.0794306278516805,0.0794306278516805,0.0794306278516805,0.0794306278516805,0.0794306278516805,0.059572970888760374,0.0794306278516805,0.059572970888760374,0.0794306278516805,0.0794306278516805,0.09928828481460061,0.0794306278516805,0.059572970888760374,0.0794306278516805,0.09928828481460061,0.0794306278516805,0.09928828481460061,0.059572970888760374,0.059572970888760374,0.0794306278516805,0.059572970888760374,0.09928828481460061,0.0794306278516805,0.059572970888760374,0.0794306278516805,0.0794306278516805,0.059572970888760374,0.09928828481460061,0.09928828481460061,0.0794306278516805,0.09928828481460061,0.0794306278516805,0.09928828481460061,0.0794306278516805,0.09928828481460061
437,Bendito Mantato,4.5,0,0.0,0,0.0,0.0,0.0,0.0,100.0,MID,Man Utd,0.0,0.0,0.0,0.0,0.0,0.0,0.0,0.0,0.0,0.0,0.0,0.0,0.0,0.0,0.0,0.0,0.0,0.0,0.0,0.0,0.0,0.0,0.0,0.0,0.0,0.0,0.0,0.0,0.0,0.0,0.0,0.0,0.0,0.0,0.0,0.0,0.0,0.0,0.0
438,Fletcher,4.4,0,0.0,0,0.0,0.0,0.0,0.0,100.0,MID,Man Utd,0.0,0.0,0.0,0.0,0.0,0.0,0.0,0.0,0.0,0.0,0.0,0.0,0.0,0.0,0.0,0.0,0.0,0.0,0.0,0.0,0.0,0.0,0.0,0.0,0.0,0.0,0.0,0.0,0.0,0.0,0.0,0.0,0.0,0.0,0.0,0.0,0.0,0.0,0.0
439,Šeško,7.0,8,1.8,76,0.39,0.01,0.4,8.2,75.0,FWD,Man Utd,0.5886301432291667,0.5886301432291667,0.5886301432291667,0.5886301432291667,0.5886301432291667,0.5886301432291667,0.5886301432291667,0.5886301432291667,0.5886301432291667,0.44147260742187505,0.5886301432291667,0.44147260742187505,0.5886301432291667,0.5886301432291667,0.7357876790364584,0.5886301432291667,0.44147260742187505,0.5886301432291667,0.7357876790364584,0.5886301432291667,0.7357876790364584,0.44147260742187505,0.44147260742187505,0.5886301432291667,0.44147260742187505,0.7357876790364584,0.5886301432291667,0.44147260742187505,0.5886301432291667,0.5886301432291667,0.44147260742187505,0.7357876790364584,0.7357876790364584,0.5886301432291667,0.7357876790364584,0.5886301432291667,0.7357876790364584,0.5886301432291667,0.7357876790364584
440,Zirkzee,5.3,2,0.5,20,0.0,0.01,0.01,2.2,100.0,FWD,Man Utd,0.16765821256038646,0.16765821256038646,0.16765821256038646,0.16765821256038646,0.16765821256038646,0.16765821256038646,0.16765821256038646,0.16765821256038646,0.16765821256038646,0.12574365942028984,0.16765821256038646,0.12574365942028984,0.16765821256038646,0.16765821256038646,0.20957276570048308,0.16765821256038646,0.12574365942028984,0.16765821256038646,0.20957276570048308,0.16765821256038646,0.20957276570048308,0.12574365942028984,0.12574365942028984,0.16765821256038646,0.12574365942028984,0.20957276570048308,0.16765821256038646,0.12574365942028984,0.16765821256038646,0.16765821256038646,0.12574365942028984,0.20957276570048308,0.20957276570048308,0.16765821256038646,0.20957276570048308,0.16765821256038646,0.20957276570048308,0.16765821256038646,0.20957276570048308
405,N.Gonzalez,5.5,5,1.2,164,0.0,0.21,0.21,5.8,100.0,MID,Newcastle,1.3869726035048862,1.3869726035048862,1.3869726035048862,1.3869726035048862,1.3869726035048862,1.3869726035048862,1.7337157543811077,1.3869726035048862,1.3869726035048862,1.3869726035048862,1.3869726035048862,1.0402294526286646,1.3869726035048862,1.0402294526286646,1.7337157543811077,1.7337157543811077,1.3869726035048862,1.0402294526286646,1.3869726035048862,1.0402294526286646,1.0402294526286646,1.7337157543811077,1.0402294526286646,1.7337157543811077,1.3869726035048862,1.0402294526286646,1.0402294526286646,1.3869726035048862,1.3869726035048862,1.3869726035048862,1.7337157543811077,1.0402294526286646,1.3869726035048862,1.7337157543811077,1.3869726035048862,1.7337157543811077,1.0402294526286646,1.3869726035048862,1.7337157543811077
442,Pope,4.9,0,0.0,0,0.0,0.0,0.0,0.0,100.0,GK,Newcastle,0.0,0.0,0.0,0.0,0.0,0.0,0.0,0.0,0.0,0.0,0.0,0.0,0.0,0.0,0.0,0.0,0.0,0.0,0.0,0.0,0.0,0.0,0.0,0.0,0.0,0.0,0.0,0.0,0.0,0.0,0.0,0.0,0.0,0.0,0.0,0.0,0.0,0.0,0.0
443,Gillespie,4.5,0,0.0,0,0.0,0.0,0.0,0.0,100.0,GK,Newcastle,0.0,0.0,0.0,0.0,0.0,0.0,0.0,0.0,0.0,0.0,0.0,0.0,0.0,0.0,0.0,0.0,0.0,0.0,0.0,0.0,0.0,0.0,0.0,0.0,0.0,0.0,0.0,0.0,0.0,0.0,0.0,0.0,0.0,0.0,0.0,0.0,0.0,0.0,0.0
444,Jaouen,4.4,0,0.0,0,0.0,0.0,0.0,0.0,50.0,GK,Newcastle,0.0,0.0,0.0,0.0,0.0,0.0,0.0,0.0,0.0,0.0,0.0,0.0,0.0,0.0,0.0,0.0,0.0,0.0,0.0,0.0,0.0,0.0,0.0,0.0,0.0,0.0,0.0,0.0,0.0,0.0,0.0,0.0,0.0,0.0,0.0,0.0,0.0,0.0,0.0
445,Thiaw,5.0,14,2.8,450,0.0,0.08,0.08,12.7,100.0,DEF,Newcastle,2.6971428571428575,2.6971428571428575,2.6971428571428575,2.6971428571428575,2.6971428571428575,2.6971428571428575,3.371428571428572,2.6971428571428575,2.6971428571428575,2.6971428571428575,2.6971428571428575,2.022857142857143,2.6971428571428575,2.022857142857143,3.371428571428572,3.371428571428572,2.6971428571428575,2.022857142857143,2.6971428571428575,2.022857142857143,2.022857142857143,3.371428571428572,2.022857142857143,3.371428571428572,2.6971428571428575,2.022857142857143,2.022857142857143,2.6971428571428575,2.6971428571428575,2.6971428571428575,3.371428571428572,2.022857142857143,2.6971428571428575,3.371428571428572,2.6971428571428575,3.371428571428572,2.022857142857143,2.6971428571428575,3.371428571428572
446,Schär,4.9,2,0.4,25,0.0,0.01,0.01,3.6,100.0,DEF,Newcastle,0.19842113454918336,0.19842113454918336,0.19842113454918336,0.19842113454918336,0.19842113454918336,0.19842113454918336,0.2480264181864792,0.19842113454918336,0.19842113454918336,0.19842113454918336,0.19842113454918336,0.14881585091188754,0.19842113454918336,0.14881585091188754,0.2480264181864792,0.2480264181864792,0.19842113454918336,0.14881585091188754,0.19842113454918336,0.14881585091188754,0.14881585091188754,0.2480264181864792,0.14881585091188754,0.2480264181864792,0.19842113454918336,0.14881585091188754,0.14881585091188754,0.19842113454918336,0.19842113454918336,0.19842113454918336,0.2480264181864792,0.14881585091188754,0.19842113454918336,0.2480264181864792,0.19842113454918336,0.2480264181864792,0.14881585091188754,0.19842113454918336,0.2480264181864792
447,Botman,5.0,15,3.0,450,0.06,0.17,0.23,16.4,100.0,DEF,Newcastle,2.722857142857143,2.722857142857143,2.722857142857143,2.722857142857143,2.722857142857143,2.722857142857143,3.4035714285714285,2.722857142857143,2.722857142857143,2.722857142857143,2.722857142857143,2.0421428571428573,2.722857142857143,2.0421428571428573,3.4035714285714285,3.4035714285714285,2.722857142857143,2.0421428571428573,2.722857142857143,2.0421428571428573,2.0421428571428573,3.4035714285714285,2.0421428571428573,3.4035714285714285,2.722857142857143,2.0421428571428573,2.0421428571428573,2.722857142857143,2.722857142857143,2.722857142857143,3.4035714285714285,2.0421428571428573,2.722857142857143,3.4035714285714285,2.722857142857143,3.4035714285714285,2.0421428571428573,2.722857142857143,3.4035714285714285
448,Burn,4.8,0,0.0,0,0.0,0.0,0.0,0.0,0.0,DEF,Newcastle,0.0,0.0,0.0,0.0,0.0,0.0,0.0,0.0,0.0,0.0,0.0,0.0,0.0,0.0,0.0,0.0,0.0,0.0,0.0,0.0,0.0,0.0,0.0,0.0,0.0,0.0,0.0,0.0,0.0,0.0,0.0,0.0,0.0,0.0,0.0,0.0,0.0,0.0,0.0
449,Hall,5.3,31,6.2,449,0.25,0.79,1.04,30.2,100.0,DEF,Newcastle,2.9441031512478775,2.9441031512478775,2.9441031512478775,2.9441031512478775,2.9441031512478775,2.9441031512478775,3.6801289390598466,2.9441031512478775,2.9441031512478775,2.9441031512478775,2.9441031512478775,2.2080773634359083,2.9441031512478775,2.2080773634359083,3.6801289390598466,3.6801289390598466,2.9441031512478775,2.2080773634359083,2.9441031512478775,2.2080773634359083,2.2080773634359083,3.6801289390598466,2.2080773634359083,3.6801289390598466,2.9441031512478775,2.2080773634359083,2.2080773634359083,2.9441031512478775,2.9441031512478775,2.9441031512478775,3.6801289390598466,2.2080773634359083,2.9441031512478775,3.6801289390598466,2.9441031512478775,3.6801289390598466,2.2080773634359083,2.9441031512478775,3.6801289390598466
450,Livramento,4.9,4,0.8,33,0.0,0.01,0.01,1.3,75.0,DEF,Newcastle,0.19631230752683304,0.19631230752683304,0.19631230752683304,0.19631230752683304,0.19631230752683304,0.19631230752683304,0.2453903844085413,0.19631230752683304,0.19631230752683304,0.19631230752683304,0.19631230752683304,0.14723423064512478,0.19631230752683304,0.14723423064512478,0.2453903844085413,0.2453903844085413,0.19631230752683304,0.14723423064512478,0.19631230752683304,0.14723423064512478,0.14723423064512478,0.2453903844085413,0.14723423064512478,0.2453903844085413,0.19631230752683304,0.14723423064512478,0.14723423064512478,0.19631230752683304,0.19631230752683304,0.19631230752683304,0.2453903844085413,0.14723423064512478,0.19631230752683304,0.2453903844085413,0.19631230752683304,0.2453903844085413,0.14723423064512478,0.19631230752683304,0.2453903844085413
453,Barnes,6.1,28,5.6,450,0.62,0.48,1.1,28.2,100.0,MID,Newcastle,3.2223809523809526,3.2223809523809526,3.2223809523809526,3.2223809523809526,3.2223809523809526,3.2223809523809526,4.027976190476191,3.2223809523809526,3.2223809523809526,3.2223809523809526,3.2223809523809526,2.4167857142857145,3.2223809523809526,2.4167857142857145,4.027976190476191,4.027976190476191,3.2223809523809526,2.4167857142857145,3.2223809523809526,2.4167857142857145,2.4167857142857145,4.027976190476191,2.4167857142857145,4.027976190476191,3.2223809523809526,2.4167857142857145,2.4167857142857145,3.2223809523809526,3.2223809523809526,3.2223809523809526,4.027976190476191,2.4167857142857145,3.2223809523809526,4.027976190476191,3.2223809523809526,4.027976190476191,2.4167857142857145,3.2223809523809526,4.027976190476191
454,Elanga,6.1,18,3.6,232,0.42,0.34,0.76,19.4,0.0,MID,Newcastle,0.0,0.0,0.0,0.0,0.0,0.0,0.0,0.0,0.0,0.0,0.0,0.0,0.0,0.0,0.0,0.0,0.0,0.0,0.0,0.0,0.0,0.0,0.0,0.0,0.0,0.0,0.0,0.0,0.0,0.0,0.0,0.0,0.0,0.0,0.0,0.0,0.0,0.0,0.0
456,J.Ramsey,4.9,7,1.4,69,0.17,0.16,0.33,6.7,0.0,MID,Newcastle,0.0,0.0,0.0,0.0,0.0,0.0,0.0,0.0,0.0,0.0,0.0,0.0,0.0,0.0,0.0,0.0,0.0,0.0,0.0,0.0,0.0,0.0,0.0,0.0,0.0,0.0,0.0,0.0,0.0,0.0,0.0,0.0,0.0,0.0,0.0,0.0,0.0,0.0,0.0
457,J.Murphy,5.9,3,0.6,181,0.03,0.41,0.44,4.9,100.0,MID,Newcastle,1.6145209673139307,1.6145209673139307,1.6145209673139307,1.6145209673139307,1.6145209673139307,1.6145209673139307,2.018151209142413,1.6145209673139307,1.6145209673139307,1.6145209673139307,1.6145209673139307,1.210890725485448,1.6145209673139307,1.210890725485448,2.018151209142413,2.018151209142413,1.6145209673139307,1.210890725485448,1.6145209673139307,1.210890725485448,1.210890725485448,2.018151209142413,1.210890725485448,2.018151209142413,1.6145209673139307,1.210890725485448,1.210890725485448,1.6145209673139307,1.6145209673139307,1.6145209673139307,2.018151209142413,1.210890725485448,1.6145209673139307,2.018151209142413,1.6145209673139307,2.018151209142413,1.210890725485448,1.6145209673139307,2.018151209142413
458,Joelinton,5.4,0,0.0,0,0.0,0.0,0.0,0.0,0.0,MID,Newcastle,0.0,0.0,0.0,0.0,0.0,0.0,0.0,0.0,0.0,0.0,0.0,0.0,0.0,0.0,0.0,0.0,0.0,0.0,0.0,0.0,0.0,0.0,0.0,0.0,0.0,0.0,0.0,0.0,0.0,0.0,0.0,0.0,0.0,0.0,0.0,0.0,0.0,0.0,0.0
459,L.Miley,5.5,12,2.4,396,0.05,0.14,0.19,12.0,100.0,MID,Newcastle,2.8997178819444445,2.8997178819444445,2.8997178819444445,2.8997178819444445,2.8997178819444445,2.8997178819444445,3.6246473524305554,2.8997178819444445,2.8997178819444445,2.8997178819444445,2.8997178819444445,2.1747884114583336,2.8997178819444445,2.1747884114583336,3.6246473524305554,3.6246473524305554,2.8997178819444445,2.1747884114583336,2.8997178819444445,2.1747884114583336,2.1747884114583336,3.6246473524305554,2.1747884114583336,3.6246473524305554,2.8997178819444445,2.1747884114583336,2.1747884114583336,2.8997178819444445,2.8997178819444445,2.8997178819444445,3.6246473524305554,2.1747884114583336,2.8997178819444445,3.6246473524305554,2.8997178819444445,3.6246473524305554,2.1747884114583336,2.8997178819444445,3.6246473524305554
460,Willock,5.0,22,4.4,284,0.81,0.3,1.11,19.4,100.0,MID,Newcastle,2.4704038553639847,2.4704038553639847,2.4704038553639847,2.4704038553639847,2.4704038553639847,2.4704038553639847,3.088004819204981,2.4704038553639847,2.4704038553639847,2.4704038553639847,2.4704038553639847,1.8528028915229884,2.4704038553639847,1.8528028915229884,3.088004819204981,3.088004819204981,2.4704038553639847,1.8528028915229884,2.4704038553639847,1.8528028915229884,1.8528028915229884,3.088004819204981,1.8528028915229884,3.088004819204981,2.4704038553639847,1.8528028915229884,1.8528028915229884,2.4704038553639847,2.4704038553639847,2.4704038553639847,3.088004819204981,1.8528028915229884,2.4704038553639847,3.088004819204981,2.4704038553639847,3.088004819204981,1.8528028915229884,2.4704038553639847,3.088004819204981
461,Touré,5.8,8,1.6,50,0.28,0.01,0.29,6.4,100.0,MID,Newcastle,0.44870169082125594,0.44870169082125594,0.44870169082125594,0.44870169082125594,0.44870169082125594,0.44870169082125594,0.5608771135265699,0.44870169082125594,0.44870169082125594,0.44870169082125594,0.44870169082125594,0.33652626811594194,0.44870169082125594,0.33652626811594194,0.5608771135265699,0.5608771135265699,0.44870169082125594,0.33652626811594194,0.44870169082125594,0.33652626811594194,0.33652626811594194,0.5608771135265699,0.33652626811594194,0.5608771135265699,0.44870169082125594,0.33652626811594194,0.33652626811594194,0.44870169082125594,0.44870169082125594,0.44870169082125594,0.5608771135265699,0.33652626811594194,0.44870169082125594,0.5608771135265699,0.44870169082125594,0.5608771135265699,0.33652626811594194,0.44870169082125594,0.5608771135265699
462,Steur,4.9,8,1.6,223,0.0,0.06,0.06,8.8,100.0,MID,Newcastle,1.7180194192610534,1.7180194192610534,1.7180194192610534,1.7180194192610534,1.7180194192610534,1.7180194192610534,2.147524274076317,1.7180194192610534,1.7180194192610534,1.7180194192610534,1.7180194192610534,1.28851456444579,1.7180194192610534,1.28851456444579,2.147524274076317,2.147524274076317,1.7180194192610534,1.28851456444579,1.7180194192610534,1.28851456444579,1.28851456444579,2.147524274076317,1.28851456444579,2.147524274076317,1.7180194192610534,1.28851456444579,1.28851456444579,1.7180194192610534,1.7180194192610534,1.7180194192610534,2.147524274076317,1.28851456444579,1.7180194192610534,2.147524274076317,1.7180194192610534,2.147524274076317,1.28851456444579,1.7180194192610534,2.147524274076317
464,Wissa,6.2,15,3.0,441,2.35,0.06,2.41,23.3,100.0,FWD,Newcastle,3.785086956521739,3.785086956521739,3.785086956521739,3.785086956521739,3.785086956521739,3.785086956521739,4.731358695652173,3.785086956521739,3.785086956521739,3.785086956521739,3.785086956521739,2.8388152173913044,3.785086956521739,2.8388152173913044,4.731358695652173,4.731358695652173,3.785086956521739,2.8388152173913044,3.785086956521739,2.8388152173913044,2.8388152173913044,4.731358695652173,2.8388152173913044,4.731358695652173,3.785086956521739,2.8388152173913044,2.8388152173913044,3.785086956521739,3.785086956521739,3.785086956521739,4.731358695652173,2.8388152173913044,3.785086956521739,4.731358695652173,3.785086956521739,4.731358695652173,2.8388152173913044,3.785086956521739,4.731358695652173
465,Osula,5.8,4,0.8,55,0.06,0.14,0.2,5.0,0.0,FWD,Newcastle,0.0,0.0,0.0,0.0,0.0,0.0,0.0,0.0,0.0,0.0,0.0,0.0,0.0,0.0,0.0,0.0,0.0,0.0,0.0,0.0,0.0,0.0,0.0,0.0,0.0,0.0,0.0,0.0,0.0,0.0,0.0,0.0,0.0,0.0,0.0,0.0,0.0,0.0,0.0
559,Bamba,4.9,3,0.6,27,0.0,0.0,0.0,1.2,100.0,MID,Newcastle,0.21425495989869148,0.21425495989869148,0.21425495989869148,0.21425495989869148,0.21425495989869148,0.21425495989869148,0.2678186998733644,0.21425495989869148,0.21425495989869148,0.21425495989869148,0.21425495989869148,0.1606912199240186,0.21425495989869148,0.1606912199240186,0.2678186998733644,0.2678186998733644,0.21425495989869148,0.1606912199240186,0.21425495989869148,0.1606912199240186,0.1606912199240186,0.2678186998733644,0.1606912199240186,0.2678186998733644,0.21425495989869148,0.1606912199240186,0.1606912199240186,0.21425495989869148,0.21425495989869148,0.21425495989869148,0.2678186998733644,0.1606912199240186,0.21425495989869148,0.2678186998733644,0.21425495989869148,0.2678186998733644,0.1606912199240186,0.21425495989869148,0.2678186998733644
567,Horníček,5.0,14,2.8,450,0.0,0.0,0.0,15.5,100.0,GK,Newcastle,2.685714285714286,2.685714285714286,2.685714285714286,2.685714285714286,2.685714285714286,2.685714285714286,3.3571428571428577,2.685714285714286,2.685714285714286,2.685714285714286,2.685714285714286,2.0142857142857142,2.685714285714286,2.0142857142857142,3.3571428571428577,3.3571428571428577,2.685714285714286,2.0142857142857142,2.685714285714286,2.0142857142857142,2.0142857142857142,3.3571428571428577,2.0142857142857142,3.3571428571428577,2.685714285714286,2.0142857142857142,2.0142857142857142,2.685714285714286,2.685714285714286,2.685714285714286,3.3571428571428577,2.0142857142857142,2.685714285714286,3.3571428571428577,2.685714285714286,3.3571428571428577,2.0142857142857142,2.685714285714286,3.3571428571428577
593,Dedić,4.5,13,2.6,327,0.14,0.08,0.22,12.6,0.0,DEF,Newcastle,0.0,0.0,0.0,0.0,0.0,0.0,0.0,0.0,0.0,0.0,0.0,0.0,0.0,0.0,0.0,0.0,0.0,0.0,0.0,0.0,0.0,0.0,0.0,0.0,0.0,0.0,0.0,0.0,0.0,0.0,0.0,0.0,0.0,0.0,0.0,0.0,0.0,0.0,0.0
634,Fernandez-Pardo,6.0,4,1.3,157,0.05,0.01,0.06,3.1,100.0,FWD,Newcastle,1.4043465474077172,1.4043465474077172,1.4043465474077172,1.4043465474077172,1.4043465474077172,1.4043465474077172,1.7554331842596467,1.4043465474077172,1.4043465474077172,1.4043465474077172,1.4043465474077172,1.0532599105557878,1.4043465474077172,1.0532599105557878,1.7554331842596467,1.7554331842596467,1.4043465474077172,1.0532599105557878,1.4043465474077172,1.0532599105557878,1.0532599105557878,1.7554331842596467,1.0532599105557878,1.7554331842596467,1.4043465474077172,1.0532599105557878,1.0532599105557878,1.4043465474077172,1.4043465474077172,1.4043465474077172,1.7554331842596467,1.0532599105557878,1.4043465474077172,1.7554331842596467,1.4043465474077172,1.7554331842596467,1.0532599105557878,1.4043465474077172,1.7554331842596467
659,Miley,4.5,0,0.0,0,0.0,0.0,0.0,0.0,100.0,MID,Newcastle,0.0,0.0,0.0,0.0,0.0,0.0,0.0,0.0,0.0,0.0,0.0,0.0,0.0,0.0,0.0,0.0,0.0,0.0,0.0,0.0,0.0,0.0,0.0,0.0,0.0,0.0,0.0,0.0,0.0,0.0,0.0,0.0,0.0,0.0,0.0,0.0,0.0,0.0,0.0
663,Pivas,4.0,0,0.0,0,0.0,0.0,0.0,0.0,100.0,DEF,Newcastle,0.0,0.0,0.0,0.0,0.0,0.0,0.0,0.0,0.0,0.0,0.0,0.0,0.0,0.0,0.0,0.0,0.0,0.0,0.0,0.0,0.0,0.0,0.0,0.0,0.0,0.0,0.0,0.0,0.0,0.0,0.0,0.0,0.0,0.0,0.0,0.0,0.0,0.0,0.0
664,Salia,4.5,0,0.0,0,0.0,0.0,0.0,0.0,100.0,FWD,Newcastle,0.0,0.0,0.0,0.0,0.0,0.0,0.0,0.0,0.0,0.0,0.0,0.0,0.0,0.0,0.0,0.0,0.0,0.0,0.0,0.0,0.0,0.0,0.0,0.0,0.0,0.0,0.0,0.0,0.0,0.0,0.0,0.0,0.0,0.0,0.0,0.0,0.0,0.0,0.0
665,Mills,4.5,0,0.0,0,0.0,0.0,0.0,0.0,100.0,MID,Newcastle,0.0,0.0,0.0,0.0,0.0,0.0,0.0,0.0,0.0,0.0,0.0,0.0,0.0,0.0,0.0,0.0,0.0,0.0,0.0,0.0,0.0,0.0,0.0,0.0,0.0,0.0,0.0,0.0,0.0,0.0,0.0,0.0,0.0,0.0,0.0,0.0,0.0,0.0,0.0
666,Thompson,4.5,0,0.0,0,0.0,0.0,0.0,0.0,100.0,MID,Newcastle,0.0,0.0,0.0,0.0,0.0,0.0,0.0,0.0,0.0,0.0,0.0,0.0,0.0,0.0,0.0,0.0,0.0,0.0,0.0,0.0,0.0,0.0,0.0,0.0,0.0,0.0,0.0,0.0,0.0,0.0,0.0,0.0,0.0,0.0,0.0,0.0,0.0,0.0,0.0
167,Delap,5.6,9,1.8,277,0.89,0.35,1.24,17.9,100.0,FWD,Nott'm Forest,2.5800785497203984,2.5800785497203984,2.5800785497203984,2.5800785497203984,2.5800785497203984,2.5800785497203984,2.5800785497203984,1.9350589122902988,3.225098187150498,2.5800785497203984,1.9350589122902988,2.5800785497203984,1.9350589122902988,3.225098187150498,3.225098187150498,2.5800785497203984,2.5800785497203984,1.9350589122902988,2.5800785497203984,3.225098187150498,3.225098187150498,1.9350589122902988,2.5800785497203984,1.9350589122902988,2.5800785497203984,2.5800785497203984,1.9350589122902988,2.5800785497203984,3.225098187150498,2.5800785497203984,2.5800785497203984,2.5800785497203984,1.9350589122902988,3.225098187150498,2.5800785497203984,2.5800785497203984,1.9350589122902988,3.225098187150498,3.225098187150498
201,Muñoz,5.4,5,1.2,257,0.6,0.21,0.81,18.1,100.0,DEF,Nott'm Forest,2.215695474192728,2.215695474192728,2.215695474192728,2.215695474192728,2.215695474192728,2.215695474192728,2.215695474192728,1.661771605644546,2.76961934274091,2.215695474192728,1.661771605644546,2.215695474192728,1.661771605644546,2.76961934274091,2.76961934274091,2.215695474192728,2.215695474192728,1.661771605644546,2.215695474192728,2.76961934274091,2.76961934274091,1.661771605644546,2.215695474192728,1.661771605644546,2.215695474192728,2.215695474192728,1.661771605644546,2.215695474192728,2.76961934274091,2.215695474192728,2.215695474192728,2.215695474192728,1.661771605644546,2.76961934274091,2.215695474192728,2.215695474192728,1.661771605644546,2.76961934274091,2.76961934274091
467,Sels,5.0,14,3.0,450,0.0,0.01,0.01,8.2,100.0,GK,Nott'm Forest,2.6871428571428573,2.6871428571428573,2.6871428571428573,2.6871428571428573,2.6871428571428573,2.6871428571428573,2.6871428571428573,2.015357142857143,3.3589285714285717,2.6871428571428573,2.015357142857143,2.6871428571428573,2.015357142857143,3.3589285714285717,3.3589285714285717,2.6871428571428573,2.6871428571428573,2.015357142857143,2.6871428571428573,3.3589285714285717,3.3589285714285717,2.015357142857143,2.6871428571428573,2.015357142857143,2.6871428571428573,2.6871428571428573,2.015357142857143,2.6871428571428573,3.3589285714285717,2.6871428571428573,2.6871428571428573,2.6871428571428573,2.015357142857143,3.3589285714285717,2.6871428571428573,2.6871428571428573,2.015357142857143,3.3589285714285717,3.3589285714285717
468,John,4.5,0,0.0,0,0.0,0.0,0.0,0.0,100.0,GK,Nott'm Forest,0.0,0.0,0.0,0.0,0.0,0.0,0.0,0.0,0.0,0.0,0.0,0.0,0.0,0.0,0.0,0.0,0.0,0.0,0.0,0.0,0.0,0.0,0.0,0.0,0.0,0.0,0.0,0.0,0.0,0.0,0.0,0.0,0.0,0.0,0.0,0.0,0.0,0.0,0.0
469,N.Williams,5.0,19,4.2,450,0.41,0.61,1.02,25.6,100.0,DEF,Nott'm Forest,2.8607142857142858,2.8607142857142858,2.8607142857142858,2.8607142857142858,2.8607142857142858,2.8607142857142858,2.8607142857142858,2.1455357142857143,3.575892857142857,2.8607142857142858,2.1455357142857143,2.8607142857142858,2.1455357142857143,3.575892857142857,3.575892857142857,2.8607142857142858,2.8607142857142858,2.1455357142857143,2.8607142857142858,3.575892857142857,3.575892857142857,2.1455357142857143,2.8607142857142858,2.1455357142857143,2.8607142857142858,2.8607142857142858,2.1455357142857143,2.8607142857142858,3.575892857142857,2.8607142857142858,2.8607142857142858,2.8607142857142858,2.1455357142857143,3.575892857142857,2.8607142857142858,2.8607142857142858,2.1455357142857143,3.575892857142857,3.575892857142857
471,Milenković,5.4,12,2.5,270,0.11,0.03,0.14,7.0,0.0,DEF,Nott'm Forest,0.0,0.0,0.0,0.0,0.0,0.0,0.0,0.0,0.0,0.0,0.0,0.0,0.0,0.0,0.0,0.0,0.0,0.0,0.0,0.0,0.0,0.0,0.0,0.0,0.0,0.0,0.0,0.0,0.0,0.0,0.0,0.0,0.0,0.0,0.0,0.0,0.0,0.0,0.0
472,Murillo,5.5,23,4.8,449,0.42,0.37,0.79,21.4,100.0,DEF,Nott'm Forest,2.981521965867669,2.981521965867669,2.981521965867669,2.981521965867669,2.981521965867669,2.981521965867669,2.981521965867669,2.2361414744007515,3.726902457334586,2.981521965867669,2.2361414744007515,2.981521965867669,2.2361414744007515,3.726902457334586,3.726902457334586,2.981521965867669,2.981521965867669,2.2361414744007515,2.981521965867669,3.726902457334586,3.726902457334586,2.2361414744007515,2.981521965867669,2.2361414744007515,2.981521965867669,2.981521965867669,2.2361414744007515,2.981521965867669,3.726902457334586,2.981521965867669,2.981521965867669,2.981521965867669,2.2361414744007515,3.726902457334586,2.981521965867669,2.981521965867669,2.2361414744007515,3.726902457334586,3.726902457334586
473,Aina,4.4,8,0.8,306,0.04,0.53,0.57,12.7,100.0,DEF,Nott'm Forest,2.242068822553897,2.242068822553897,2.242068822553897,2.242068822553897,2.242068822553897,2.242068822553897,2.242068822553897,1.681551616915423,2.8025860281923713,2.242068822553897,1.681551616915423,2.242068822553897,1.681551616915423,2.8025860281923713,2.8025860281923713,2.242068822553897,2.242068822553897,1.681551616915423,2.242068822553897,2.8025860281923713,2.8025860281923713,1.681551616915423,2.242068822553897,1.681551616915423,2.242068822553897,2.242068822553897,1.681551616915423,2.242068822553897,2.8025860281923713,2.242068822553897,2.242068822553897,2.242068822553897,1.681551616915423,2.8025860281923713,2.242068822553897,2.242068822553897,1.681551616915423,2.8025860281923713,2.8025860281923713
474,Jair Cunha,4.5,11,2.5,360,0.05,0.02,0.07,8.6,100.0,DEF,Nott'm Forest,2.580238095238095,2.580238095238095,2.580238095238095,2.580238095238095,2.580238095238095,2.580238095238095,2.580238095238095,1.9351785714285714,3.225297619047619,2.580238095238095,1.9351785714285714,2.580238095238095,1.9351785714285714,3.225297619047619,3.225297619047619,2.580238095238095,2.580238095238095,1.9351785714285714,2.580238095238095,3.225297619047619,3.225297619047619,1.9351785714285714,2.580238095238095,1.9351785714285714,2.580238095238095,2.580238095238095,1.9351785714285714,2.580238095238095,3.225297619047619,2.580238095238095,2.580238095238095,2.580238095238095,1.9351785714285714,3.225297619047619,2.580238095238095,2.580238095238095,1.9351785714285714,3.225297619047619,3.225297619047619
475,Savona,4.5,0,0.0,0,0.0,0.0,0.0,0.0,0.0,DEF,Nott'm Forest,0.0,0.0,0.0,0.0,0.0,0.0,0.0,0.0,0.0,0.0,0.0,0.0,0.0,0.0,0.0,0.0,0.0,0.0,0.0,0.0,0.0,0.0,0.0,0.0,0.0,0.0,0.0,0.0,0.0,0.0,0.0,0.0,0.0,0.0,0.0,0.0,0.0,0.0,0.0
476,O.Richards,4.0,0,0.0,0,0.0,0.0,0.0,0.0,100.0,DEF,Nott'm Forest,0.0,0.0,0.0,0.0,0.0,0.0,0.0,0.0,0.0,0.0,0.0,0.0,0.0,0.0,0.0,0.0,0.0,0.0,0.0,0.0,0.0,0.0,0.0,0.0,0.0,0.0,0.0,0.0,0.0,0.0,0.0,0.0,0.0,0.0,0.0,0.0,0.0,0.0,0.0
478,Netz,4.4,3,0.5,27,0.0,0.02,0.02,2.6,100.0,DEF,Nott'm Forest,0.19932904178978472,0.19932904178978472,0.19932904178978472,0.19932904178978472,0.19932904178978472,0.19932904178978472,0.19932904178978472,0.14949678134233854,0.2491613022372309,0.19932904178978472,0.14949678134233854,0.19932904178978472,0.14949678134233854,0.2491613022372309,0.2491613022372309,0.19932904178978472,0.19932904178978472,0.14949678134233854,0.19932904178978472,0.2491613022372309,0.2491613022372309,0.14949678134233854,0.19932904178978472,0.14949678134233854,0.19932904178978472,0.19932904178978472,0.14949678134233854,0.19932904178978472,0.2491613022372309,0.19932904178978472,0.19932904178978472,0.19932904178978472,0.14949678134233854,0.2491613022372309,0.19932904178978472,0.19932904178978472,0.14949678134233854,0.2491613022372309,0.2491613022372309
480,Gibbs-White,8.0,28,6.5,450,1.56,1.42,2.98,40.6,100.0,MID,Nott'm Forest,4.178,4.178,4.178,4.178,4.178,4.178,4.178,3.1334999999999997,5.2225,4.178,3.1334999999999997,4.178,3.1334999999999997,5.2225,5.2225,4.178,4.178,3.1334999999999997,4.178,5.2225,5.2225,3.1334999999999997,4.178,3.1334999999999997,4.178,4.178,3.1334999999999997,4.178,5.2225,4.178,4.178,4.178,3.1334999999999997,5.2225,4.178,4.178,3.1334999999999997,5.2225,5.2225
482,Hudson-Odoi,5.8,1,0.2,1,0.0,0.0,0.0,0.0,100.0,MID,Nott'm Forest,0.008944423664041521,0.008944423664041521,0.008944423664041521,0.008944423664041521,0.008944423664041521,0.008944423664041521,0.008944423664041521,0.006708317748031141,0.011180529580051902,0.008944423664041521,0.006708317748031141,0.008944423664041521,0.006708317748031141,0.011180529580051902,0.011180529580051902,0.008944423664041521,0.008944423664041521,0.006708317748031141,0.008944423664041521,0.011180529580051902,0.011180529580051902,0.006708317748031141,0.008944423664041521,0.006708317748031141,0.008944423664041521,0.008944423664041521,0.006708317748031141,0.008944423664041521,0.011180529580051902,0.008944423664041521,0.008944423664041521,0.008944423664041521,0.006708317748031141,0.011180529580051902,0.008944423664041521,0.008944423664041521,0.006708317748031141,0.011180529580051902,0.011180529580051902
483,Ndoye,5.5,15,3.0,316,1.25,0.93,2.18,19.0,100.0,MID,Nott'm Forest,3.228709117383512,3.228709117383512,3.228709117383512,3.228709117383512,3.228709117383512,3.228709117383512,3.228709117383512,2.421531838037634,4.03588639672939,3.228709117383512,2.421531838037634,3.228709117383512,2.421531838037634,4.03588639672939,4.03588639672939,3.228709117383512,3.228709117383512,2.421531838037634,3.228709117383512,4.03588639672939,4.03588639672939,2.421531838037634,3.228709117383512,2.421531838037634,3.228709117383512,3.228709117383512,2.421531838037634,3.228709117383512,4.03588639672939,3.228709117383512,3.228709117383512,3.228709117383512,2.421531838037634,4.03588639672939,3.228709117383512,3.228709117383512,2.421531838037634,4.03588639672939,4.03588639672939
486,McAtee,5.5,12,2.2,416,0.37,0.96,1.33,27.6,100.0,MID,Nott'm Forest,3.074249811305359,3.074249811305359,3.074249811305359,3.074249811305359,3.074249811305359,3.074249811305359,3.074249811305359,2.305687358479019,3.8428122641316986,3.074249811305359,2.305687358479019,3.074249811305359,2.305687358479019,3.8428122641316986,3.8428122641316986,3.074249811305359,3.074249811305359,2.305687358479019,3.074249811305359,3.8428122641316986,3.8428122641316986,2.305687358479019,3.074249811305359,2.305687358479019,3.074249811305359,3.074249811305359,2.305687358479019,3.074249811305359,3.8428122641316986,3.074249811305359,3.074249811305359,3.074249811305359,2.305687358479019,3.8428122641316986,3.074249811305359,3.074249811305359,2.305687358479019,3.8428122641316986,3.8428122641316986
487,Dominguez,4.9,1,0.2,1,0.0,0.0,0.0,0.0,100.0,MID,Nott'm Forest,0.007944429795963697,0.007944429795963697,0.007944429795963697,0.007944429795963697,0.007944429795963697,0.007944429795963697,0.007944429795963697,0.005958322346972773,0.009930537244954622,0.007944429795963697,0.005958322346972773,0.007944429795963697,0.005958322346972773,0.009930537244954622,0.009930537244954622,0.007944429795963697,0.007944429795963697,0.005958322346972773,0.007944429795963697,0.009930537244954622,0.009930537244954622,0.005958322346972773,0.007944429795963697,0.005958322346972773,0.007944429795963697,0.007944429795963697,0.005958322346972773,0.007944429795963697,0.009930537244954622,0.007944429795963697,0.007944429795963697,0.007944429795963697,0.005958322346972773,0.009930537244954622,0.007944429795963697,0.007944429795963697,0.005958322346972773,0.009930537244954622,0.009930537244954622
488,I.Sangaré,4.9,4,0.5,105,0.09,0.02,0.11,4.1,100.0,MID,Nott'm Forest,0.8289863184079604,0.8289863184079604,0.8289863184079604,0.8289863184079604,0.8289863184079604,0.8289863184079604,0.8289863184079604,0.6217397388059703,1.0362328980099504,0.8289863184079604,0.6217397388059703,0.8289863184079604,0.6217397388059703,1.0362328980099504,1.0362328980099504,0.8289863184079604,0.8289863184079604,0.6217397388059703,0.8289863184079604,1.0362328980099504,1.0362328980099504,0.6217397388059703,0.8289863184079604,0.6217397388059703,0.8289863184079604,0.8289863184079604,0.6217397388059703,0.8289863184079604,1.0362328980099504,0.8289863184079604,0.8289863184079604,0.8289863184079604,0.6217397388059703,1.0362328980099504,0.8289863184079604,0.8289863184079604,0.6217397388059703,1.0362328980099504,1.0362328980099504
489,Yates,4.5,0,0.0,0,0.0,0.0,0.0,0.0,100.0,MID,Nott'm Forest,0.0,0.0,0.0,0.0,0.0,0.0,0.0,0.0,0.0,0.0,0.0,0.0,0.0,0.0,0.0,0.0,0.0,0.0,0.0,0.0,0.0,0.0,0.0,0.0,0.0,0.0,0.0,0.0,0.0,0.0,0.0,0.0,0.0,0.0,0.0,0.0,0.0,0.0,0.0
490,Wood,5.8,4,0.8,62,0.12,0.01,0.13,0.7,100.0,FWD,Nott'm Forest,0.5527071575707939,0.5527071575707939,0.5527071575707939,0.5527071575707939,0.5527071575707939,0.5527071575707939,0.5527071575707939,0.4145303681780954,0.6908839469634924,0.5527071575707939,0.4145303681780954,0.5527071575707939,0.4145303681780954,0.6908839469634924,0.6908839469634924,0.5527071575707939,0.5527071575707939,0.4145303681780954,0.5527071575707939,0.6908839469634924,0.6908839469634924,0.4145303681780954,0.5527071575707939,0.4145303681780954,0.5527071575707939,0.5527071575707939,0.4145303681780954,0.5527071575707939,0.6908839469634924,0.5527071575707939,0.5527071575707939,0.5527071575707939,0.4145303681780954,0.6908839469634924,0.5527071575707939,0.5527071575707939,0.4145303681780954,0.6908839469634924,0.6908839469634924
491,Igor Jesus,5.8,12,2.5,257,1.25,0.08,1.33,19.6,100.0,FWD,Nott'm Forest,2.5437919463513854,2.5437919463513854,2.5437919463513854,2.5437919463513854,2.5437919463513854,2.5437919463513854,2.5437919463513854,1.907843959763539,3.1797399329392317,2.5437919463513854,1.907843959763539,2.5437919463513854,1.907843959763539,3.1797399329392317,3.1797399329392317,2.5437919463513854,2.5437919463513854,1.907843959763539,2.5437919463513854,3.1797399329392317,3.1797399329392317,1.907843959763539,2.5437919463513854,1.907843959763539,2.5437919463513854,2.5437919463513854,1.907843959763539,2.5437919463513854,3.1797399329392317,2.5437919463513854,2.5437919463513854,2.5437919463513854,1.907843959763539,3.1797399329392317,2.5437919463513854,2.5437919463513854,1.907843959763539,3.1797399329392317,3.1797399329392317
493,Kalimuendo,5.4,1,0.0,1,0.0,0.0,0.0,0.0,100.0,FWD,Nott'm Forest,0.008499981944895823,0.008499981944895823,0.008499981944895823,0.008499981944895823,0.008499981944895823,0.008499981944895823,0.008499981944895823,0.006374986458671867,0.01062497743111978,0.008499981944895823,0.006374986458671867,0.008499981944895823,0.006374986458671867,0.01062497743111978,0.01062497743111978,0.008499981944895823,0.008499981944895823,0.006374986458671867,0.008499981944895823,0.01062497743111978,0.01062497743111978,0.006374986458671867,0.008499981944895823,0.006374986458671867,0.008499981944895823,0.008499981944895823,0.006374986458671867,0.008499981944895823,0.01062497743111978,0.008499981944895823,0.008499981944895823,0.008499981944895823,0.006374986458671867,0.01062497743111978,0.008499981944895823,0.008499981944895823,0.006374986458671867,0.01062497743111978,0.01062497743111978
558,Schlager,5.0,13,3.0,376,0.19,0.18,0.37,12.5,100.0,MID,Nott'm Forest,2.7871930042173156,2.7871930042173156,2.7871930042173156,2.7871930042173156,2.7871930042173156,2.7871930042173156,2.7871930042173156,2.090394753162987,3.4839912552716443,2.7871930042173156,2.090394753162987,2.7871930042173156,2.090394753162987,3.4839912552716443,3.4839912552716443,2.7871930042173156,2.7871930042173156,2.090394753162987,2.7871930042173156,3.4839912552716443,3.4839912552716443,2.090394753162987,2.7871930042173156,2.090394753162987,2.7871930042173156,2.7871930042173156,2.090394753162987,2.7871930042173156,3.4839912552716443,2.7871930042173156,2.7871930042173156,2.7871930042173156,2.090394753162987,3.4839912552716443,2.7871930042173156,2.7871930042173156,2.090394753162987,3.4839912552716443,3.4839912552716443
581,Diomande,5.4,7,1.8,163,0.16,0.01,0.17,5.2,100.0,DEF,Nott'm Forest,1.3641896197174386,1.3641896197174386,1.3641896197174386,1.3641896197174386,1.3641896197174386,1.3641896197174386,1.3641896197174386,1.0231422147880789,1.7052370246467983,1.3641896197174386,1.0231422147880789,1.3641896197174386,1.0231422147880789,1.7052370246467983,1.7052370246467983,1.3641896197174386,1.3641896197174386,1.0231422147880789,1.3641896197174386,1.7052370246467983,1.7052370246467983,1.0231422147880789,1.3641896197174386,1.0231422147880789,1.3641896197174386,1.3641896197174386,1.0231422147880789,1.3641896197174386,1.7052370246467983,1.3641896197174386,1.3641896197174386,1.3641896197174386,1.0231422147880789,1.7052370246467983,1.3641896197174386,1.3641896197174386,1.0231422147880789,1.7052370246467983,1.7052370246467983
590,Benda,4.5,0,0.0,0,0.0,0.0,0.0,0.0,100.0,GK,Nott'm Forest,0.0,0.0,0.0,0.0,0.0,0.0,0.0,0.0,0.0,0.0,0.0,0.0,0.0,0.0,0.0,0.0,0.0,0.0,0.0,0.0,0.0,0.0,0.0,0.0,0.0,0.0,0.0,0.0,0.0,0.0,0.0,0.0,0.0,0.0,0.0,0.0,0.0,0.0,0.0
112,Van Hecke,4.9,24,5.8,450,0.69,0.42,1.11,31.6,100.0,DEF,Spurs,2.8665000000000003,2.8665000000000003,2.8665000000000003,2.8665000000000003,2.8665000000000003,2.8665000000000003,2.149875,3.5831250000000003,2.149875,2.8665000000000003,2.8665000000000003,3.5831250000000003,2.8665000000000003,3.5831250000000003,2.149875,3.5831250000000003,2.149875,2.8665000000000003,3.5831250000000003,2.149875,2.8665000000000003,3.5831250000000003,2.8665000000000003,3.5831250000000003,3.5831250000000003,2.149875,2.8665000000000003,2.149875,2.8665000000000003,2.8665000000000003,2.8665000000000003,2.8665000000000003,2.8665000000000003,3.5831250000000003,2.149875,2.149875,3.5831250000000003,2.149875,2.149875
147,Tosin,4.4,1,0.2,5,0.0,0.0,0.0,0.9,100.0,DEF,Spurs,0.036943075672357446,0.036943075672357446,0.036943075672357446,0.036943075672357446,0.036943075672357446,0.036943075672357446,0.027707306754268086,0.046178844590446806,0.027707306754268086,0.036943075672357446,0.036943075672357446,0.046178844590446806,0.036943075672357446,0.046178844590446806,0.027707306754268086,0.046178844590446806,0.027707306754268086,0.036943075672357446,0.046178844590446806,0.027707306754268086,0.036943075672357446,0.046178844590446806,0.036943075672357446,0.046178844590446806,0.046178844590446806,0.027707306754268086,0.036943075672357446,0.027707306754268086,0.036943075672357446,0.036943075672357446,0.036943075672357446,0.036943075672357446,0.036943075672357446,0.046178844590446806,0.027707306754268086,0.027707306754268086,0.046178844590446806,0.027707306754268086,0.027707306754268086
401,Marmoush,7.0,8,2.0,339,0.38,0.15,0.53,12.9,100.0,FWD,Spurs,3.2945799567990224,3.2945799567990224,3.2945799567990224,3.2945799567990224,3.2945799567990224,3.2945799567990224,2.4709349675992667,4.118224945998778,2.4709349675992667,3.2945799567990224,3.2945799567990224,4.118224945998778,3.2945799567990224,4.118224945998778,2.4709349675992667,4.118224945998778,2.4709349675992667,3.2945799567990224,4.118224945998778,2.4709349675992667,3.2945799567990224,4.118224945998778,3.2945799567990224,4.118224945998778,4.118224945998778,2.4709349675992667,3.2945799567990224,2.4709349675992667,3.2945799567990224,3.2945799567990224,3.2945799567990224,3.2945799567990224,3.2945799567990224,4.118224945998778,2.4709349675992667,2.4709349675992667,4.118224945998778,2.4709349675992667,2.4709349675992667
403,Sávio,6.5,8,2.0,240,0.41,0.7,1.11,27.8,100.0,MID,Spurs,2.3316791979949874,2.3316791979949874,2.3316791979949874,2.3316791979949874,2.3316791979949874,2.3316791979949874,1.7487593984962406,2.914598997493734,1.7487593984962406,2.3316791979949874,2.3316791979949874,2.914598997493734,2.3316791979949874,2.914598997493734,1.7487593984962406,2.914598997493734,1.7487593984962406,2.3316791979949874,2.914598997493734,1.7487593984962406,2.3316791979949874,2.914598997493734,2.3316791979949874,2.914598997493734,2.914598997493734,1.7487593984962406,2.3316791979949874,1.7487593984962406,2.3316791979949874,2.3316791979949874,2.3316791979949874,2.3316791979949874,2.3316791979949874,2.914598997493734,1.7487593984962406,1.7487593984962406,2.914598997493734,1.7487593984962406,1.7487593984962406
455,Tonali,5.3,14,3.0,427,0.24,0.61,0.85,18.0,100.0,MID,Spurs,2.9279512196938757,2.9279512196938757,2.9279512196938757,2.9279512196938757,2.9279512196938757,2.9279512196938757,2.195963414770407,3.6599390246173447,2.195963414770407,2.9279512196938757,2.9279512196938757,3.6599390246173447,2.9279512196938757,3.6599390246173447,2.195963414770407,3.6599390246173447,2.195963414770407,2.9279512196938757,3.6599390246173447,2.195963414770407,2.9279512196938757,3.6599390246173447,2.9279512196938757,3.6599390246173447,3.6599390246173447,2.195963414770407,2.9279512196938757,2.195963414770407,2.9279512196938757,2.9279512196938757,2.9279512196938757,2.9279512196938757,2.9279512196938757,3.6599390246173447,2.195963414770407,2.195963414770407,3.6599390246173447,2.195963414770407,2.195963414770407
495,Austin,4.0,0,0.0,0,0.0,0.0,0.0,0.0,100.0,GK,Spurs,0.0,0.0,0.0,0.0,0.0,0.0,0.0,0.0,0.0,0.0,0.0,0.0,0.0,0.0,0.0,0.0,0.0,0.0,0.0,0.0,0.0,0.0,0.0,0.0,0.0,0.0,0.0,0.0,0.0,0.0,0.0,0.0,0.0,0.0,0.0,0.0,0.0,0.0,0.0
496,Kinsky,4.5,18,4.0,450,0.0,0.0,0.0,11.5,100.0,GK,Spurs,2.5333333333333337,2.5333333333333337,2.5333333333333337,2.5333333333333337,2.5333333333333337,2.5333333333333337,1.9000000000000004,3.166666666666667,1.9000000000000004,2.5333333333333337,2.5333333333333337,3.166666666666667,2.5333333333333337,3.166666666666667,1.9000000000000004,3.166666666666667,1.9000000000000004,2.5333333333333337,3.166666666666667,1.9000000000000004,2.5333333333333337,3.166666666666667,2.5333333333333337,3.166666666666667,3.166666666666667,1.9000000000000004,2.5333333333333337,1.9000000000000004,2.5333333333333337,2.5333333333333337,2.5333333333333337,2.5333333333333337,2.5333333333333337,3.166666666666667,1.9000000000000004,1.9000000000000004,3.166666666666667,1.9000000000000004,1.9000000000000004
497,Dubravka,4.0,0,0.0,0,0.0,0.0,0.0,0.0,100.0,GK,Spurs,0.0,0.0,0.0,0.0,0.0,0.0,0.0,0.0,0.0,0.0,0.0,0.0,0.0,0.0,0.0,0.0,0.0,0.0,0.0,0.0,0.0,0.0,0.0,0.0,0.0,0.0,0.0,0.0,0.0,0.0,0.0,0.0,0.0,0.0,0.0,0.0,0.0,0.0,0.0
498,Senesi,5.8,3,0.0,90,0.0,0.02,0.02,3.9,100.0,DEF,Spurs,0.7962121212121211,0.7962121212121211,0.7962121212121211,0.7962121212121211,0.7962121212121211,0.7962121212121211,0.5971590909090909,0.9952651515151514,0.5971590909090909,0.7962121212121211,0.7962121212121211,0.9952651515151514,0.7962121212121211,0.9952651515151514,0.5971590909090909,0.9952651515151514,0.5971590909090909,0.7962121212121211,0.9952651515151514,0.5971590909090909,0.7962121212121211,0.9952651515151514,0.7962121212121211,0.9952651515151514,0.9952651515151514,0.5971590909090909,0.7962121212121211,0.5971590909090909,0.7962121212121211,0.7962121212121211,0.7962121212121211,0.7962121212121211,0.7962121212121211,0.9952651515151514,0.5971590909090909,0.5971590909090909,0.9952651515151514,0.5971590909090909,0.5971590909090909
499,Pedro Porro,5.4,9,2.2,198,0.37,0.16,0.53,9.8,75.0,DEF,Spurs,1.2589380854800938,1.2589380854800938,1.2589380854800938,1.2589380854800938,1.2589380854800938,1.2589380854800938,0.9442035641100703,1.5736726068501172,0.9442035641100703,1.2589380854800938,1.2589380854800938,1.5736726068501172,1.2589380854800938,1.5736726068501172,0.9442035641100703,1.5736726068501172,0.9442035641100703,1.2589380854800938,1.5736726068501172,0.9442035641100703,1.2589380854800938,1.5736726068501172,1.2589380854800938,1.5736726068501172,1.5736726068501172,0.9442035641100703,1.2589380854800938,0.9442035641100703,1.2589380854800938,1.2589380854800938,1.2589380854800938,1.2589380854800938,1.2589380854800938,1.5736726068501172,0.9442035641100703,0.9442035641100703,1.5736726068501172,0.9442035641100703,0.9442035641100703
502,Robertson,4.4,17,3.5,366,0.13,0.43,0.56,25.4,100.0,DEF,Spurs,2.6214481016613718,2.6214481016613718,2.6214481016613718,2.6214481016613718,2.6214481016613718,2.6214481016613718,1.9660860762460288,3.2768101270767147,1.9660860762460288,2.6214481016613718,2.6214481016613718,3.2768101270767147,2.6214481016613718,3.2768101270767147,1.9660860762460288,3.2768101270767147,1.9660860762460288,2.6214481016613718,3.2768101270767147,1.9660860762460288,2.6214481016613718,3.2768101270767147,2.6214481016613718,3.2768101270767147,3.2768101270767147,1.9660860762460288,2.6214481016613718,1.9660860762460288,2.6214481016613718,2.6214481016613718,2.6214481016613718,2.6214481016613718,2.6214481016613718,3.2768101270767147,1.9660860762460288,1.9660860762460288,3.2768101270767147,1.9660860762460288,1.9660860762460288
503,Van de Ven,5.0,16,4.0,360,0.59,0.05,0.64,10.3,100.0,DEF,Spurs,2.8621428571428575,2.8621428571428575,2.8621428571428575,2.8621428571428575,2.8621428571428575,2.8621428571428575,2.1466071428571434,3.5776785714285717,2.1466071428571434,2.8621428571428575,2.8621428571428575,3.5776785714285717,2.8621428571428575,3.5776785714285717,2.1466071428571434,3.5776785714285717,2.1466071428571434,2.8621428571428575,3.5776785714285717,2.1466071428571434,2.8621428571428575,3.5776785714285717,2.8621428571428575,3.5776785714285717,3.5776785714285717,2.1466071428571434,2.8621428571428575,2.1466071428571434,2.8621428571428575,2.8621428571428575,2.8621428571428575,2.8621428571428575,2.8621428571428575,3.5776785714285717,2.1466071428571434,2.1466071428571434,3.5776785714285717,2.1466071428571434,2.1466071428571434
506,Udogie,4.4,7,1.5,86,0.0,0.23,0.23,2.7,100.0,DEF,Spurs,0.6370663742690059,0.6370663742690059,0.6370663742690059,0.6370663742690059,0.6370663742690059,0.6370663742690059,0.47779978070175444,0.7963329678362574,0.47779978070175444,0.6370663742690059,0.6370663742690059,0.7963329678362574,0.6370663742690059,0.7963329678362574,0.47779978070175444,0.7963329678362574,0.47779978070175444,0.6370663742690059,0.7963329678362574,0.47779978070175444,0.6370663742690059,0.7963329678362574,0.6370663742690059,0.7963329678362574,0.7963329678362574,0.47779978070175444,0.6370663742690059,0.47779978070175444,0.6370663742690059,0.6370663742690059,0.6370663742690059,0.6370663742690059,0.6370663742690059,0.7963329678362574,0.47779978070175444,0.47779978070175444,0.7963329678362574,0.47779978070175444,0.47779978070175444
508,Davies,3.9,0,0.0,0,0.0,0.0,0.0,0.0,100.0,DEF,Spurs,0.0,0.0,0.0,0.0,0.0,0.0,0.0,0.0,0.0,0.0,0.0,0.0,0.0,0.0,0.0,0.0,0.0,0.0,0.0,0.0,0.0,0.0,0.0,0.0,0.0,0.0,0.0,0.0,0.0,0.0,0.0,0.0,0.0,0.0,0.0,0.0,0.0,0.0,0.0
509,Byfield,4.0,0,0.0,0,0.0,0.0,0.0,0.0,100.0,DEF,Spurs,0.0,0.0,0.0,0.0,0.0,0.0,0.0,0.0,0.0,0.0,0.0,0.0,0.0,0.0,0.0,0.0,0.0,0.0,0.0,0.0,0.0,0.0,0.0,0.0,0.0,0.0,0.0,0.0,0.0,0.0,0.0,0.0,0.0,0.0,0.0,0.0,0.0,0.0,0.0
510,Rowswell,4.0,0,0.0,0,0.0,0.0,0.0,0.0,100.0,DEF,Spurs,0.0,0.0,0.0,0.0,0.0,0.0,0.0,0.0,0.0,0.0,0.0,0.0,0.0,0.0,0.0,0.0,0.0,0.0,0.0,0.0,0.0,0.0,0.0,0.0,0.0,0.0,0.0,0.0,0.0,0.0,0.0,0.0,0.0,0.0,0.0,0.0,0.0,0.0,0.0
512,Kudus,6.5,7,1.8,123,0.11,0.42,0.53,11.2,100.0,MID,Spurs,1.1922337354703212,1.1922337354703212,1.1922337354703212,1.1922337354703212,1.1922337354703212,1.1922337354703212,0.894175301602741,1.4902921693379014,0.894175301602741,1.1922337354703212,1.1922337354703212,1.4902921693379014,1.1922337354703212,1.4902921693379014,0.894175301602741,1.4902921693379014,0.894175301602741,1.1922337354703212,1.4902921693379014,0.894175301602741,1.1922337354703212,1.4902921693379014,1.1922337354703212,1.4902921693379014,1.4902921693379014,0.894175301602741,1.1922337354703212,0.894175301602741,1.1922337354703212,1.1922337354703212,1.1922337354703212,1.1922337354703212,1.1922337354703212,1.4902921693379014,0.894175301602741,0.894175301602741,1.4902921693379014,0.894175301602741,0.894175301602741
513,Xavi,5.9,0,0.0,0,0.0,0.0,0.0,0.0,0.0,MID,Spurs,0.0,0.0,0.0,0.0,0.0,0.0,0.0,0.0,0.0,0.0,0.0,0.0,0.0,0.0,0.0,0.0,0.0,0.0,0.0,0.0,0.0,0.0,0.0,0.0,0.0,0.0,0.0,0.0,0.0,0.0,0.0,0.0,0.0,0.0,0.0,0.0,0.0,0.0,0.0
514,Tel,5.7,8,1.5,257,0.21,0.23,0.44,14.6,100.0,MID,Spurs,2.2135193068051486,2.2135193068051486,2.2135193068051486,2.2135193068051486,2.2135193068051486,2.2135193068051486,1.6601394801038616,2.7668991335064357,1.6601394801038616,2.2135193068051486,2.2135193068051486,2.7668991335064357,2.2135193068051486,2.7668991335064357,1.6601394801038616,2.7668991335064357,1.6601394801038616,2.2135193068051486,2.7668991335064357,1.6601394801038616,2.2135193068051486,2.7668991335064357,2.2135193068051486,2.7668991335064357,2.7668991335064357,1.6601394801038616,2.2135193068051486,1.6601394801038616,2.2135193068051486,2.2135193068051486,2.2135193068051486,2.2135193068051486,2.2135193068051486,2.7668991335064357,1.6601394801038616,1.6601394801038616,2.7668991335064357,1.6601394801038616,1.6601394801038616
515,Maddison,6.3,3,0.5,59,0.06,0.04,0.1,5.6,100.0,MID,Spurs,0.5579362583981358,0.5579362583981358,0.5579362583981358,0.5579362583981358,0.5579362583981358,0.5579362583981358,0.4184521937986018,0.6974203229976697,0.4184521937986018,0.5579362583981358,0.5579362583981358,0.6974203229976697,0.5579362583981358,0.6974203229976697,0.4184521937986018,0.6974203229976697,0.4184521937986018,0.5579362583981358,0.6974203229976697,0.4184521937986018,0.5579362583981358,0.6974203229976697,0.5579362583981358,0.6974203229976697,0.6974203229976697,0.4184521937986018,0.5579362583981358,0.4184521937986018,0.5579362583981358,0.5579362583981358,0.5579362583981358,0.5579362583981358,0.5579362583981358,0.6974203229976697,0.4184521937986018,0.4184521937986018,0.6974203229976697,0.4184521937986018,0.4184521937986018
516,Bentancur,5.5,15,3.5,370,0.02,0.12,0.14,12.6,100.0,MID,Spurs,2.905862562634216,2.905862562634216,2.905862562634216,2.905862562634216,2.905862562634216,2.905862562634216,2.179396921975662,3.63232820329277,2.179396921975662,2.905862562634216,2.905862562634216,3.63232820329277,2.905862562634216,3.63232820329277,2.179396921975662,3.63232820329277,2.179396921975662,2.905862562634216,3.63232820329277,2.179396921975662,2.905862562634216,3.63232820329277,2.905862562634216,3.63232820329277,3.63232820329277,2.179396921975662,2.905862562634216,2.179396921975662,2.905862562634216,2.905862562634216,2.905862562634216,2.905862562634216,2.905862562634216,3.63232820329277,2.179396921975662,2.179396921975662,3.63232820329277,2.179396921975662,2.179396921975662
517,Odobert,5.5,0,0.0,0,0.0,0.0,0.0,0.0,0.0,MID,Spurs,0.0,0.0,0.0,0.0,0.0,0.0,0.0,0.0,0.0,0.0,0.0,0.0,0.0,0.0,0.0,0.0,0.0,0.0,0.0,0.0,0.0,0.0,0.0,0.0,0.0,0.0,0.0,0.0,0.0,0.0,0.0,0.0,0.0,0.0,0.0,0.0,0.0,0.0,0.0
519,Gallagher,5.3,9,2.2,134,0.37,0.12,0.49,9.6,100.0,MID,Spurs,1.161924858457183,1.161924858457183,1.161924858457183,1.161924858457183,1.161924858457183,1.161924858457183,0.8714436438428873,1.452406073071479,0.8714436438428873,1.161924858457183,1.161924858457183,1.452406073071479,1.161924858457183,1.452406073071479,0.8714436438428873,1.452406073071479,0.8714436438428873,1.161924858457183,1.452406073071479,0.8714436438428873,1.161924858457183,1.452406073071479,1.161924858457183,1.452406073071479,1.452406073071479,0.8714436438428873,1.161924858457183,0.8714436438428873,1.161924858457183,1.161924858457183,1.161924858457183,1.161924858457183,1.161924858457183,1.452406073071479,0.8714436438428873,0.8714436438428873,1.452406073071479,0.8714436438428873,0.8714436438428873
520,Bergvall,5.3,3,0.5,78,0.06,0.27,0.33,2.9,100.0,MID,Spurs,0.657084496124031,0.657084496124031,0.657084496124031,0.657084496124031,0.657084496124031,0.657084496124031,0.4928133720930232,0.8213556201550387,0.4928133720930232,0.657084496124031,0.657084496124031,0.8213556201550387,0.657084496124031,0.8213556201550387,0.4928133720930232,0.8213556201550387,0.4928133720930232,0.657084496124031,0.8213556201550387,0.4928133720930232,0.657084496124031,0.8213556201550387,0.657084496124031,0.8213556201550387,0.8213556201550387,0.4928133720930232,0.657084496124031,0.4928133720930232,0.657084496124031,0.657084496124031,0.657084496124031,0.657084496124031,0.657084496124031,0.8213556201550387,0.4928133720930232,0.4928133720930232,0.8213556201550387,0.4928133720930232,0.4928133720930232
521,Kulusevski,6.5,0,0.0,0,0.0,0.0,0.0,0.0,0.0,MID,Spurs,0.0,0.0,0.0,0.0,0.0,0.0,0.0,0.0,0.0,0.0,0.0,0.0,0.0,0.0,0.0,0.0,0.0,0.0,0.0,0.0,0.0,0.0,0.0,0.0,0.0,0.0,0.0,0.0,0.0,0.0,0.0,0.0,0.0,0.0,0.0,0.0,0.0,0.0,0.0
522,Gray,4.9,9,1.8,307,0.23,0.05,0.28,7.0,100.0,MID,Spurs,2.368853814428761,2.368853814428761,2.368853814428761,2.368853814428761,2.368853814428761,2.368853814428761,1.7766403608215708,2.961067268035951,1.7766403608215708,2.368853814428761,2.368853814428761,2.961067268035951,2.368853814428761,2.961067268035951,1.7766403608215708,2.961067268035951,1.7766403608215708,2.368853814428761,2.961067268035951,1.7766403608215708,2.368853814428761,2.961067268035951,2.368853814428761,2.961067268035951,2.961067268035951,1.7766403608215708,2.368853814428761,1.7766403608215708,2.368853814428761,2.368853814428761,2.368853814428761,2.368853814428761,2.368853814428761,2.961067268035951,1.7766403608215708,1.7766403608215708,2.961067268035951,1.7766403608215708,1.7766403608215708
524,Olusesi,4.4,0,0.0,0,0.0,0.0,0.0,0.0,100.0,MID,Spurs,0.0,0.0,0.0,0.0,0.0,0.0,0.0,0.0,0.0,0.0,0.0,0.0,0.0,0.0,0.0,0.0,0.0,0.0,0.0,0.0,0.0,0.0,0.0,0.0,0.0,0.0,0.0,0.0,0.0,0.0,0.0,0.0,0.0,0.0,0.0,0.0,0.0,0.0,0.0
525,Fernandes,5.7,7,1.5,249,0.19,0.28,0.47,14.6,100.0,MID,Spurs,2.1501407198110853,2.1501407198110853,2.1501407198110853,2.1501407198110853,2.1501407198110853,2.1501407198110853,1.612605539858314,2.687675899763857,1.612605539858314,2.1501407198110853,2.1501407198110853,2.687675899763857,2.1501407198110853,2.687675899763857,1.612605539858314,2.687675899763857,1.612605539858314,2.1501407198110853,2.687675899763857,1.612605539858314,2.1501407198110853,2.687675899763857,2.1501407198110853,2.687675899763857,2.687675899763857,1.612605539858314,2.1501407198110853,1.612605539858314,2.1501407198110853,2.1501407198110853,2.1501407198110853,2.1501407198110853,2.1501407198110853,2.687675899763857,1.612605539858314,1.612605539858314,2.687675899763857,1.612605539858314,1.612605539858314
526,Solanke,5.8,7,1.5,170,0.56,0.01,0.57,6.1,100.0,FWD,Spurs,1.5414277777777774,1.5414277777777774,1.5414277777777774,1.5414277777777774,1.5414277777777774,1.5414277777777774,1.1560708333333332,1.9267847222222216,1.1560708333333332,1.5414277777777774,1.5414277777777774,1.9267847222222216,1.5414277777777774,1.9267847222222216,1.1560708333333332,1.9267847222222216,1.1560708333333332,1.5414277777777774,1.9267847222222216,1.1560708333333332,1.5414277777777774,1.9267847222222216,1.5414277777777774,1.9267847222222216,1.9267847222222216,1.1560708333333332,1.5414277777777774,1.1560708333333332,1.5414277777777774,1.5414277777777774,1.5414277777777774,1.5414277777777774,1.5414277777777774,1.9267847222222216,1.1560708333333332,1.1560708333333332,1.9267847222222216,1.1560708333333332,1.1560708333333332
578,Mudryk,5.3,1,0.2,16,0.0,0.0,0.0,0.1,0.0,MID,Spurs,0.0,0.0,0.0,0.0,0.0,0.0,0.0,0.0,0.0,0.0,0.0,0.0,0.0,0.0,0.0,0.0,0.0,0.0,0.0,0.0,0.0,0.0,0.0,0.0,0.0,0.0,0.0,0.0,0.0,0.0,0.0,0.0,0.0,0.0,0.0,0.0,0.0,0.0,0.0
601,Williams-Barnett,4.5,0,0.0,0,0.0,0.0,0.0,0.0,100.0,MID,Spurs,0.0,0.0,0.0,0.0,0.0,0.0,0.0,0.0,0.0,0.0,0.0,0.0,0.0,0.0,0.0,0.0,0.0,0.0,0.0,0.0,0.0,0.0,0.0,0.0,0.0,0.0,0.0,0.0,0.0,0.0,0.0,0.0,0.0,0.0,0.0,0.0,0.0,0.0,0.0
501,Danso,5.0,3,0.8,270,0.07,0.17,0.24,11.0,100.0,DEF,Sunderland,2.1100961538461536,2.1100961538461536,2.1100961538461536,2.1100961538461536,2.1100961538461536,2.1100961538461536,2.637620192307692,2.1100961538461536,2.637620192307692,2.637620192307692,1.582572115384615,1.582572115384615,2.1100961538461536,1.582572115384615,2.1100961538461536,2.1100961538461536,2.1100961538461536,2.1100961538461536,1.582572115384615,2.637620192307692,1.582572115384615,1.582572115384615,2.637620192307692,2.1100961538461536,2.1100961538461536,2.637620192307692,2.1100961538461536,2.1100961538461536,1.582572115384615,2.1100961538461536,1.582572115384615,2.637620192307692,2.1100961538461536,2.1100961538461536,2.637620192307692,2.1100961538461536,2.1100961538461536,2.1100961538461536,1.582572115384615
529,Roefs,4.9,11,2.5,450,0.0,0.01,0.01,7.3,100.0,GK,Sunderland,2.656666666666667,2.656666666666667,2.656666666666667,2.656666666666667,2.656666666666667,2.656666666666667,3.3208333333333337,2.656666666666667,3.3208333333333337,3.3208333333333337,1.9925000000000004,1.9925000000000004,2.656666666666667,1.9925000000000004,2.656666666666667,2.656666666666667,2.656666666666667,2.656666666666667,1.9925000000000004,3.3208333333333337,1.9925000000000004,1.9925000000000004,3.3208333333333337,2.656666666666667,2.656666666666667,3.3208333333333337,2.656666666666667,2.656666666666667,1.9925000000000004,2.656666666666667,1.9925000000000004,3.3208333333333337,2.656666666666667,2.656666666666667,3.3208333333333337,2.656666666666667,2.656666666666667,2.656666666666667,1.9925000000000004
531,Ellborg,4.5,0,0.0,0,0.0,0.0,0.0,0.0,100.0,GK,Sunderland,0.0,0.0,0.0,0.0,0.0,0.0,0.0,0.0,0.0,0.0,0.0,0.0,0.0,0.0,0.0,0.0,0.0,0.0,0.0,0.0,0.0,0.0,0.0,0.0,0.0,0.0,0.0,0.0,0.0,0.0,0.0,0.0,0.0,0.0,0.0,0.0,0.0,0.0,0.0
532,Ballard,4.9,14,3.5,450,0.31,0.16,0.47,16.3,100.0,DEF,Sunderland,2.74452380952381,2.74452380952381,2.74452380952381,2.74452380952381,2.74452380952381,2.74452380952381,3.430654761904762,2.74452380952381,3.430654761904762,3.430654761904762,2.0583928571428576,2.0583928571428576,2.74452380952381,2.0583928571428576,2.74452380952381,2.74452380952381,2.74452380952381,2.74452380952381,2.0583928571428576,3.430654761904762,2.0583928571428576,2.0583928571428576,3.430654761904762,2.74452380952381,2.74452380952381,3.430654761904762,2.74452380952381,2.74452380952381,2.0583928571428576,2.74452380952381,2.0583928571428576,3.430654761904762,2.74452380952381,2.74452380952381,3.430654761904762,2.74452380952381,2.74452380952381,2.74452380952381,2.0583928571428576
533,Mukiele,5.4,13,3.2,360,0.75,0.28,1.03,22.3,100.0,DEF,Sunderland,3.058809523809524,3.058809523809524,3.058809523809524,3.058809523809524,3.058809523809524,3.058809523809524,3.823511904761905,3.058809523809524,3.823511904761905,3.823511904761905,2.294107142857143,2.294107142857143,3.058809523809524,2.294107142857143,3.058809523809524,3.058809523809524,3.058809523809524,3.058809523809524,2.294107142857143,3.823511904761905,2.294107142857143,2.294107142857143,3.823511904761905,3.058809523809524,3.058809523809524,3.823511904761905,3.058809523809524,3.058809523809524,2.294107142857143,3.058809523809524,2.294107142857143,3.823511904761905,3.058809523809524,3.058809523809524,3.823511904761905,3.058809523809524,3.058809523809524,3.058809523809524,2.294107142857143
534,Hume,4.3,10,2.0,206,0.14,0.29,0.43,11.5,100.0,DEF,Sunderland,1.5067767415083477,1.5067767415083477,1.5067767415083477,1.5067767415083477,1.5067767415083477,1.5067767415083477,1.8834709268854346,1.5067767415083477,1.8834709268854346,1.8834709268854346,1.1300825561312609,1.1300825561312609,1.5067767415083477,1.1300825561312609,1.5067767415083477,1.5067767415083477,1.5067767415083477,1.5067767415083477,1.1300825561312609,1.8834709268854346,1.1300825561312609,1.1300825561312609,1.8834709268854346,1.5067767415083477,1.5067767415083477,1.8834709268854346,1.5067767415083477,1.5067767415083477,1.1300825561312609,1.5067767415083477,1.1300825561312609,1.8834709268854346,1.5067767415083477,1.5067767415083477,1.8834709268854346,1.5067767415083477,1.5067767415083477,1.5067767415083477,1.1300825561312609
535,Alderete,4.8,1,0.0,23,0.0,0.01,0.01,0.0,100.0,DEF,Sunderland,0.18002416814473635,0.18002416814473635,0.18002416814473635,0.18002416814473635,0.18002416814473635,0.18002416814473635,0.22503021018092043,0.18002416814473635,0.22503021018092043,0.22503021018092043,0.13501812610855227,0.13501812610855227,0.18002416814473635,0.13501812610855227,0.18002416814473635,0.18002416814473635,0.18002416814473635,0.18002416814473635,0.13501812610855227,0.22503021018092043,0.13501812610855227,0.13501812610855227,0.22503021018092043,0.18002416814473635,0.18002416814473635,0.22503021018092043,0.18002416814473635,0.18002416814473635,0.13501812610855227,0.18002416814473635,0.13501812610855227,0.22503021018092043,0.18002416814473635,0.18002416814473635,0.22503021018092043,0.18002416814473635,0.18002416814473635,0.18002416814473635,0.13501812610855227
536,Reinildo,4.4,7,1.5,360,0.0,0.32,0.32,9.5,100.0,DEF,Sunderland,2.58,2.58,2.58,2.58,2.58,2.58,3.225,2.58,3.225,3.225,1.935,1.935,2.58,1.935,2.58,2.58,2.58,2.58,1.935,3.225,1.935,1.935,3.225,2.58,2.58,3.225,2.58,2.58,1.935,2.58,1.935,3.225,2.58,2.58,3.225,2.58,2.58,2.58,1.935
539,O'Nien,3.9,1,0.0,66,0.01,0.01,0.02,1.7,100.0,DEF,Sunderland,0.44970616825733467,0.44970616825733467,0.44970616825733467,0.44970616825733467,0.44970616825733467,0.44970616825733467,0.5621327103216683,0.44970616825733467,0.5621327103216683,0.5621327103216683,0.337279626193001,0.337279626193001,0.44970616825733467,0.337279626193001,0.44970616825733467,0.44970616825733467,0.44970616825733467,0.44970616825733467,0.337279626193001,0.5621327103216683,0.337279626193001,0.337279626193001,0.5621327103216683,0.44970616825733467,0.44970616825733467,0.5621327103216683,0.44970616825733467,0.44970616825733467,0.337279626193001,0.44970616825733467,0.337279626193001,0.5621327103216683,0.44970616825733467,0.44970616825733467,0.5621327103216683,0.44970616825733467,0.44970616825733467,0.44970616825733467,0.337279626193001
541,Meunier,4.5,14,3.2,396,0.34,0.58,0.92,15.6,100.0,DEF,Sunderland,2.72078125,2.72078125,2.72078125,2.72078125,2.72078125,2.72078125,3.4009765625,2.72078125,3.4009765625,3.4009765625,2.0405859375,2.0405859375,2.72078125,2.0405859375,2.72078125,2.72078125,2.72078125,2.72078125,2.0405859375,3.4009765625,2.0405859375,2.0405859375,3.4009765625,2.72078125,2.72078125,3.4009765625,2.72078125,2.72078125,2.0405859375,2.72078125,2.0405859375,3.4009765625,2.72078125,2.72078125,3.4009765625,2.72078125,2.72078125,2.72078125,2.0405859375
542,E.Le Fée,5.7,18,4.0,438,2.06,1.34,3.4,31.0,100.0,MID,Sunderland,3.949388349514563,3.949388349514563,3.949388349514563,3.949388349514563,3.949388349514563,3.949388349514563,4.936735436893204,3.949388349514563,4.936735436893204,4.936735436893204,2.962041262135922,2.962041262135922,3.949388349514563,2.962041262135922,3.949388349514563,3.949388349514563,3.949388349514563,3.949388349514563,2.962041262135922,4.936735436893204,2.962041262135922,2.962041262135922,4.936735436893204,3.949388349514563,3.949388349514563,4.936735436893204,3.949388349514563,3.949388349514563,2.962041262135922,3.949388349514563,2.962041262135922,4.936735436893204,3.949388349514563,3.949388349514563,4.936735436893204,3.949388349514563,3.949388349514563,3.949388349514563,2.962041262135922
543,Diarra,5.4,5,1.0,28,0.03,0.16,0.19,2.9,0.0,MID,Sunderland,0.0,0.0,0.0,0.0,0.0,0.0,0.0,0.0,0.0,0.0,0.0,0.0,0.0,0.0,0.0,0.0,0.0,0.0,0.0,0.0,0.0,0.0,0.0,0.0,0.0,0.0,0.0,0.0,0.0,0.0,0.0,0.0,0.0,0.0,0.0,0.0,0.0,0.0,0.0
544,Xhaka,5.5,21,3.0,450,0.06,1.32,1.38,28.8,100.0,MID,Sunderland,3.0395238095238097,3.0395238095238097,3.0395238095238097,3.0395238095238097,3.0395238095238097,3.0395238095238097,3.7994047619047624,3.0395238095238097,3.7994047619047624,3.7994047619047624,2.279642857142857,2.279642857142857,3.0395238095238097,2.279642857142857,3.0395238095238097,3.0395238095238097,3.0395238095238097,3.0395238095238097,2.279642857142857,3.7994047619047624,2.279642857142857,2.279642857142857,3.7994047619047624,3.0395238095238097,3.0395238095238097,3.7994047619047624,3.0395238095238097,3.0395238095238097,2.279642857142857,3.0395238095238097,2.279642857142857,3.7994047619047624,3.0395238095238097,3.0395238095238097,3.7994047619047624,3.0395238095238097,3.0395238095238097,3.0395238095238097,2.279642857142857
545,Sadiki,4.9,10,2.0,410,0.44,0.24,0.68,19.2,100.0,MID,Sunderland,2.8018605252943463,2.8018605252943463,2.8018605252943463,2.8018605252943463,2.8018605252943463,2.8018605252943463,3.502325656617933,2.8018605252943463,3.502325656617933,3.502325656617933,2.1013953939707597,2.1013953939707597,2.8018605252943463,2.1013953939707597,2.8018605252943463,2.8018605252943463,2.8018605252943463,2.8018605252943463,2.1013953939707597,3.502325656617933,2.1013953939707597,2.1013953939707597,3.502325656617933,2.8018605252943463,2.8018605252943463,3.502325656617933,2.8018605252943463,2.8018605252943463,2.1013953939707597,2.8018605252943463,2.1013953939707597,3.502325656617933,2.8018605252943463,2.8018605252943463,3.502325656617933,2.8018605252943463,2.8018605252943463,2.8018605252943463,2.1013953939707597
547,Mundle,4.9,1,0.2,1,0.17,0.0,0.17,2.5,0.0,MID,Sunderland,0.0,0.0,0.0,0.0,0.0,0.0,0.0,0.0,0.0,0.0,0.0,0.0,0.0,0.0,0.0,0.0,0.0,0.0,0.0,0.0,0.0,0.0,0.0,0.0,0.0,0.0,0.0,0.0,0.0,0.0,0.0,0.0,0.0,0.0,0.0,0.0,0.0,0.0,0.0
548,Rigg,4.9,2,0.2,17,0.0,0.0,0.0,0.0,100.0,MID,Sunderland,0.13499058641035624,0.13499058641035624,0.13499058641035624,0.13499058641035624,0.13499058641035624,0.13499058641035624,0.1687382330129453,0.13499058641035624,0.1687382330129453,0.1687382330129453,0.10124293980776719,0.10124293980776719,0.13499058641035624,0.10124293980776719,0.13499058641035624,0.13499058641035624,0.13499058641035624,0.13499058641035624,0.10124293980776719,0.1687382330129453,0.10124293980776719,0.10124293980776719,0.1687382330129453,0.13499058641035624,0.13499058641035624,0.1687382330129453,0.13499058641035624,0.13499058641035624,0.10124293980776719,0.13499058641035624,0.10124293980776719,0.1687382330129453,0.13499058641035624,0.13499058641035624,0.1687382330129453,0.13499058641035624,0.13499058641035624,0.13499058641035624,0.10124293980776719
549,Talbi,5.3,1,0.0,31,0.0,0.0,0.0,0.0,100.0,MID,Sunderland,0.2596258701368633,0.2596258701368633,0.2596258701368633,0.2596258701368633,0.2596258701368633,0.2596258701368633,0.3245323376710791,0.2596258701368633,0.3245323376710791,0.3245323376710791,0.19471940260264747,0.19471940260264747,0.2596258701368633,0.19471940260264747,0.2596258701368633,0.2596258701368633,0.2596258701368633,0.2596258701368633,0.19471940260264747,0.3245323376710791,0.19471940260264747,0.19471940260264747,0.3245323376710791,0.2596258701368633,0.2596258701368633,0.3245323376710791,0.2596258701368633,0.2596258701368633,0.19471940260264747,0.2596258701368633,0.19471940260264747,0.3245323376710791,0.2596258701368633,0.2596258701368633,0.3245323376710791,0.2596258701368633,0.2596258701368633,0.2596258701368633,0.19471940260264747
550,Jocelin.T,5.0,0,0.0,0,0.0,0.0,0.0,0.0,100.0,MID,Sunderland,0.0,0.0,0.0,0.0,0.0,0.0,0.0,0.0,0.0,0.0,0.0,0.0,0.0,0.0,0.0,0.0,0.0,0.0,0.0,0.0,0.0,0.0,0.0,0.0,0.0,0.0,0.0,0.0,0.0,0.0,0.0,0.0,0.0,0.0,0.0,0.0,0.0,0.0,0.0
551,N.Angulo,5.0,16,2.8,313,0.6,0.13,0.73,15.7,100.0,MID,Sunderland,2.5197506359528963,2.5197506359528963,2.5197506359528963,2.5197506359528963,2.5197506359528963,2.5197506359528963,3.1496882949411202,2.5197506359528963,3.1496882949411202,3.1496882949411202,1.8898129769646723,1.8898129769646723,2.5197506359528963,1.8898129769646723,2.5197506359528963,2.5197506359528963,2.5197506359528963,2.5197506359528963,1.8898129769646723,3.1496882949411202,1.8898129769646723,1.8898129769646723,3.1496882949411202,2.5197506359528963,2.5197506359528963,3.1496882949411202,2.5197506359528963,2.5197506359528963,1.8898129769646723,2.5197506359528963,1.8898129769646723,3.1496882949411202,2.5197506359528963,2.5197506359528963,3.1496882949411202,2.5197506359528963,2.5197506359528963,2.5197506359528963,1.8898129769646723
552,Brobbey,5.7,24,5.5,399,2.94,0.11,3.05,31.7,100.0,FWD,Sunderland,4.086227979274612,4.086227979274612,4.086227979274612,4.086227979274612,4.086227979274612,4.086227979274612,5.107784974093264,4.086227979274612,5.107784974093264,5.107784974093264,3.064670984455959,3.064670984455959,4.086227979274612,3.064670984455959,4.086227979274612,4.086227979274612,4.086227979274612,4.086227979274612,3.064670984455959,5.107784974093264,3.064670984455959,3.064670984455959,5.107784974093264,4.086227979274612,4.086227979274612,5.107784974093264,4.086227979274612,4.086227979274612,3.064670984455959,4.086227979274612,3.064670984455959,5.107784974093264,4.086227979274612,4.086227979274612,5.107784974093264,4.086227979274612,4.086227979274612,4.086227979274612,3.064670984455959
553,Isidor,5.5,15,3.5,117,1.49,0.01,1.5,6.7,100.0,FWD,Sunderland,1.3732234848484848,1.3732234848484848,1.3732234848484848,1.3732234848484848,1.3732234848484848,1.3732234848484848,1.7165293560606059,1.3732234848484848,1.7165293560606059,1.7165293560606059,1.0299176136363637,1.0299176136363637,1.3732234848484848,1.0299176136363637,1.3732234848484848,1.3732234848484848,1.3732234848484848,1.3732234848484848,1.0299176136363637,1.7165293560606059,1.0299176136363637,1.0299176136363637,1.7165293560606059,1.3732234848484848,1.3732234848484848,1.7165293560606059,1.3732234848484848,1.3732234848484848,1.0299176136363637,1.3732234848484848,1.0299176136363637,1.7165293560606059,1.3732234848484848,1.3732234848484848,1.7165293560606059,1.3732234848484848,1.3732234848484848,1.3732234848484848,1.0299176136363637
612,Methalie,4.5,-1,-0.2,90,0.03,0.01,0.04,1.2,100.0,DEF,Sunderland,0.6709469696969697,0.6709469696969697,0.6709469696969697,0.6709469696969697,0.6709469696969697,0.6709469696969697,0.8386837121212121,0.6709469696969697,0.8386837121212121,0.8386837121212121,0.5032102272727272,0.5032102272727272,0.6709469696969697,0.5032102272727272,0.6709469696969697,0.6709469696969697,0.6709469696969697,0.6709469696969697,0.5032102272727272,0.8386837121212121,0.5032102272727272,0.5032102272727272,0.8386837121212121,0.6709469696969697,0.6709469696969697,0.8386837121212121,0.6709469696969697,0.6709469696969697,0.5032102272727272,0.6709469696969697,0.5032102272727272,0.8386837121212121,0.6709469696969697,0.6709469696969697,0.8386837121212121,0.6709469696969697,0.6709469696969697,0.6709469696969697,0.5032102272727272
613,Ahoka,4.5,0,0.0,0,0.0,0.0,0.0,0.0,100.0,MID,Sunderland,0.0,0.0,0.0,0.0,0.0,0.0,0.0,0.0,0.0,0.0,0.0,0.0,0.0,0.0,0.0,0.0,0.0,0.0,0.0,0.0,0.0,0.0,0.0,0.0,0.0,0.0,0.0,0.0,0.0,0.0,0.0,0.0,0.0,0.0,0.0,0.0,0.0,0.0,0.0
646,Fofana,5.5,3,1.0,60,0.39,0.01,0.4,5.8,100.0,MID,Sunderland,0.5366458333333333,0.5366458333333333,0.5366458333333333,0.5366458333333333,0.5366458333333333,0.5366458333333333,0.6708072916666665,0.5366458333333333,0.6708072916666665,0.6708072916666665,0.40248437499999995,0.40248437499999995,0.5366458333333333,0.40248437499999995,0.5366458333333333,0.5366458333333333,0.5366458333333333,0.5366458333333333,0.40248437499999995,0.6708072916666665,0.40248437499999995,0.40248437499999995,0.6708072916666665,0.5366458333333333,0.5366458333333333,0.6708072916666665,0.5366458333333333,0.5366458333333333,0.40248437499999995,0.5366458333333333,0.40248437499999995,0.6708072916666665,0.5366458333333333,0.5366458333333333,0.6708072916666665,0.5366458333333333,0.5366458333333333,0.5366458333333333,0.40248437499999995
651,J.Angulo,4.5,0,0.0,0,0.0,0.0,0.0,0.0,100.0,FWD,Sunderland,0.0,0.0,0.0,0.0,0.0,0.0,0.0,0.0,0.0,0.0,0.0,0.0,0.0,0.0,0.0,0.0,0.0,0.0,0.0,0.0,0.0,0.0,0.0,0.0,0.0,0.0,0.0,0.0,0.0,0.0,0.0,0.0,0.0,0.0,0.0,0.0,0.0,0.0,0.0
