can_transact,can_select,chance_of_playing_next_round,chance_of_playing_this_round,code,cost_change_event,cost_change_event_fall,cost_change_start,cost_change_start_fall,price_change_percent,price_change_hourly_rate,price_change_projections,price_change_locked_until,price_change_calibrating,dreamteam_count,element_type,ep_next,ep_this,event_points,first_name,form,id,in_dreamteam,news,news_added,now_cost,photo,points_per_game,removed,second_name,selected_by_percent,special,squad_number,status,team,team_code,total_points,transfers_in,transfers_in_event,transfers_out,transfers_out_event,value_form,value_season,web_name,known_name,region,team_join_date,birth_date,has_temporary_code,opta_code,minutes,goals_scored,assists,clean_sheets,goals_conceded,own_goals,penalties_saved,penalties_missed,yellow_cards,red_cards,saves,bonus,bps,influence,creativity,threat,ict_index,clearances_blocks_interceptions,recoveries,tackles,defensive_contribution,starts,expected_goals,expected_assists,expected_goal_involvements,expected_goals_conceded,corners_and_indirect_freekicks_order,corners_and_indirect_freekicks_text,direct_freekicks_order,direct_freekicks_text,penalties_order,penalties_text,scout_risks,scout_news_link,influence_rank,influence_rank_type,creativity_rank,creativity_rank_type,threat_rank,threat_rank_type,ict_index_rank,ict_index_rank_type,expected_goals_per_90,saves_per_90,expected_assists_per_90,expected_goal_involvements_per_90,expected_goals_conceded_per_90,goals_conceded_per_90,now_cost_rank,now_cost_rank_type,form_rank,form_rank_type,points_per_game_rank,points_per_game_rank_type,selected_rank,selected_rank_type,starts_per_90,clean_sheets_per_90,defensive_contribution_per_90
True,True,,,154561,1,-1,1,-1,0.6,43,"[{'offset': 0, 'projected_percent': '0.7', 'likelihood': 1}, {'offset': 1, 'projected_percent': '0.9', 'likelihood': 1}, {'offset': 2, 'projected_percent': '1.1', 'likelihood': 1}]",,False,1,1,6.0,6.0,1,David,6.0,1,False,,,61,154561.jpg,6.0,False,Raya Martín,42.2,False,,a,1,3,30,941912,101513,624692,32288,1.0,4.9,Raya,,200.0,2024-07-04,1995-09-15,False,p154561,450,0,0,3,4,0,1,0,0,0,9,3,104,104.6,0.2,0.0,10.6,6,58,1,0,5,0.00,0.01,0.01,4.03,,,,,,,[],,70,13,389,5,657,73,202,13,0.0,1.8,0.0,0.0,0.81,0.8,60,1,21,2,32,2,4,1,1.0,0.6,0.0
True,True,,,109745,0,0,-1,1,-43.1,1,"[{'offset': 0, 'projected_percent': '-42.3', 'likelihood': -3}, {'offset': 1, 'projected_percent': '-39.9', 'likelihood': -2}, {'offset': 2, 'projected_percent': '-37.4', 'likelihood': -2}]",,False,0,1,0.0,0.0,0,Kepa,0.0,2,False,,,49,109745.jpg,0.0,False,Arrizabalaga Revuelta,0.1,False,,a,1,3,0,1452,75,4189,176,0.0,0.0,Arrizabalaga,,200.0,2025-07-01,1994-10-03,False,p109745,0,0,0,0,0,0,0,0,0,0,0,0,0,0.0,0.0,0.0,0.0,0,0,0,0,0,0.00,0.00,0.00,0.00,,,,,,,[],,558,68,555,56,518,54,563,68,0.0,0.0,0.0,0.0,0.0,0.0,342,16,558,68,570,68,463,53,0.0,0.0,0.0
True,True,,,437495,0,0,-1,1,-31.1,-1,"[{'offset': 0, 'projected_percent': '-33.1', 'likelihood': -2}, {'offset': 1, 'projected_percent': '-39.2', 'likelihood': -2}, {'offset': 2, 'projected_percent': '-45.2', 'likelihood': -3}]",,False,0,1,0.0,0.0,0,Illan,0.0,3,False,,,49,437495.jpg,0.0,False,Meslier,0.0,False,,a,1,3,0,503,36,1542,82,0.0,0.0,Meslier,,73.0,2026-07-09,2000-03-02,False,p437495,0,0,0,0,0,0,0,0,0,0,0,0,0,0.0,0.0,0.0,0.0,0,0,0,0,0,0.00,0.00,0.00,0.00,,,,,,,[],,568,69,566,58,531,56,574,69,0.0,0.0,0.0,0.0,0.0,0.0,368,18,567,69,579,69,548,63,0.0,0.0,0.0
True,True,,,226597,0,0,0,0,-81.8,-75,"[{'offset': 0, 'projected_percent': '-82.0', 'likelihood': -3}, {'offset': 1, 'projected_percent': '-82.4', 'likelihood': -3}, {'offset': 2, 'projected_percent': '-82.9', 'likelihood': -3}]",,False,0,2,5.0,5.0,1,Gabriel,5.0,4,False,,,80,226597.jpg,5.0,False,dos Santos Magalhães,22.8,False,,a,1,3,25,226971,16728,893875,50984,0.6,3.1,Gabriel,Gabriel Magalhães,30.0,2020-09-01,1997-12-19,False,p226597,450,0,0,3,4,0,0,0,2,0,0,2,90,94.8,22.0,84.0,20.0,35,17,6,41,5,0.51,0.20,0.71,4.03,,,,,,,[],,86,38,216,72,44,3,89,28,0.1,0.0,0.04,0.14,0.81,0.8,8,1,45,19,60,25,14,4,1.0,0.6,8.2
True,True,100.0,100.0,445122,0,0,0,0,9.3,25,"[{'offset': 0, 'projected_percent': '9.5', 'likelihood': 1}, {'offset': 1, 'projected_percent': '9.8', 'likelihood': 1}, {'offset': 2, 'projected_percent': '10.1', 'likelihood': 1}]",,False,0,2,0.2,0.2,0,Jurriën,0.2,5,False,,2026-07-23T12:01:23.272929Z,65,445122.jpg,0.5,False,Timber,0.4,False,,a,1,3,1,30360,8704,13459,2706,0.0,0.2,J.Timber,Jurriën Timber,152.0,2023-07-14,2001-06-17,False,p445122,104,0,0,0,3,0,0,0,0,0,0,0,-3,10.2,4.2,0.0,1.5,2,7,3,5,1,0.00,0.03,0.03,2.18,,,,,,,[],,323,122,314,111,663,217,364,127,0.0,0.0,0.03,0.03,1.89,2.6,39,3,397,137,418,145,275,100,0.87,0.0,4.33
True,True,0.0,0.0,462424,0,0,-1,1,-22.0,-2,"[{'offset': 0, 'projected_percent': '-22.2', 'likelihood': -2}, {'offset': 1, 'projected_percent': '-22.8', 'likelihood': -2}, {'offset': 2, 'projected_percent': '-23.4', 'likelihood': -2}]",,False,0,2,0.0,0.0,0,William,0.0,6,False,Back injury - Unknown return date,2026-07-23T12:01:23.289376Z,59,462424.jpg,0.0,False,Saliba,0.2,False,,i,1,3,0,3352,270,18339,786,0.0,0.0,Saliba,,73.0,2019-07-25,2001-03-24,False,p462424,0,0,0,0,0,0,0,0,0,0,0,0,0,0.0,0.0,0.0,0.0,0,0,0,0,0,0.00,0.00,0.00,0.00,,,,,,,[],https://www.arsenal.com/news/arteta-issues-update-on-bruno-timber-and-saliba-aKfIr6V2lm7B?utm_source=premier-league-web&utm_medium=referral&utm_campaign=pl-referral-always-on&utm_content=home&utm_term=live-bar,654,217,658,217,652,216,658,217,0.0,0.0,0.0,0.0,0.0,0.0,88,8,655,216,657,216,329,122,0.0,0.0,0.0
True,True,,,499169,-1,1,-1,1,-11.5,-13,"[{'offset': 0, 'projected_percent': '-12.1', 'likelihood': -1}, {'offset': 1, 'projected_percent': '-14.1', 'likelihood': -1}, {'offset': 2, 'projected_percent': '-16.0', 'likelihood': -1}]",,False,0,3,1.5,1.5,0,Myles,1.5,7,False,,,54,499169.jpg,2.2,False,Lewis-Skelly,0.6,False,,a,1,3,9,29306,629,48795,3991,0.3,1.7,Lewis-Skelly,,241.0,2022-12-04,2006-09-26,False,p499169,271,0,0,2,1,0,0,0,0,0,0,0,37,21.6,40.2,16.0,7.0,5,8,1,14,4,0.16,0.23,0.39,1.02,,,,,,,[],,279,119,157,100,213,116,252,112,0.05,0.0,0.08,0.13,0.34,0.33,203,127,239,107,218,96,241,77,1.33,0.66,4.65
True,True,,,466075,0,0,3,-3,86.7,8,"[{'offset': 0, 'projected_percent': '86.7', 'likelihood': 3}, {'offset': 1, 'projected_percent': '86.8', 'likelihood': 3}, {'offset': 2, 'projected_percent': '86.9', 'likelihood': 3}]",,False,1,2,5.0,5.0,1,Riccardo,5.0,8,False,,,58,466075.jpg,5.8,False,Calafiori,50.6,False,,a,1,3,29,1635288,55280,385332,46825,0.9,5.0,Calafiori,,106.0,2024-07-29,2002-05-19,False,p466075,416,0,2,3,4,0,0,0,0,0,0,2,76,71.6,52.7,66.0,19.1,12,13,6,18,5,0.67,0.62,1.29,3.76,,,,,,,[],,129,57,110,29,67,8,97,30,0.14,0.0,0.13,0.27,0.81,0.87,106,11,42,16,35,14,3,1,1.08,0.65,3.89
True,True,,,448104,-1,1,-3,3,-2.7,-11,"[{'offset': 0, 'projected_percent': '-3.1', 'likelihood': -1}, {'offset': 1, 'projected_percent': '-4.2', 'likelihood': -1}, {'offset': 2, 'projected_percent': '-5.3', 'likelihood': -1}]",,False,0,2,0.2,0.2,0,Piero,0.2,9,False,,,52,448104.jpg,1.0,False,Hincapié,0.9,False,,a,1,3,2,15816,997,116214,4503,0.0,0.4,Hincapie,,62.0,2026-07-01,2002-01-09,False,p448104,32,0,0,0,0,0,0,0,0,0,0,0,6,6.4,1.0,2.0,1.0,2,0,1,3,0,0.00,0.00,0.00,0.28,,,,,,,[],,353,131,356,130,329,124,376,133,0.0,0.0,0.0,0.0,0.79,0.0,238,35,382,136,361,136,194,72,0.0,0.0,8.44
True,True,75.0,100.0,198869,0,0,0,0,-35.7,-213,"[{'offset': 0, 'projected_percent': '-36.8', 'likelihood': -2}, {'offset': 1, 'projected_percent': '-40.0', 'likelihood': -3}, {'offset': 2, 'projected_percent': '-43.3', 'likelihood': -3}]",,False,0,2,1.9,2.5,0,Benjamin,2.5,10,False,Groin injury - 75% chance of playing,2026-09-20T19:30:08.247780Z,55,198869.jpg,5.2,False,White,5.1,False,,d,1,3,21,455853,3095,550024,51243,0.5,3.8,White,,241.0,2021-07-30,1997-10-08,False,p198869,315,0,1,2,1,0,0,0,0,0,0,3,78,69.6,53.0,29.0,15.2,12,9,6,18,4,0.18,0.29,0.47,1.15,,,,,,,[],,135,61,106,27,156,46,140,48,0.05,0.0,0.08,0.13,0.33,0.29,132,15,157,63,53,22,74,29,1.14,0.57,5.14
True,True,100.0,100.0,500040,0,0,-2,2,-19.3,-7,"[{'offset': 0, 'projected_percent': '-19.5', 'likelihood': -1}, {'offset': 1, 'projected_percent': '-20.1', 'likelihood': -2}, {'offset': 2, 'projected_percent': '-20.7', 'likelihood': -2}]",,False,0,2,1.5,1.5,0,Cristhian,1.5,11,False,,2026-09-04T14:00:08.080310Z,53,500040.jpg,6.0,False,Mosquera,1.7,False,,a,1,3,12,30995,830,465773,7044,0.3,2.3,Mosquera,,200.0,2025-07-24,2004-06-27,False,p500040,168,0,0,2,0,0,0,0,0,0,0,0,52,24.6,2.0,0.0,2.7,10,3,0,10,2,0.00,0.01,0.01,0.53,,,,,,,[],,270,110,334,120,612,212,332,119,0.0,0.0,0.01,0.01,0.28,0.0,231,33,238,87,28,12,141,56,1.07,1.07,5.36
True,True,,,223340,0,0,0,0,80.6,62,"[{'offset': 0, 'projected_percent': '80.9', 'likelihood': 3}, {'offset': 1, 'projected_percent': '81.8', 'likelihood': 3}, {'offset': 2, 'projected_percent': '82.6', 'likelihood': 3}]",,False,0,3,5.8,5.8,2,Bukayo,5.8,12,False,,,95,223340.jpg,6.4,False,Saka,13.5,False,,a,1,3,32,753008,73386,384301,34450,0.6,3.4,Saka,,241.0,2018-11-28,2001-09-05,False,p223340,416,3,0,3,4,0,0,0,0,0,0,4,137,155.6,125.6,240.0,52.1,8,17,6,31,5,3.22,0.98,4.20,3.58,2.0,,2.0,,1.0,,[],,13,8,26,24,2,1,2,2,0.7,0.0,0.21,0.91,0.77,0.87,4,3,28,13,19,8,30,11,1.08,0.65,6.71
True,True,75.0,,204480,0,0,-1,1,-23.4,-508,"[{'offset': 0, 'projected_percent': '-24.5', 'likelihood': -2}, {'offset': 1, 'projected_percent': '-27.8', 'likelihood': -2}, {'offset': 2, 'projected_percent': '-31.1', 'likelihood': -2}]",,False,0,3,3.2,4.2,1,Declan,4.2,13,False,Unspecified injury - 75% chance of playing,2026-09-21T13:00:08.896379Z,74,204480.jpg,4.0,False,Rice,12.0,False,,d,1,3,20,118735,6889,693325,50651,0.6,2.7,Rice,,241.0,2023-07-15,1999-01-14,False,p204480,411,0,2,3,4,0,0,0,1,0,0,0,91,120.2,108.4,5.0,23.4,18,17,7,42,5,0.12,0.69,0.81,3.50,1.0,,1.0,,,,[],,43,16,37,32,298,155,61,40,0.03,0.0,0.15,0.18,0.77,0.88,18,11,67,27,100,40,35,14,1.09,0.66,9.2
True,True,,,232413,0,0,-2,2,-96.2,-30,"[{'offset': 0, 'projected_percent': '-97.6', 'likelihood': -4}, {'offset': 1, 'projected_percent': '-101.8', 'likelihood': -5}, {'offset': 2, 'projected_percent': '-106.1', 'likelihood': -5}]",,False,0,3,0.8,0.8,1,Eberechi,0.8,14,False,,,63,232413.jpg,1.0,False,Eze,1.0,False,,a,1,3,4,22401,1482,137916,5072,0.1,0.6,Eze,,241.0,2025-08-23,1998-06-29,False,p232413,85,0,0,0,0,0,0,0,0,0,0,0,18,3.0,5.9,9.0,1.6,0,5,0,5,0,0.04,0.09,0.13,1.33,,,3.0,,,,[],,381,177,296,149,265,137,359,172,0.04,0.0,0.1,0.14,1.41,0.0,47,32,297,137,397,191,175,56,0.0,0.0,5.29
True,True,,,184029,0,0,3,-3,-2.5,8,"[{'offset': 0, 'projected_percent': '-2.5', 'likelihood': -1}, {'offset': 1, 'projected_percent': '-2.4', 'likelihood': -1}, {'offset': 2, 'projected_percent': '-2.3', 'likelihood': -1}]",,False,1,3,4.5,4.5,2,Martin,4.5,15,False,,,68,184029.jpg,5.8,False,Ødegaard,19.8,False,,a,1,3,29,1611246,55526,528170,68721,0.7,4.3,Ødegaard,,161.0,2021-08-20,1998-12-17,False,p184029,377,2,0,3,4,0,0,0,0,0,0,6,137,121.8,166.9,73.0,36.2,5,12,6,23,5,1.08,1.32,2.40,3.23,,,4.0,,3.0,,[],,40,14,10,9,57,35,17,13,0.26,0.0,0.32,0.58,0.77,0.95,31,20,60,24,36,17,18,8,1.19,0.72,5.49
True,True,,,248857,0,0,-3,3,-20.5,-4,"[{'offset': 0, 'projected_percent': '-21.5', 'likelihood': -2}, {'offset': 1, 'projected_percent': '-24.3', 'likelihood': -2}, {'offset': 2, 'projected_percent': '-27.1', 'likelihood': -2}]",,False,0,3,0.2,0.2,0,Noni,0.2,16,False,,,62,248857.jpg,1.0,False,Madueke,0.2,False,,a,1,3,2,5811,531,25617,1197,0.0,0.3,Madueke,,241.0,2025-07-18,2002-03-10,False,p248857,23,0,0,0,0,0,0,0,0,0,0,0,11,11.6,43.9,0.0,5.6,0,2,1,3,0,0.00,0.05,0.05,0.15,5.0,,,,,,[],,315,141,143,91,659,294,279,125,0.0,0.0,0.2,0.2,0.59,0.0,57,40,396,191,395,189,327,117,0.0,0.0,11.74
True,True,,,195384,0,0,-2,2,-88.9,-3,"[{'offset': 0, 'projected_percent': '-89.3', 'likelihood': -3}, {'offset': 1, 'projected_percent': '-90.5', 'likelihood': -3}, {'offset': 2, 'projected_percent': '-91.8', 'likelihood': -3}]",,False,0,3,0.8,0.8,1,Mikel,0.8,17,False,,,58,195384.jpg,0.8,False,Merino Zazón,0.4,False,,a,1,3,4,9215,478,47523,2233,0.1,0.7,Merino,,200.0,2024-08-27,1996-06-22,False,p195384,81,0,0,0,0,0,0,0,1,0,0,0,19,10.0,4.2,16.0,3.0,1,9,0,10,0,0.14,0.15,0.29,0.96,,,,,,,[],,325,147,313,160,214,117,322,149,0.16,0.0,0.17,0.33,1.07,0.0,99,63,293,136,410,195,273,91,0.0,0.0,11.11
True,True,,,481655,0,0,-2,2,-37.7,-6,"[{'offset': 0, 'projected_percent': '-38.2', 'likelihood': -2}, {'offset': 1, 'projected_percent': '-39.5', 'likelihood': -2}, {'offset': 2, 'projected_percent': '-40.9', 'likelihood': -3}]",,False,0,3,1.0,1.0,1,Martín,1.0,19,False,,,53,481655.jpg,1.0,False,Zubimendi Ibáñez,0.6,False,,a,1,3,5,8369,354,65762,2819,0.2,0.9,Zubimendi,,200.0,2025-07-06,1999-02-02,False,p481655,89,0,0,0,0,0,0,0,0,0,0,0,16,13.4,5.0,29.0,4.8,5,3,4,12,0,0.21,0.04,0.25,1.38,,,,,,,[],,303,131,303,154,155,82,295,133,0.21,0.0,0.04,0.25,1.4,0.0,228,143,267,123,365,165,236,73,0.0,0.0,12.13
True,True,,,616077,0,0,-2,2,-22.8,4,"[{'offset': 0, 'projected_percent': '-20.0', 'likelihood': -2}, {'offset': 1, 'projected_percent': '-11.5', 'likelihood': -1}, {'offset': 2, 'projected_percent': '-3.0', 'likelihood': -1}]",,False,0,3,0.2,0.2,1,Max,0.2,20,False,,,53,616077.jpg,1.0,False,Dowman,0.1,False,,a,1,3,1,2919,331,7137,418,0.0,0.2,Dowman,,241.0,2025-07-22,2009-12-31,False,p616077,9,0,0,0,0,0,0,0,0,0,0,0,4,2.0,14.8,0.0,1.7,0,0,0,0,0,0.00,0.08,0.08,0.31,,,,,,,[],,386,179,240,129,614,265,356,170,0.0,0.0,0.8,0.8,3.1,0.0,236,149,386,183,371,171,470,182,0.0,0.0,0.0
True,True,,,224117,-1,1,-4,4,-5.4,-32,"[{'offset': 0, 'projected_percent': '-5.7', 'likelihood': -1}, {'offset': 1, 'projected_percent': '-6.6', 'likelihood': -1}, {'offset': 2, 'projected_percent': '-7.4', 'likelihood': -1}]",,False,0,4,0.5,0.5,1,Viktor,0.5,25,False,,,71,224117.jpg,1.0,False,Gyökeres,3.1,False,,a,1,3,2,32318,4095,606706,12382,0.1,0.3,Gyökeres,,206.0,2025-07-26,1998-06-04,False,p224117,29,0,0,0,0,0,0,0,0,0,0,0,7,0.0,14.7,0.0,1.4,0,1,0,1,0,0.00,0.23,0.23,0.65,,,,,2.0,,[],,664,77,242,28,664,77,367,41,0.0,0.0,0.71,0.71,2.02,0.0,24,8,347,42,399,47,102,16,0.0,0.0,3.1
True,True,,,219847,0,0,1,-1,13.0,18,"[{'offset': 0, 'projected_percent': '13.1', 'likelihood': 1}, {'offset': 1, 'projected_percent': '13.4', 'likelihood': 1}, {'offset': 2, 'projected_percent': '13.6', 'likelihood': 1}]",,False,0,4,3.2,3.2,2,Kai,3.2,26,False,,,76,219847.jpg,3.8,False,Havertz,8.5,False,,a,1,3,19,646592,43359,395622,35150,0.4,2.5,Havertz,,80.0,2023-06-28,1999-06-11,False,p219847,437,2,0,3,4,0,0,0,1,0,0,2,82,89.4,71.3,165.0,32.6,6,7,0,13,5,1.67,0.37,2.04,3.91,,,,,,,[],,99,8,71,4,6,4,23,5,0.34,0.0,0.08,0.42,0.81,0.82,17,6,113,11,108,11,46,7,1.03,0.62,2.68
True,True,,,199798,1,-1,1,-1,0.5,42,"[{'offset': 0, 'projected_percent': '0.6', 'likelihood': 1}, {'offset': 1, 'projected_percent': '0.8', 'likelihood': 1}, {'offset': 2, 'projected_percent': '1.0', 'likelihood': 1}]",,False,0,2,3.0,3.0,1,Ezri,3.0,31,False,,,46,199798.jpg,3.0,False,Konsa Ngoyo,19.4,False,,a,1,3,12,1443274,69967,624057,32949,0.7,2.6,Konsa,,241.0,2026-08-21,1997-10-23,False,p199798,281,0,0,1,4,0,0,0,0,0,0,0,36,45.0,14.0,14.0,7.3,18,9,5,23,3,0.23,0.02,0.25,3.50,,,,,,,[],,204,80,250,90,225,73,244,93,0.07,0.0,0.01,0.08,1.12,1.28,423,80,116,47,138,59,19,5,0.96,0.32,7.37
True,True,100.0,100.0,208706,0,0,-3,3,0.3,1,"[{'offset': 0, 'projected_percent': '0.3', 'likelihood': 1}, {'offset': 1, 'projected_percent': '0.3', 'likelihood': 1}, {'offset': 2, 'projected_percent': '0.3', 'likelihood': 1}]",,False,0,3,2.2,2.2,1,Bruno,2.2,452,False,,2026-09-04T14:00:08.328779Z,67,208706.jpg,3.0,False,Guimarães Rodriguez Moura,1.8,False,,a,1,3,9,28673,3727,242716,5643,0.3,1.3,Bruno G.,Bruno Guimarães,30.0,2026-08-08,1997-11-16,False,p208706,123,1,0,0,3,0,0,0,0,0,0,1,45,41.0,6.5,19.0,6.6,3,8,1,12,1,0.09,0.16,0.25,2.18,4.0,,,,4.0,,[],,213,91,290,145,200,111,261,116,0.07,0.0,0.12,0.19,1.6,2.2,32,21,185,81,158,67,135,41,0.73,0.0,8.78
True,True,,,439509,-1,1,-2,2,-8.6,-152,"[{'offset': 0, 'projected_percent': '-8.9', 'likelihood': -1}, {'offset': 1, 'projected_percent': '-10.0', 'likelihood': -1}, {'offset': 2, 'projected_percent': '-11.0', 'likelihood': -1}]",,False,0,3,2.5,2.5,2,Christos,2.5,557,False,,,63,439509.jpg,3.2,False,Tzolis,12.4,False,,a,1,3,16,459086,8719,1581545,118337,0.4,2.5,Tzolis,,83.0,2026-07-23,2002-01-30,False,p439509,362,0,2,2,4,0,0,0,2,0,0,1,81,56.4,115.1,46.0,21.8,7,12,4,23,5,0.19,0.55,0.74,2.73,3.0,,,,,,[],,171,67,33,28,105,59,76,45,0.05,0.0,0.14,0.19,0.68,0.99,48,33,163,68,132,52,33,13,1.24,0.5,5.72
True,True,0.0,0.0,72147,0,0,0,0,-30.9,-2,"[{'offset': 0, 'projected_percent': '-31.3', 'likelihood': -2}, {'offset': 1, 'projected_percent': '-32.3', 'likelihood': -2}, {'offset': 2, 'projected_percent': '-33.4', 'likelihood': -2}]",,False,0,1,0.0,0.0,0,Marco,0.0,29,False,Back injury - Expected back 10 Oct,2026-09-17T07:30:09.058151Z,45,72147.jpg,1.0,False,Bizot,0.1,False,,i,2,7,1,4636,42,7152,776,0.0,0.2,M.Bizot,,152.0,2025-07-15,1991-03-10,False,p72147,90,0,0,0,4,0,0,0,0,0,3,0,1,28.2,0.0,0.0,2.8,2,6,0,0,1,0.00,0.00,0.00,3.77,,,,,,,[],https://www.avfc.co.uk/news/2026/september/18/prematch-team-news-for-spurs-showdown/,259,22,472,36,422,31,326,22,0.0,3.0,0.0,0.0,3.77,4.0,430,24,479,53,317,24,395,45,1.0,0.0,0.0
True,True,100.0,100.0,199796,0,0,-1,1,-18.2,-43,"[{'offset': 0, 'projected_percent': '-18.6', 'likelihood': -1}, {'offset': 1, 'projected_percent': '-19.9', 'likelihood': -1}, {'offset': 2, 'projected_percent': '-21.1', 'likelihood': -2}]",,False,0,2,1.8,1.8,-1,Matty,1.8,32,False,,2026-09-09T14:30:08.192142Z,44,199796.jpg,1.5,False,Cash,4.9,False,,a,2,7,6,94651,2000,413813,19824,0.4,1.4,Cash,,172.0,2020-09-03,1997-08-07,False,p199796,296,0,0,1,7,0,0,0,2,0,0,0,16,36.4,22.3,13.0,7.2,11,2,6,17,3,0.15,0.04,0.19,5.95,1.0,,,,,,[],,232,93,212,70,230,76,246,94,0.05,0.0,0.01,0.06,1.81,2.13,558,141,206,75,270,96,75,30,0.91,0.3,5.17
True,True,,,149484,0,0,0,0,0.6,5,"[{'offset': 0, 'projected_percent': '0.6', 'likelihood': 1}, {'offset': 1, 'projected_percent': '0.7', 'likelihood': 1}, {'offset': 2, 'projected_percent': '0.7', 'likelihood': 1}]",,False,0,2,2.2,2.2,3,Tyrone,2.2,33,False,,,45,149484.jpg,2.5,False,Mings,0.4,False,,a,2,7,10,15945,1225,17027,1003,0.5,2.2,Mings,,241.0,2019-07-08,1993-03-13,False,p149484,261,0,0,1,4,0,0,0,1,0,0,0,43,59.8,5.6,17.0,8.2,20,7,4,24,2,0.20,0.02,0.22,4.43,,,,,,,[],,166,71,297,107,207,63,232,85,0.07,0.0,0.01,0.08,1.53,1.38,440,88,169,66,188,74,271,99,0.69,0.34,8.28
True,True,0.0,0.0,244954,0,0,0,0,-89.0,-7,"[{'offset': 0, 'projected_percent': '-89.4', 'likelihood': -3}, {'offset': 1, 'projected_percent': '-90.6', 'likelihood': -3}, {'offset': 2, 'projected_percent': '-91.8', 'likelihood': -3}]",,False,0,2,0.0,0.0,0,Pau,0.8,34,False,Hamstring injury - Expected back 10 Oct,2026-09-12T18:00:08.712707Z,45,244954.jpg,1.0,False,Torres,0.3,False,,i,2,7,3,11217,24,26807,2449,0.2,0.7,Pau,,200.0,2023-07-12,1997-01-16,False,p244954,187,0,0,0,5,0,0,0,0,0,0,0,-4,11.2,1.9,2.0,1.5,8,9,1,9,3,0.00,0.01,0.01,4.79,,,,,,,[],https://www.avfc.co.uk/news/2026/september/18/prematch-team-news-for-spurs-showdown/,318,121,335,121,320,120,360,125,0.0,0.0,0.0,0.0,2.31,2.41,469,109,279,102,318,121,291,106,1.44,0.0,4.33
True,True,,,515597,-1,1,-1,1,-0.6,-2,"[{'offset': 0, 'projected_percent': '-1.5', 'likelihood': -1}, {'offset': 1, 'projected_percent': '-4.3', 'likelihood': -1}, {'offset': 2, 'projected_percent': '-7.0', 'likelihood': -1}]",,False,0,3,0.0,0.0,0,Lamare,0.0,35,False,,,49,515597.jpg,1.0,False,Bogarde,0.1,False,,a,2,7,1,2875,134,4667,339,0.0,0.2,Bogarde,,152.0,2021-01-07,2004-01-05,False,p515597,16,0,0,0,0,0,0,0,0,0,0,0,3,2.2,0.5,0.0,0.3,1,0,0,1,0,0.00,0.00,0.00,0.22,,,,,,,[],,385,178,372,185,540,221,394,183,0.0,0.0,0.0,0.0,1.24,0.0,389,232,576,241,340,148,477,187,0.0,0.0,5.62
True,True,0.0,0.0,441302,0,0,0,0,-101.8,-10,"[{'offset': 0, 'projected_percent': '-102.1', 'likelihood': -5}, {'offset': 1, 'projected_percent': '-103.1', 'likelihood': -5}, {'offset': 2, 'projected_percent': '-104.1', 'likelihood': -5}]",,False,0,2,0.0,0.0,0,Ian,2.2,36,False,Ankle injury - Unknown return date,2026-09-12T18:00:08.729468Z,45,441302.jpg,2.2,False,Maatsen,0.5,False,,i,2,7,9,31882,40,60624,4886,0.5,2.0,Maatsen,,152.0,2024-06-28,2002-03-10,False,p441302,335,0,0,1,7,0,0,0,1,0,0,1,22,34.8,24.5,43.0,10.2,17,10,7,24,4,0.28,0.45,0.73,6.54,,,,,,,[],https://www.avfc.co.uk/news/2026/september/18/prematch-team-news-for-spurs-showdown/,237,96,200,65,110,25,207,74,0.08,0.0,0.12,0.2,1.76,1.88,475,114,171,67,207,83,248,93,1.07,0.27,6.45
True,True,,,184667,0,0,0,0,0.9,-4,"[{'offset': 0, 'projected_percent': '0.9', 'likelihood': 1}, {'offset': 1, 'projected_percent': '0.8', 'likelihood': 1}, {'offset': 2, 'projected_percent': '0.8', 'likelihood': 1}]",,False,0,2,2.5,2.5,1,Victor,2.5,37,False,,,45,184667.jpg,1.6,False,Lindelöf,0.3,False,,a,2,7,8,14310,710,13955,932,0.6,1.8,Lindelöf,,206.0,2025-09-01,1994-07-17,False,p184667,450,0,0,1,9,1,0,0,0,0,0,0,28,74.4,37.3,37.0,14.9,21,7,1,22,5,0.44,0.17,0.61,9.22,,,,,,,[],,123,56,163,44,132,37,142,49,0.09,0.0,0.03,0.12,1.84,1.8,448,94,151,59,263,93,285,104,1.0,0.2,4.4
True,True,,,606798,0,0,0,0,-30.2,-6,"[{'offset': 0, 'projected_percent': '-30.4', 'likelihood': -2}, {'offset': 1, 'projected_percent': '-30.9', 'likelihood': -2}, {'offset': 2, 'projected_percent': '-31.5', 'likelihood': -2}]",,False,0,2,0.0,0.0,0,Andrés,0.0,38,False,,,40,606798.jpg,0.0,False,García,1.5,False,,a,2,7,0,44786,1340,66485,4585,0.0,0.0,A.García,,,,,False,p606798,0,0,0,0,0,0,0,0,0,0,0,0,0,0.0,0.0,0.0,0.0,0,0,0,0,0,0.00,0.00,0.00,0.00,,,,,,,[],,459,175,450,174,395,160,464,175,0.0,0.0,0.0,0.0,0.0,0.0,655,205,455,169,473,175,148,60,0.0,0.0,0.0
True,True,,,195546,0,0,-1,1,-45.0,38,"[{'offset': 0, 'projected_percent': '-43.1', 'likelihood': -3}, {'offset': 1, 'projected_percent': '-37.5', 'likelihood': -2}, {'offset': 2, 'projected_percent': '-31.8', 'likelihood': -2}]",,False,1,3,4.8,4.8,12,Emiliano,4.8,41,False,,,59,195546.jpg,4.2,False,Buendía Stati,1.0,False,,a,2,7,21,56956,8972,94049,2904,0.8,3.6,Buendía,,10.0,2021-06-10,1996-12-25,False,p195546,401,1,0,1,8,0,0,0,0,0,0,3,73,66.0,80.5,59.0,19.6,5,20,9,34,5,0.92,0.24,1.16,7.86,3.0,,1.0,,1.0,,[],,143,48,63,52,74,45,91,48,0.21,0.0,0.05,0.26,1.76,1.8,81,54,53,21,84,36,184,58,1.12,0.22,7.63
True,True,,,122806,0,0,-1,1,-19.0,9,"[{'offset': 0, 'projected_percent': '-18.8', 'likelihood': -1}, {'offset': 1, 'projected_percent': '-18.2', 'likelihood': -1}, {'offset': 2, 'projected_percent': '-17.6', 'likelihood': -1}]",,False,0,3,4.0,4.0,6,John,4.0,45,False,,,54,122806.jpg,3.4,False,McGinn,2.2,False,,a,2,7,17,68823,4992,153254,6292,0.7,3.1,McGinn,,243.0,2018-08-08,1994-10-18,False,p122806,434,0,2,2,7,0,0,0,2,0,0,1,65,52.4,84.9,15.0,14.8,8,17,5,30,5,0.77,0.24,1.01,8.29,2.0,,,,,,[],,184,74,56,46,221,119,146,74,0.16,0.0,0.05,0.21,1.72,1.45,169,107,75,28,121,48,122,37,1.04,0.41,6.22
True,True,,,88894,0,0,0,0,0.6,-2,"[{'offset': 0, 'projected_percent': '0.6', 'likelihood': 1}, {'offset': 1, 'projected_percent': '0.6', 'likelihood': 1}, {'offset': 2, 'projected_percent': '0.5', 'likelihood': 1}]",,False,0,3,2.0,2.0,1,Ross,2.0,46,False,,,50,88894.jpg,2.0,False,Barkley,0.3,False,,a,2,7,10,15971,414,15847,1370,0.4,2.0,Barkley,,241.0,2024-07-01,1993-12-05,False,p88894,308,0,0,1,8,0,0,0,0,0,0,0,66,42.4,82.3,31.0,15.6,5,16,7,28,4,0.38,0.14,0.52,7.36,4.0,,,,,,[],,211,89,58,47,150,78,128,68,0.11,0.0,0.04,0.15,2.15,2.34,241,151,194,86,232,102,308,107,1.17,0.29,8.18
True,True,100.0,100.0,226944,0,0,0,0,-74.8,-2,"[{'offset': 0, 'projected_percent': '-75.1', 'likelihood': -3}, {'offset': 1, 'projected_percent': '-76.0', 'likelihood': -3}, {'offset': 2, 'projected_percent': '-77.0', 'likelihood': -3}]",,False,0,3,3.2,3.2,6,Boubacar,3.2,47,False,,2026-07-23T12:01:23.337269Z,50,226944.jpg,3.0,False,Kamara,0.3,False,,a,2,7,15,14151,942,21117,1169,0.6,3.0,Kamara,,73.0,2022-06-11,1999-11-23,False,p226944,443,0,1,2,7,0,0,0,0,0,0,0,85,68.0,68.8,6.0,14.3,11,16,9,36,5,0.12,0.16,0.28,8.44,,,,,,,[],,138,46,78,58,289,149,156,81,0.02,0.0,0.03,0.05,1.71,1.42,269,166,106,42,141,56,289,98,1.02,0.41,7.31
True,True,0.0,0.0,449871,0,0,-1,1,-8.8,0,"[{'offset': 0, 'projected_percent': '-8.8', 'likelihood': -1}, {'offset': 1, 'projected_percent': '-8.8', 'likelihood': -1}, {'offset': 2, 'projected_percent': '-8.8', 'likelihood': -1}]",,False,0,3,0.0,0.0,0,Amadou,0.0,48,False,Knee injury - Unknown return date,2026-07-23T12:01:23.352497Z,49,449871.jpg,0.0,False,Onana,0.0,False,,i,2,7,0,497,26,1640,70,0.0,0.0,Onana,,21.0,2024-07-22,2001-08-16,False,p449871,0,0,0,0,0,0,0,0,0,0,0,0,0,0.0,0.0,0.0,0.0,0,0,0,0,0,0.00,0.00,0.00,0.00,,,,,,,[],https://www.avfc.co.uk/news/2026/september/18/prematch-team-news-for-spurs-showdown/,571,236,569,242,534,217,577,238,0.0,0.0,0.0,0.0,0.0,0.0,372,222,570,236,582,243,590,245,0.0,0.0,0.0
True,True,,,645618,0,0,0,0,-68.2,0,"[{'offset': 0, 'projected_percent': '-68.2', 'likelihood': -3}, {'offset': 1, 'projected_percent': '-68.2', 'likelihood': -3}, {'offset': 2, 'projected_percent': '-68.2', 'likelihood': -3}]",,False,0,3,0.0,0.0,0,Bradley,0.0,50,False,,,45,645618.jpg,0.0,False,Burrowes,0.6,False,,a,2,7,0,21287,462,34312,2588,0.0,0.0,Burrowes,,241.0,2025-01-09,2008-03-04,False,p645618,0,0,0,0,0,0,0,0,0,0,0,0,0,0.0,0.0,0.0,0.0,0,0,0,0,0,0.00,0.00,0.00,0.00,,,,,,,[],,542,218,538,224,499,197,547,219,0.0,0.0,0.0,0.0,0.0,0.0,540,283,542,219,555,226,240,76,0.0,0.0,0.0
True,True,,,577285,0,0,0,0,13.1,-5,"[{'offset': 0, 'projected_percent': '13.1', 'likelihood': 1}, {'offset': 1, 'projected_percent': '13.0', 'likelihood': 1}, {'offset': 2, 'projected_percent': '13.0', 'likelihood': 1}]",,False,0,3,1.8,1.8,1,George,1.8,51,False,,,45,577285.jpg,1.8,False,Hemmings,1.2,False,,a,2,7,9,115108,2425,67616,7683,0.4,2.0,George Hemmings,,241.0,2025-08-05,2007-03-04,False,p577285,297,0,0,1,7,0,0,0,0,0,0,0,34,25.2,42.1,25.0,9.1,3,10,6,19,4,0.07,0.16,0.23,6.26,,,,,,,[],,265,111,148,94,166,89,222,102,0.02,0.0,0.05,0.07,1.9,2.12,516,270,208,94,251,109,164,50,1.21,0.3,5.76
True,True,75.0,,653481,0,0,0,0,0.1,-2,"[{'offset': 0, 'projected_percent': '0.0', 'likelihood': 0}, {'offset': 1, 'projected_percent': '0.0', 'likelihood': 0}, {'offset': 2, 'projected_percent': '-0.7', 'likelihood': -1}]",,False,0,3,1.4,1.8,0,Alysson Edward Franco,1.8,52,False,Unspecified injury - 75% chance of playing,2026-09-19T11:30:09.355376Z,50,653481.jpg,2.0,False,da Rocha dos Santos,0.0,False,,d,2,7,8,3344,58,3479,616,0.4,1.6,Alysson,Alysson,30.0,2026-01-01,2006-05-05,False,p653481,87,1,0,0,2,0,0,0,1,0,0,0,34,39.8,4.9,25.0,7.0,2,4,2,8,0,0.06,0.00,0.06,2.40,,,,,,,[],,218,94,305,156,168,91,249,111,0.06,0.0,0.0,0.06,2.48,2.07,335,202,214,97,234,103,497,195,0.0,0.0,8.28
True,True,100.0,100.0,614071,0,0,-1,1,6.3,67,"[{'offset': 0, 'projected_percent': '6.6', 'likelihood': 1}, {'offset': 1, 'projected_percent': '7.5', 'likelihood': 1}, {'offset': 2, 'projected_percent': '8.4', 'likelihood': 1}]",,False,1,3,3.5,3.5,13,Johan,3.5,53,False,,2026-08-15T15:30:06.388335Z,59,614071.jpg,7.0,False,Manzambi,0.3,False,,a,2,7,14,25849,22863,18510,1891,0.6,2.4,Manzambi,,207.0,2026-07-17,2005-10-14,False,p614071,98,1,1,1,1,0,0,0,0,0,0,2,48,65.8,29.8,60.0,15.6,2,5,2,9,1,0.44,0.24,0.68,1.54,,,,,,,[],,145,50,186,107,72,44,130,70,0.4,0.0,0.22,0.62,1.41,0.92,94,60,96,40,12,4,278,94,0.92,0.92,8.27
True,True,100.0,100.0,448089,0,0,0,0,0.0,0,"[{'offset': 0, 'projected_percent': '0.0', 'likelihood': 0}, {'offset': 1, 'projected_percent': '0.0', 'likelihood': 0}, {'offset': 2, 'projected_percent': '0.0', 'likelihood': 0}]",,False,0,3,1.0,1.0,4,Joao,1.0,54,False,,2026-09-16T19:30:08.742410Z,55,448089.jpg,1.0,False,Gomes,0.0,False,,a,2,7,2,1156,317,4035,126,0.2,0.4,Gomes,João Gomes,30.0,2026-07-20,2001-02-12,False,p448089,129,0,0,0,6,0,0,0,0,1,0,0,11,23.6,24.8,0.0,4.8,6,5,9,20,2,0.00,0.03,0.03,4.14,,,,,,,[],,273,115,199,113,636,277,296,134,0.0,0.0,0.02,0.02,2.89,4.19,145,88,272,126,385,181,505,199,1.4,0.0,13.95
True,True,100.0,100.0,173879,0,0,0,0,3.2,0,"[{'offset': 0, 'projected_percent': '3.2', 'likelihood': 1}, {'offset': 1, 'projected_percent': '3.2', 'likelihood': 1}, {'offset': 2, 'projected_percent': '3.2', 'likelihood': 1}]",,False,0,4,1.0,1.0,1,Tammy,1.0,56,False,,2026-08-15T16:00:07.558543Z,55,173879.jpg,1.0,False,Abraham,0.2,False,,a,2,7,4,15232,1184,12434,1258,0.2,0.7,Abraham,,241.0,2026-01-27,1997-10-02,False,p173879,71,0,0,0,3,0,0,0,0,0,0,0,13,3.2,6.2,2.0,1.1,0,1,1,2,0,0.00,0.00,0.00,2.69,,,,,,,[],,377,39,294,38,333,43,375,42,0.0,0.0,0.0,0.0,3.41,3.8,130,35,271,29,384,44,342,54,0.0,0.0,2.54
True,True,,,493105,0,0,-2,2,-53.3,-8,"[{'offset': 0, 'projected_percent': '-54.6', 'likelihood': -3}, {'offset': 1, 'projected_percent': '-58.3', 'likelihood': -3}, {'offset': 2, 'projected_percent': '-62.0', 'likelihood': -3}]",,False,0,3,0.5,0.5,0,Alejandro,0.5,160,False,,,58,493105.jpg,1.0,False,Garnacho Ferreyra,0.3,False,,a,2,7,3,7313,365,40581,2128,0.1,0.5,Garnacho,,10.0,2026-07-23,2004-07-01,False,p493105,31,0,0,0,0,0,0,0,0,0,0,0,9,1.2,3.6,0.0,0.5,0,2,0,2,0,0.00,0.00,0.00,0.49,,,,,,,"[{'property': 'loan_ineligible', 'notes': 'This player will not be available to face their parent club in Gameweek 27 as part of their loan conditions.', 'gameweek': 27, 'url': None}, {'property': 'loan_ineligible', 'notes': 'This player will not be available to face their parent club in Gameweek 16 as part of their loan conditions.', 'gameweek': 16, 'url': None}]",,396,185,320,162,646,286,388,182,0.0,0.0,0.0,0.0,1.42,0.0,108,69,343,162,391,186,284,96,0.0,0.0,5.81
True,True,,,517052,0,0,0,0,44.6,90,"[{'offset': 0, 'projected_percent': '45.0', 'likelihood': 3}, {'offset': 1, 'projected_percent': '46.2', 'likelihood': 3}, {'offset': 2, 'projected_percent': '47.5', 'likelihood': 3}]",,False,0,4,2.0,2.0,6,Nicolas,2.0,166,False,,,65,517052.jpg,2.5,False,Jackson,1.4,False,,a,2,7,10,171315,26053,82440,5500,0.3,1.5,N.Jackson,,189.0,2026-08-28,2001-06-20,False,p517052,286,1,0,1,2,0,0,0,2,0,0,1,52,42.8,36.8,76.0,15.4,1,8,0,9,4,0.68,0.60,1.28,2.75,,,,,2.0,,[],,210,17,165,18,53,17,136,18,0.21,0.0,0.19,0.4,0.87,0.63,42,11,203,19,191,19,155,23,1.26,0.31,2.83
True,True,0.0,0.0,690838,0,0,-1,1,-20.5,-1,"[{'offset': 0, 'projected_percent': '-20.6', 'likelihood': -2}, {'offset': 1, 'projected_percent': '-20.9', 'likelihood': -2}, {'offset': 2, 'projected_percent': '-21.2', 'likelihood': -2}]",,False,0,4,0.0,0.0,0,Brian,0.0,582,False,Unspecified injury - Unknown return date,2026-08-15T16:00:07.974271Z,54,690838.jpg,0.0,False,Madjo,0.2,False,,i,2,7,0,2816,131,30197,1426,0.0,0.0,Madjo,,241.0,2026-01-12,2009-01-12,False,p690838,0,0,0,0,0,0,0,0,0,0,0,0,0,0.0,0.0,0.0,0.0,0,0,0,0,0,0.00,0.00,0.00,0.00,,,,,,,[],https://www.avfc.co.uk/news/2026/september/18/prematch-team-news-for-spurs-showdown/,636,71,639,75,626,72,641,75,0.0,0.0,0.0,0.0,0.0,0.0,215,48,637,73,641,75,330,52,0.0,0.0,0.0
True,True,,,487992,0,0,0,0,-72.7,0,"[{'offset': 0, 'projected_percent': '-72.7', 'likelihood': -3}, {'offset': 1, 'projected_percent': '-72.7', 'likelihood': -3}, {'offset': 2, 'projected_percent': '-72.7', 'likelihood': -3}]",,False,0,2,1.0,1.0,3,Matteo,1.0,596,False,,,45,487992.jpg,1.7,False,Ruggeri,0.1,False,,a,2,7,5,3032,389,5507,243,0.2,1.1,Ruggeri,,106.0,2026-08-19,2002-07-11,False,p487992,113,0,0,0,2,0,0,0,0,0,0,0,17,26.0,14.1,1.0,4.1,14,11,2,16,1,0.03,0.02,0.05,2.05,,,,,,,[],,262,107,249,89,336,126,303,113,0.02,0.0,0.02,0.04,1.63,1.59,486,119,258,93,260,92,432,158,0.8,0.0,12.74
True,True,,,433969,0,0,0,0,27.2,24,"[{'offset': 0, 'projected_percent': '27.3', 'likelihood': 2}, {'offset': 1, 'projected_percent': '27.6', 'likelihood': 2}, {'offset': 2, 'projected_percent': '27.9', 'likelihood': 2}]",,False,1,1,4.0,4.0,2,Zion,4.0,597,False,,,50,433969.jpg,4.0,False,Suzuki,1.9,False,,a,2,7,16,148100,10536,60565,4706,0.8,3.2,Suzuki,,108.0,2026-08-19,2002-08-21,False,p433969,360,0,0,1,5,0,0,0,0,0,15,3,80,115.6,0.0,0.0,11.6,8,43,0,0,4,0.00,0.01,0.01,5.45,,,,,,,[],,50,9,599,68,574,67,188,10,0.0,3.75,0.0,0.0,1.36,1.25,278,12,73,8,91,9,129,19,1.0,0.25,0.0
True,True,,,569577,0,0,0,0,0.2,-4,"[{'offset': 0, 'projected_percent': '0.2', 'likelihood': 1}, {'offset': 1, 'projected_percent': '0.1', 'likelihood': 1}, {'offset': 2, 'projected_percent': '0.1', 'likelihood': 1}]",,False,0,2,0.0,0.0,0,Triston,0.0,606,False,,,40,569577.jpg,0.0,False,Rowe,0.2,False,,a,2,7,0,12925,229,5937,682,0.0,0.0,Rowe,,241.0,2026-07-01,2006-10-02,False,p569577,0,0,0,0,0,0,0,0,0,0,0,0,0,0.0,0.0,0.0,0.0,0,0,0,0,0,0.00,0.00,0.00,0.00,,,,,,,[],,452,169,443,168,388,154,457,169,0.0,0.0,0.0,0.0,0.0,0.0,646,197,448,163,466,169,361,137,0.0,0.0,0.0
True,True,,,214590,0,0,0,0,1.9,-1,"[{'offset': 0, 'projected_percent': '1.9', 'likelihood': 1}, {'offset': 1, 'projected_percent': '1.9', 'likelihood': 1}, {'offset': 2, 'projected_percent': '1.9', 'likelihood': 1}]",,False,0,2,1.5,1.5,1,Aaron,1.5,611,False,,,45,214590.jpg,1.5,False,Wan-Bissaka,0.2,False,,a,2,7,6,17930,1077,7410,1077,0.3,1.3,Wan-Bissaka,,50.0,2026-08-21,1997-11-26,False,p214590,152,0,0,0,2,0,0,0,0,0,0,0,24,42.8,16.4,0.0,5.9,12,1,9,21,2,0.00,0.07,0.07,3.27,,,,,,,[],,209,85,232,80,434,175,273,103,0.0,0.0,0.04,0.04,1.94,1.18,453,97,231,85,271,97,319,119,1.18,0.0,12.43
True,True,0.0,0.0,119090,0,0,-1,1,-32.7,0,"[{'offset': 0, 'projected_percent': '-32.7', 'likelihood': -2}, {'offset': 1, 'projected_percent': '-32.7', 'likelihood': -2}, {'offset': 2, 'projected_percent': '-32.7', 'likelihood': -2}]",,False,0,3,0.0,0.0,0,Leon,0.0,618,False,Knee injury - Expected back 10 Oct,2026-09-09T09:30:08.229436Z,59,119090.jpg,0.0,False,Goretzka,0.0,False,,i,2,7,0,4621,12,4649,335,0.0,0.0,Goretzka,,80.0,2026-08-27,1995-02-06,False,p119090,0,0,0,0,0,0,0,0,0,0,0,0,0,0.0,0.0,0.0,0.0,0,0,0,0,0,0.00,0.00,0.00,0.00,,,,,,,[],https://www.avfc.co.uk/news/2026/september/18/prematch-team-news-for-spurs-showdown/,650,289,655,290,648,288,655,290,0.0,0.0,0.0,0.0,0.0,0.0,80,53,651,289,654,290,555,228,0.0,0.0,0.0
True,True,,,245719,0,0,0,0,0.0,0,"[{'offset': 0, 'projected_percent': '0.0', 'likelihood': 0}, {'offset': 1, 'projected_percent': '0.0', 'likelihood': 0}, {'offset': 2, 'projected_percent': '0.0', 'likelihood': 0}]",,False,0,2,0.0,0.0,0,Taylor,0.0,630,False,,,45,245719.jpg,0.0,False,Harwood-Bellis,0.0,False,,a,2,7,0,2101,124,933,127,0.0,0.0,Harwood-Bellis,,241.0,2026-09-01,2002-01-30,False,p245719,0,0,0,0,0,0,0,0,0,0,0,0,0,0.0,0.0,0.0,0.0,0,0,0,0,0,0.00,0.00,0.00,0.00,,,,,,,[],,496,192,492,191,443,181,501,192,0.0,0.0,0.0,0.0,0.0,0.0,470,110,496,189,510,192,582,198,0.0,0.0,0.0
True,True,,,638987,0,0,0,0,0.3,-3,"[{'offset': 0, 'projected_percent': '0.3', 'likelihood': 1}, {'offset': 1, 'projected_percent': '0.2', 'likelihood': 1}, {'offset': 2, 'projected_percent': '0.2', 'likelihood': 1}]",,False,0,3,0.7,0.7,1,Ibrahim,0.7,631,False,,,60,638987.jpg,1.0,False,Mbaye,0.1,False,,a,2,7,2,10173,665,4597,916,0.1,0.3,Mbaye,,189.0,2026-09-01,2008-01-24,False,p638987,33,0,0,0,3,0,0,0,0,0,0,0,8,9.0,15.2,19.0,4.3,0,1,1,2,0,0.02,0.13,0.15,1.64,,,,,,,[],,332,152,238,128,197,108,301,136,0.05,0.0,0.35,0.4,4.47,8.18,77,51,300,139,393,187,461,180,0.0,0.0,5.45
True,True,,,481283,0,0,0,0,0.0,0,"[{'offset': 0, 'projected_percent': '0.0', 'likelihood': 0}, {'offset': 1, 'projected_percent': '0.0', 'likelihood': 0}, {'offset': 2, 'projected_percent': '0.0', 'likelihood': 0}]",2026-10-02T19:12:30.130761Z,False,0,1,1.0,1.0,0,James,0.0,667,False,,,40,481283.jpg,0.0,False,Wright,0.1,False,,a,2,7,0,4778,4778,397,397,0.0,0.0,Wright,,241.0,2023-03-31,2004-12-02,False,p481283,0,0,0,0,0,0,0,0,0,0,0,0,0,0.0,0.0,0.0,0.0,0,0,0,0,0,0.00,0.00,0.00,0.00,,,,,,,[],,438,45,429,26,373,21,443,45,0.0,0.0,0.0,0.0,0.0,0.0,628,69,434,44,452,45,451,51,0.0,0.0,0.0
True,True,,,457569,0,0,0,0,0.5,-18,"[{'offset': 0, 'projected_percent': '0.4', 'likelihood': 1}, {'offset': 1, 'projected_percent': '0.2', 'likelihood': 1}, {'offset': 2, 'projected_percent': '-0.2', 'likelihood': -1}]",,False,0,1,1.8,1.8,2,Đorđe,1.8,57,False,,,45,457569.jpg,1.8,False,Petrović,3.0,False,,a,3,91,9,110286,4303,120605,7934,0.4,2.0,Petrović,,190.0,2025-07-16,1999-10-08,False,p457569,450,0,0,0,8,0,0,0,0,0,11,0,45,92.2,0.0,0.0,9.2,6,43,0,0,5,0.00,0.00,0.00,6.95,,,,,,,[],,92,17,496,50,450,45,219,18,0.0,2.2,0.0,0.0,1.39,1.6,479,38,207,19,250,22,104,17,1.0,0.0,0.0
True,True,,,40383,0,0,0,0,4.4,4,"[{'offset': 0, 'projected_percent': '4.4', 'likelihood': 1}, {'offset': 1, 'projected_percent': '4.4', 'likelihood': 1}, {'offset': 2, 'projected_percent': '4.5', 'likelihood': 1}]",,False,0,1,0.0,0.0,0,Fraser,0.0,58,False,,,40,40383.jpg,0.0,False,Forster,3.5,False,,a,3,91,0,115422,6228,76916,5095,0.0,0.0,Forster,,241.0,2026-01-02,1988-03-17,False,p40383,0,0,0,0,0,0,0,0,0,0,0,0,0,0.0,0.0,0.0,0.0,0,0,0,0,0,0.00,0.00,0.00,0.00,,,,,,,[],,411,26,399,7,343,2,415,26,0.0,0.0,0.0,0.0,0.0,0.0,588,50,405,25,425,26,95,15,0.0,0.0,0.0
True,True,,,463981,0,0,0,0,-32.4,4,"[{'offset': 0, 'projected_percent': '-32.2', 'likelihood': -2}, {'offset': 1, 'projected_percent': '-31.5', 'likelihood': -2}, {'offset': 2, 'projected_percent': '-30.9', 'likelihood': -2}]",,False,0,2,2.8,2.8,4,James,2.8,60,False,,,55,463981.jpg,2.4,False,Hill,0.8,False,,a,3,91,12,30003,2262,42800,2206,0.5,2.2,Hill,,241.0,2022-01-05,2002-01-10,False,p463981,450,0,0,0,8,0,0,0,1,0,0,0,43,119.6,69.3,6.0,19.5,41,11,9,50,5,0.00,0.79,0.79,6.95,,,,,,,[],,44,19,75,14,291,104,92,29,0.0,0.0,0.16,0.16,1.39,1.6,147,16,139,52,196,78,206,79,1.0,0.0,10.0
True,True,,,494521,-1,1,-1,1,-0.3,-30,"[{'offset': 0, 'projected_percent': '-0.6', 'likelihood': -1}, {'offset': 1, 'projected_percent': '-1.4', 'likelihood': -1}, {'offset': 2, 'projected_percent': '-2.2', 'likelihood': -1}]",,False,0,2,2.2,2.2,2,Adrien,2.2,61,False,,,54,494521.jpg,2.0,False,Truffert,3.0,False,,a,3,91,10,55270,3401,157519,9236,0.4,1.9,Truffert,,73.0,2025-06-16,2001-11-20,False,p494521,450,0,0,0,8,0,0,0,1,0,0,2,53,104.6,70.5,39.0,21.5,28,24,17,45,5,0.11,0.29,0.40,6.95,,,,,,,[],,69,31,73,13,127,35,78,19,0.02,0.0,0.06,0.08,1.39,1.6,201,26,182,71,236,90,103,38,1.0,0.0,9.0
True,True,,,242882,-1,1,-1,1,-3.1,-5,"[{'offset': 0, 'projected_percent': '-3.9', 'likelihood': -1}, {'offset': 1, 'projected_percent': '-6.4', 'likelihood': -1}, {'offset': 2, 'projected_percent': '-8.8', 'likelihood': -1}]",,False,0,2,0.0,0.0,0,Bafodé,0.0,62,False,,,49,242882.jpg,0.0,False,Diakité,0.2,False,,a,3,91,0,7039,381,11797,732,0.0,0.0,Diakité,,73.0,2025-08-13,2001-01-06,False,p242882,0,0,0,0,0,0,0,0,0,0,0,0,0,0.0,0.0,0.0,0.0,0,0,0,0,0,0.00,0.00,0.00,0.00,,,,,,,[],,567,206,564,205,529,202,572,206,0.0,0.0,0.0,0.0,0.0,0.0,364,64,566,203,578,205,364,139,0.0,0.0,0.0
True,True,0.0,0.0,620487,0,0,-1,1,-3.7,0,"[{'offset': 0, 'projected_percent': '-3.7', 'likelihood': -1}, {'offset': 1, 'projected_percent': '-3.7', 'likelihood': -1}, {'offset': 2, 'projected_percent': '-3.7', 'likelihood': -1}]",,False,0,2,0.0,0.0,0,Veljko,0.0,63,False,Thigh injury - Unknown return date,2026-08-06T10:00:10.456051Z,49,620487.jpg,0.0,False,Milosavljevic,0.0,False,,i,3,91,0,322,16,828,31,0.0,0.0,Milosavljević,,190.0,2025-09-01,2007-06-28,False,p620487,0,0,0,0,0,0,0,0,0,0,0,0,0,0.0,0.0,0.0,0.0,0,0,0,0,0,0.00,0.00,0.00,0.00,,,,,,,[],https://www.afcb.co.uk/news/2026/september/10/injury-news--updates-on-/,582,208,581,207,551,204,588,208,0.0,0.0,0.0,0.0,0.0,0.0,402,72,583,206,591,207,619,209,0.0,0.0,0.0
True,True,,,54469,0,0,0,0,0.3,-4,"[{'offset': 0, 'projected_percent': '0.3', 'likelihood': 1}, {'offset': 1, 'projected_percent': '0.2', 'likelihood': 1}, {'offset': 2, 'projected_percent': '0.2', 'likelihood': 1}]",,False,0,2,0.8,0.8,2,Adam,0.8,64,False,,,45,54469.jpg,0.8,False,Smith,0.1,False,,a,3,91,4,7091,293,7176,348,0.2,0.9,Smith,,241.0,2014-01-28,1991-04-29,False,p54469,434,0,0,0,8,0,0,0,3,0,0,0,14,43.6,44.4,4.0,9.1,16,15,5,21,5,0.01,0.09,0.10,6.70,,,,,,,[],,205,81,140,38,304,109,221,80,0.0,0.0,0.02,0.02,1.39,1.66,428,84,278,101,403,139,386,146,1.04,0.0,4.35
True,True,0.0,0.0,436893,0,0,-1,1,-10.5,0,"[{'offset': 0, 'projected_percent': '-10.5', 'likelihood': -1}, {'offset': 1, 'projected_percent': '-10.5', 'likelihood': -1}, {'offset': 2, 'projected_percent': '-10.5', 'likelihood': -1}]",,False,0,2,0.0,0.0,0,Julián,0.0,65,False,Thigh injury - Unknown return date,2026-08-09T08:00:05.645826Z,44,436893.jpg,0.0,False,Araujo Zúñiga,0.0,False,,i,3,91,0,407,23,1275,36,0.0,0.0,J.Araujo,,139.0,2024-08-13,2001-08-13,False,p436893,0,0,0,0,0,0,0,0,0,0,0,0,0,0.0,0.0,0.0,0.0,0,0,0,0,0,0.00,0.00,0.00,0.00,,,,,,,[],https://www.afcb.co.uk/news/2026/september/10/injury-news--updates-on-/,470,183,462,182,412,171,475,183,0.0,0.0,0.0,0.0,0.0,0.0,565,147,467,178,484,183,602,204,0.0,0.0,0.0
True,True,100.0,100.0,575901,0,0,0,0,1.3,-4,"[{'offset': 0, 'projected_percent': '1.3', 'likelihood': 1}, {'offset': 1, 'projected_percent': '1.3', 'likelihood': 1}, {'offset': 2, 'projected_percent': '1.2', 'likelihood': 1}]",,False,0,2,0.0,0.0,0,Julio,0.0,66,False,,2026-08-15T16:30:07.021055Z,40,575901.jpg,0.0,False,Soler Barreto,0.3,False,,a,3,91,0,13667,576,10740,855,0.0,0.0,Soler,,10.0,2025-01-07,2005-02-16,False,p575901,0,0,0,0,0,0,0,0,0,0,0,0,0,0.0,0.0,0.0,0.0,0,0,0,0,0,0.00,0.00,0.00,0.00,,,,,,,[],,453,170,444,169,389,155,458,170,0.0,0.0,0.0,0.0,0.0,0.0,648,199,449,164,467,170,306,113,0.0,0.0,0.0
True,True,,,499604,-1,1,-2,2,-7.7,-15,"[{'offset': 0, 'projected_percent': '-7.9', 'likelihood': -1}, {'offset': 1, 'projected_percent': '-8.8', 'likelihood': -1}, {'offset': 2, 'projected_percent': '-9.6', 'likelihood': -1}]",,False,0,3,2.0,2.0,2,Rayan Vitor,2.0,67,False,,,63,499604.jpg,2.0,False,Simplício Rocha,1.6,False,,a,3,91,10,51557,2887,167138,7642,0.3,1.6,Rayan,Rayan,30.0,2026-01-27,2006-08-03,False,p499604,434,0,0,0,7,0,0,0,0,0,0,0,45,30.4,50.4,99.0,18.0,6,4,5,15,5,0.87,0.43,1.30,6.35,,,,,,,[],,254,104,118,79,38,21,108,58,0.18,0.0,0.09,0.27,1.32,1.45,51,35,201,91,243,107,146,45,1.04,0.0,3.11
True,True,,,201658,0,0,1,-1,27.8,27,"[{'offset': 0, 'projected_percent': '27.9', 'likelihood': 2}, {'offset': 1, 'projected_percent': '28.3', 'likelihood': 2}, {'offset': 2, 'projected_percent': '28.6', 'likelihood': 2}]",,False,1,3,5.2,5.2,2,Marcus,5.2,68,False,,,61,201658.jpg,6.2,False,Tavernier,6.7,False,,a,3,91,31,673658,62465,206470,31746,0.9,5.1,Tavernier,,241.0,2022-08-01,1999-03-22,False,p201658,424,3,0,0,8,0,0,0,2,0,0,8,153,161.8,146.1,147.0,45.5,5,26,11,42,5,1.70,0.92,2.62,6.54,1.0,,1.0,,3.0,,[],,8,5,18,17,11,6,6,5,0.36,0.0,0.2,0.56,1.39,1.7,61,42,41,17,23,10,59,19,1.06,0.0,8.92
True,True,,,503139,0,0,1,-1,1.0,-60,"[{'offset': 0, 'projected_percent': '0.7', 'likelihood': 1}, {'offset': 1, 'projected_percent': '-0.2', 'likelihood': -1}, {'offset': 2, 'projected_percent': '-1.7', 'likelihood': -1}]",,False,1,3,7.0,7.0,2,Alex,7.0,69,False,,,61,503139.jpg,6.0,False,Scott,5.7,False,,a,3,91,30,539989,16086,200302,30126,1.1,4.9,Scott,,241.0,2023-08-10,2003-08-21,False,p503139,446,1,2,1,7,0,0,0,1,0,0,5,129,102.8,146.4,56.0,30.5,15,36,9,60,5,0.64,0.42,1.06,6.82,2.0,,4.0,,,,[],,76,23,17,16,84,50,32,23,0.13,0.0,0.08,0.21,1.38,1.41,64,45,11,6,34,16,69,23,1.01,0.2,12.11
True,True,0.0,,222683,0,0,0,0,-38.3,-82,"[{'offset': 0, 'projected_percent': '-39.8', 'likelihood': -2}, {'offset': 1, 'projected_percent': '-44.5', 'likelihood': -3}, {'offset': 2, 'projected_percent': '-49.2', 'likelihood': -3}]",,False,0,3,0.0,3.0,0,Justin,3.0,70,False,Unspecified injury - Unknown return date,2026-09-20T15:30:09.074071Z,60,222683.jpg,3.8,False,Kluivert,0.9,False,,i,3,91,15,52620,2263,78274,13392,0.5,2.5,Kluivert,,152.0,2023-07-01,1999-05-05,False,p222683,294,1,0,2,3,0,0,0,1,0,0,1,64,62.2,46.5,120.0,22.5,2,16,4,22,4,0.99,0.08,1.07,4.48,3.0,,2.0,,2.0,,[],,159,61,134,86,22,12,67,42,0.3,0.0,0.02,0.32,1.37,0.92,67,46,128,55,107,43,190,61,1.22,0.61,6.73
True,True,,,155408,0,0,0,0,-6.0,-4,"[{'offset': 0, 'projected_percent': '-7.1', 'likelihood': -1}, {'offset': 1, 'projected_percent': '-10.5', 'likelihood': -1}, {'offset': 2, 'projected_percent': '-13.9', 'likelihood': -1}]",,False,0,3,1.2,1.2,1,Lewis,1.2,71,False,,,50,155408.jpg,1.6,False,Cook,0.2,False,,a,3,91,8,13033,199,13664,883,0.2,1.6,Cook,,241.0,2016-07-08,1997-02-03,False,p155408,180,0,0,2,1,0,0,0,1,0,0,0,25,11.8,15.8,0.0,2.8,7,6,1,14,2,0.00,0.01,0.01,4.20,,,,,,,[],,312,138,234,126,561,238,327,153,0.0,0.0,0.0,0.0,2.1,0.5,249,155,250,113,266,118,353,126,1.0,1.0,7.0
True,True,,,496208,0,0,-1,1,-57.0,-2,"[{'offset': 0, 'projected_percent': '-58.7', 'likelihood': -3}, {'offset': 1, 'projected_percent': '-63.7', 'likelihood': -3}, {'offset': 2, 'projected_percent': '-68.7', 'likelihood': -3}]",,False,0,3,0.8,0.8,1,Ben,0.8,72,False,,,49,496208.jpg,1.0,False,Gannon-Doak,0.1,False,,a,3,91,4,1598,98,4553,293,0.2,0.8,Gannon-Doak,,243.0,2025-08-18,2005-11-11,False,p496208,12,0,0,0,1,0,0,0,0,0,0,0,15,4.0,2.9,16.0,2.3,0,5,2,7,0,0.12,0.05,0.17,0.60,,,,,,,[],,370,174,323,163,210,115,341,161,0.9,0.0,0.38,1.28,4.5,7.5,383,228,284,130,338,147,482,188,0.0,0.0,52.5
True,True,100.0,100.0,200785,0,0,0,0,1.5,-4,"[{'offset': 0, 'projected_percent': '1.5', 'likelihood': 1}, {'offset': 1, 'projected_percent': '1.4', 'likelihood': 1}, {'offset': 2, 'projected_percent': '1.3', 'likelihood': 1}]",,False,0,3,2.8,2.8,4,Tyler,2.8,73,False,,2026-08-15T16:30:07.029928Z,50,200785.jpg,2.4,False,Adams,0.3,False,,a,3,91,12,18008,799,16242,1251,0.6,2.4,Adams,,229.0,2023-08-20,1999-02-14,False,p200785,279,0,0,0,7,0,0,0,0,0,0,0,52,45.8,32.2,7.0,8.5,12,22,7,41,3,0.03,0.07,0.10,2.74,,,,,,,[],,202,87,180,105,280,144,228,105,0.01,0.0,0.02,0.03,0.88,2.26,256,159,131,57,194,83,302,105,0.97,0.0,13.23
True,True,100.0,100.0,111317,0,0,0,0,-16.2,0,"[{'offset': 0, 'projected_percent': '-16.2', 'likelihood': -1}, {'offset': 1, 'projected_percent': '-16.2', 'likelihood': -1}, {'offset': 2, 'projected_percent': '-16.2', 'likelihood': -1}]",,False,0,3,0.8,0.8,1,David,0.8,74,False,,2026-08-15T16:30:07.037929Z,50,111317.jpg,0.8,False,Brooks,0.1,False,,a,3,91,3,3310,128,3709,251,0.2,0.6,Brooks,,244.0,2018-07-01,1997-07-08,False,p111317,45,0,0,0,2,0,0,0,1,0,0,0,8,9.2,23.6,2.0,3.5,2,3,0,5,0,0.00,0.07,0.07,0.75,4.0,,3.0,,,,[],,328,149,205,116,326,162,315,143,0.0,0.0,0.14,0.14,1.5,4.0,244,152,286,132,406,194,493,194,0.0,0.0,10.0
True,True,100.0,100.0,158499,0,0,0,0,0.4,-1,"[{'offset': 0, 'projected_percent': '0.3', 'likelihood': 1}, {'offset': 1, 'projected_percent': '0.3', 'likelihood': 1}, {'offset': 2, 'projected_percent': '0.3', 'likelihood': 1}]",,False,0,3,1.2,1.2,2,Ryan,1.2,75,False,,2026-07-24T17:30:10.035483Z,50,158499.jpg,1.2,False,Christie,0.0,False,,a,3,91,5,3475,220,2125,180,0.2,1.0,Christie,,243.0,2021-08-31,1995-02-22,False,p158499,102,0,0,0,2,0,0,0,0,0,0,0,15,9.4,17.1,31.0,5.2,3,10,1,14,1,0.50,0.13,0.63,1.64,,,,,,,[],,327,148,229,125,151,79,286,128,0.44,0.0,0.11,0.55,1.45,1.76,250,156,251,114,291,132,527,211,0.88,0.0,12.35
True,True,,,614574,0,0,-1,1,-10.5,-1,"[{'offset': 0, 'projected_percent': '-14.7', 'likelihood': -1}, {'offset': 1, 'projected_percent': '-27.4', 'likelihood': -2}, {'offset': 2, 'projected_percent': '-40.2', 'likelihood': -3}]",,False,0,3,0.2,0.2,1,Alex,0.2,76,False,,,49,614574.jpg,1.0,False,Tóth,0.0,False,,a,3,91,2,374,17,772,43,0.0,0.4,Tóth.A,,98.0,2026-01-20,2005-10-23,False,p614574,17,0,0,0,2,0,0,0,0,0,0,0,8,3.0,0.7,0.0,0.3,0,1,1,2,0,0.00,0.00,0.00,0.56,,,,,,,[],,379,176,365,182,550,231,395,184,0.0,0.0,0.0,0.0,2.96,10.59,401,244,376,177,345,153,594,247,0.0,0.0,10.59
True,True,0.0,0.0,489888,0,0,-1,1,-75.6,0,"[{'offset': 0, 'projected_percent': '-75.6', 'likelihood': -3}, {'offset': 1, 'projected_percent': '-75.6', 'likelihood': -3}, {'offset': 2, 'projected_percent': '-75.6', 'likelihood': -3}]",,False,0,3,0.0,0.0,0,Amine,0.0,77,False,Calf injury - Unknown return date,2026-08-15T16:00:07.590566Z,49,489888.jpg,0.0,False,Adli,0.0,False,,i,3,91,0,285,16,2197,56,0.0,0.0,Adli,,145.0,2025-08-21,2000-05-10,False,p489888,0,0,0,0,0,0,0,0,0,0,0,0,0,0.0,0.0,0.0,0.0,0,0,0,0,0,0.00,0.00,0.00,0.00,,,,,,,[],https://www.afcb.co.uk/news/2026/september/10/injury-news--updates-on-/,574,239,573,245,538,220,580,241,0.0,0.0,0.0,0.0,0.0,0.0,382,227,574,239,585,246,597,250,0.0,0.0,0.0
True,True,0.0,0.0,560262,0,0,-1,1,-67.6,-10,"[{'offset': 0, 'projected_percent': '-68.6', 'likelihood': -3}, {'offset': 1, 'projected_percent': '-71.4', 'likelihood': -3}, {'offset': 2, 'projected_percent': '-74.2', 'likelihood': -3}]",,False,0,3,0.0,0.0,0,Junior,0.0,78,False,Foot injury - Expected back 7 Nov,2026-07-29T17:30:09.796802Z,74,560262.jpg,0.0,False,Kroupi,0.2,False,,i,3,91,0,1172,126,27134,616,0.0,0.0,Kroupi.Jr,,73.0,2025-02-02,2006-06-23,False,p560262,0,0,0,0,0,0,0,0,0,0,0,0,0,0.0,0.0,0.0,0.0,0,0,0,0,0,0.00,0.00,0.00,0.00,,,,,1.0,,[],https://www.afcb.co.uk/news/2026/september/10/injury-news--updates-on-/,666,298,666,298,666,298,666,298,0.0,0.0,0.0,0.0,0.0,0.0,21,13,665,298,665,298,350,124,0.0,0.0,0.0
True,True,,,444102,0,0,0,0,47.2,-29,"[{'offset': 0, 'projected_percent': '47.0', 'likelihood': 3}, {'offset': 1, 'projected_percent': '46.7', 'likelihood': 3}, {'offset': 2, 'projected_percent': '46.3', 'likelihood': 3}]",,False,0,4,3.5,3.5,2,Francisco Evanilson,3.5,79,False,,,60,444102.jpg,3.6,False,de Lima Barbosa,3.2,False,,a,3,91,18,248051,12590,171006,16179,0.6,3.0,Evanilson,Evanilson,30.0,2024-08-16,1999-10-06,False,p444102,424,0,3,2,5,0,0,0,1,0,0,0,66,71.4,82.6,99.0,25.2,11,13,3,27,5,0.87,0.52,1.39,6.45,,,,,,,[],,130,10,57,2,37,15,53,10,0.18,0.0,0.11,0.29,1.37,1.06,71,16,97,9,114,12,101,15,1.06,0.42,5.73
True,True,100.0,100.0,561245,0,0,0,0,-34.1,1,"[{'offset': 0, 'projected_percent': '-33.7', 'likelihood': -2}, {'offset': 1, 'projected_percent': '-32.3', 'likelihood': -2}, {'offset': 2, 'projected_percent': '-30.8', 'likelihood': -2}]",,False,0,4,0.5,0.5,0,Álvaro,0.5,81,False,,2026-08-15T16:30:07.054142Z,60,561245.jpg,1.0,False,Rodríguez,0.1,False,,a,3,91,2,5232,525,6652,521,0.1,0.3,Rodríguez,,230.0,2026-07-14,2004-07-14,False,p561245,10,0,0,0,1,0,0,0,0,0,0,0,7,0.0,0.5,0.0,0.1,0,1,0,1,0,0.00,0.00,0.00,0.18,,,,,,,[],,658,76,374,46,655,76,408,48,0.0,0.0,0.0,0.0,1.62,9.0,74,18,344,41,392,46,388,57,0.0,0.0,9.0
True,True,,,483067,0,0,0,0,1.2,-6,"[{'offset': 0, 'projected_percent': '1.2', 'likelihood': 1}, {'offset': 1, 'projected_percent': '1.1', 'likelihood': 1}, {'offset': 2, 'projected_percent': '1.0', 'likelihood': 1}]",,False,0,2,2.8,2.8,3,António João,2.8,566,False,,,50,483067.jpg,2.6,False,Pereira de Albuquerque Tavares da Silva,0.4,False,,a,3,91,13,28490,3028,23274,1833,0.6,2.6,Silva,António Silva,173.0,2026-08-01,2003-10-30,False,p483067,450,0,0,0,8,0,0,0,2,0,0,0,30,124.6,10.1,43.0,17.7,51,14,5,56,5,0.85,0.29,1.14,6.95,,,,,,,[],,37,16,280,101,111,26,111,36,0.17,0.0,0.06,0.23,1.39,1.6,291,48,136,51,182,70,270,98,1.0,0.0,11.2
True,True,,,494928,0,0,-1,1,-9.4,-4,"[{'offset': 0, 'projected_percent': '-10.4', 'likelihood': -1}, {'offset': 1, 'projected_percent': '-13.4', 'likelihood': -1}, {'offset': 2, 'projected_percent': '-16.5', 'likelihood': -1}]",,False,0,2,0.0,0.0,0,Juanlu,0.0,573,False,,,44,494928.jpg,0.0,False,Sánchez,0.2,False,,a,3,91,0,1536,116,6966,309,0.0,0.0,Sanchez,,200.0,2026-08-06,2003-08-15,False,p494928,0,0,0,0,0,0,0,0,0,0,0,0,0,0.0,0.0,0.0,0.0,0,0,0,0,0,0.00,0.00,0.00,0.00,,,,,,,[],,472,184,464,183,414,172,477,184,0.0,0.0,0.0,0.0,0.0,0.0,571,151,470,180,486,184,357,135,0.0,0.0,0.0
True,True,,,523700,0,0,0,0,0.5,0,"[{'offset': 0, 'projected_percent': '0.5', 'likelihood': 1}, {'offset': 1, 'projected_percent': '0.5', 'likelihood': 1}, {'offset': 2, 'projected_percent': '0.5', 'likelihood': 1}]",,False,0,4,0.5,0.5,1,Daniel,0.5,608,False,,,50,523700.jpg,1.0,False,Jebbison,0.1,False,,a,3,91,3,13029,666,7008,653,0.1,0.6,Jebbison,,39.0,2024-07-10,2003-08-13,False,p523700,31,0,0,0,2,0,0,0,0,0,0,0,13,3.6,1.6,21.0,2.6,0,1,0,1,0,0.10,0.00,0.10,0.61,,,,,,,[],,372,36,341,44,184,30,334,36,0.29,0.0,0.0,0.29,1.77,5.81,314,59,331,37,354,37,403,59,0.0,0.0,2.9
True,True,,,230650,0,0,0,0,-25.5,0,"[{'offset': 0, 'projected_percent': '-25.5', 'likelihood': -2}, {'offset': 1, 'projected_percent': '-25.5', 'likelihood': -2}, {'offset': 2, 'projected_percent': '-25.5', 'likelihood': -2}]",,False,0,1,0.0,0.0,0,Michele,0.0,615,False,,,45,230650.jpg,0.0,False,Di Gregorio,0.0,False,,a,3,91,0,2882,139,1688,139,0.0,0.0,Di Gregorio,,106.0,2026-08-25,1997-07-27,False,p230650,0,0,0,0,0,0,0,0,0,0,0,0,0,0.0,0.0,0.0,0.0,0,0,0,0,0,0.00,0.00,0.00,0.00,,,,,,,[],,492,61,487,46,438,41,497,61,0.0,0.0,0.0,0.0,0.0,0.0,459,34,492,61,506,61,519,60,0.0,0.0,0.0
True,True,,,200720,0,0,0,0,18.6,17,"[{'offset': 0, 'projected_percent': '18.7', 'likelihood': 1}, {'offset': 1, 'projected_percent': '18.9', 'likelihood': 1}, {'offset': 2, 'projected_percent': '19.1', 'likelihood': 1}]",,False,0,1,3.2,3.2,6,Caoimhín,3.2,82,False,,,50,200720.jpg,4.0,False,Kelleher,6.1,False,,a,4,94,20,247357,15720,209223,8957,0.6,4.0,Kelleher,,104.0,2025-06-03,1998-11-23,False,p200720,450,0,0,2,4,0,0,0,0,0,17,0,97,118.0,0.0,0.0,11.7,7,34,0,0,5,0.00,0.01,0.01,6.32,,,,,,,[],,46,8,589,65,564,64,186,9,0.0,3.4,0.0,0.0,1.26,0.8,255,9,105,12,90,8,62,9,1.0,0.4,0.0
True,True,,,507433,0,0,0,0,-69.6,0,"[{'offset': 0, 'projected_percent': '-69.6', 'likelihood': -3}, {'offset': 1, 'projected_percent': '-69.6', 'likelihood': -3}, {'offset': 2, 'projected_percent': '-69.6', 'likelihood': -3}]",,False,0,1,0.0,0.0,0,Hákon Rafn,0.0,83,False,,,45,507433.jpg,0.0,False,Valdimarsson,0.1,False,,a,4,94,0,2770,205,4495,245,0.0,0.0,Valdimarsson,,99.0,2024-01-26,2001-10-13,False,p507433,0,0,0,0,0,0,0,0,0,0,0,0,0,0.0,0.0,0.0,0.0,0,0,0,0,0,0.00,0.00,0.00,0.00,,,,,,,[],,508,64,505,51,462,49,513,64,0.0,0.0,0.0,0.0,0.0,0.0,494,42,508,64,522,64,418,48,0.0,0.0,0.0
True,True,0.0,0.0,432830,0,0,-1,1,-21.8,-31,"[{'offset': 0, 'projected_percent': '-22.3', 'likelihood': -2}, {'offset': 1, 'projected_percent': '-23.9', 'likelihood': -2}, {'offset': 2, 'projected_percent': '-25.6', 'likelihood': -2}]",,False,0,2,0.0,0.0,0,Nathan,1.0,84,False,Calf injury - Unknown return date,2026-09-05T18:00:06.182495Z,54,432830.jpg,3.3,False,Collins,1.0,False,,i,4,94,10,58699,80,154416,7060,0.2,1.9,Collins,,104.0,2023-07-04,2001-04-30,False,p432830,196,0,0,1,1,0,0,0,1,0,0,0,39,40.6,22.4,51.0,11.4,15,11,2,17,3,0.51,0.05,0.56,2.13,,,,,,,[],https://www.brentfordfc.com/en/news/article/first-team-bournemouth-v-brentford-premier-league-keith-andrews-squad-news-update-nathan-collins,214,86,211,69,91,17,193,70,0.23,0.0,0.02,0.25,0.98,0.46,189,23,268,97,123,51,180,68,1.38,0.46,7.81
True,True,0.0,0.0,444765,0,0,-1,1,-70.4,-1,"[{'offset': 0, 'projected_percent': '-70.7', 'likelihood': -3}, {'offset': 1, 'projected_percent': '-71.7', 'likelihood': -3}, {'offset': 2, 'projected_percent': '-72.7', 'likelihood': -3}]",,False,0,2,0.0,0.0,0,Sepp,0.0,85,False,Groin injury - Unknown return date,2026-08-15T15:30:06.416627Z,49,444765.jpg,0.0,False,van den Berg,0.1,False,,i,4,94,0,400,27,8835,229,0.0,0.0,Van den Berg,,152.0,2024-08-22,2001-12-20,False,p444765,0,0,0,0,0,0,0,0,0,0,0,0,0,0.0,0.0,0.0,0.0,0,0,0,0,0,0.00,0.00,0.00,0.00,,,,,,,[],https://www.brentfordfc.com/en/news/article/first-team-brentford-v-tottenham-hotspur-premier-league-team-news-mamadou-sangar%C3%A9,569,207,567,206,532,203,575,207,0.0,0.0,0.0,0.0,0.0,0.0,370,66,568,204,580,206,479,170,0.0,0.0,0.0
True,True,,,249231,0,0,0,0,30.6,-22,"[{'offset': 0, 'projected_percent': '30.5', 'likelihood': 2}, {'offset': 1, 'projected_percent': '30.2', 'likelihood': 2}, {'offset': 2, 'projected_percent': '29.9', 'likelihood': 2}]",,False,0,3,3.0,3.0,3,Keane,3.0,86,False,,,55,249231.jpg,4.4,False,Lewis-Potter,1.7,False,,a,4,94,22,189593,2948,118032,9651,0.5,4.0,Lewis-Potter,,241.0,2022-07-12,2001-02-22,False,p249231,406,1,1,2,4,0,0,0,0,0,0,3,85,113.6,109.3,73.0,29.5,17,15,6,38,5,1.21,0.79,2.00,5.69,,,1.0,,,,[],,53,18,36,31,55,34,35,25,0.27,0.0,0.18,0.45,1.26,0.89,140,85,124,52,75,29,137,43,1.11,0.44,8.42
True,True,,,191866,0,0,0,0,28.8,-2,"[{'offset': 0, 'projected_percent': '28.8', 'likelihood': 2}, {'offset': 1, 'projected_percent': '28.8', 'likelihood': 2}, {'offset': 2, 'projected_percent': '28.7', 'likelihood': 2}]",,False,0,2,3.2,3.2,7,Kristoffer,3.2,87,False,,,45,191866.jpg,4.2,False,Ajer,3.9,False,,a,4,94,21,314262,8775,270537,16845,0.7,4.7,Ajer,,161.0,2021-07-21,1998-04-17,False,p191866,450,0,0,2,4,0,0,0,1,0,0,1,73,104.2,34.0,49.0,18.8,46,11,4,50,5,0.13,0.08,0.21,6.32,,,,,,,[],,71,32,172,52,94,19,100,31,0.03,0.0,0.02,0.05,1.26,0.8,449,95,103,42,80,35,86,33,1.0,0.4,10.0
True,True,,,607464,0,0,1,-1,-34.0,-21,"[{'offset': 0, 'projected_percent': '-34.2', 'likelihood': -2}, {'offset': 1, 'projected_percent': '-34.6', 'likelihood': -2}, {'offset': 2, 'projected_percent': '-34.9', 'likelihood': -2}]",,False,1,2,2.5,2.5,6,Michael,2.5,88,False,,,46,607464.jpg,4.6,False,Kayode,7.7,False,,a,4,94,23,593201,10503,361856,15622,0.5,5.0,Kayode,,106.0,2025-07-01,2004-07-10,False,p607464,294,1,0,2,1,0,0,0,0,0,0,1,72,63.8,32.9,56.0,15.3,14,14,2,16,4,0.55,0.43,0.98,3.24,,,,,,,[],,151,65,175,54,82,14,137,46,0.17,0.0,0.13,0.3,0.99,0.31,427,83,153,61,71,32,50,19,1.22,0.61,4.9
True,True,,,194010,0,0,-1,1,-12.1,-2,"[{'offset': 0, 'projected_percent': '-12.7', 'likelihood': -1}, {'offset': 1, 'projected_percent': '-14.6', 'likelihood': -1}, {'offset': 2, 'projected_percent': '-16.4', 'likelihood': -1}]",,False,0,2,0.2,0.2,0,Rico,0.2,89,False,,,44,194010.jpg,1.0,False,Henry,0.2,False,,a,4,94,1,1945,121,8433,435,0.0,0.2,Henry,,107.0,2016-08-31,1997-07-08,False,p194010,2,0,0,0,0,0,0,0,0,0,0,0,3,0.0,0.0,0.0,0.0,0,0,0,0,0,0.00,0.00,0.00,0.00,,,,,,,[],,468,182,460,181,409,169,473,182,0.0,0.0,0.0,0.0,0.0,0.0,557,140,366,132,310,115,337,127,0.0,0.0,0.0
True,True,,,472713,0,0,0,0,-27.5,0,"[{'offset': 0, 'projected_percent': '-27.5', 'likelihood': -2}, {'offset': 1, 'projected_percent': '-27.5', 'likelihood': -2}, {'offset': 2, 'projected_percent': '-27.5', 'likelihood': -2}]",,False,0,2,1.0,1.0,1,Aaron,1.0,90,False,,,45,472713.jpg,1.0,False,Hickey,0.1,False,,a,4,94,5,2048,134,2914,181,0.2,1.1,Hickey,,243.0,2022-07-09,2002-06-10,False,p472713,152,0,0,0,3,0,0,0,0,0,0,0,17,32.8,7.8,6.0,4.7,13,8,4,17,1,0.03,0.06,0.09,3.07,,,,,,,[],,244,99,285,103,284,101,298,111,0.02,0.0,0.04,0.06,1.82,1.78,483,118,257,92,320,123,460,164,0.59,0.0,10.07
True,True,,,570241,-1,1,-1,1,-4.4,0,"[{'offset': 0, 'projected_percent': '-4.4', 'likelihood': -1}, {'offset': 1, 'projected_percent': '-4.4', 'likelihood': -1}, {'offset': 2, 'projected_percent': '-4.4', 'likelihood': -1}]",,False,0,2,0.0,0.0,0,Kim,0.0,92,False,,,44,570241.jpg,0.0,False,Ji-soo,0.0,False,,a,4,94,0,481,47,945,73,0.0,0.0,Ji-soo,Kim Ji-Soo,114.0,2023-07-20,2004-12-24,False,p570241,0,0,0,0,0,0,0,0,0,0,0,0,0,0.0,0.0,0.0,0.0,0,0,0,0,0,0.00,0.00,0.00,0.00,,,,,,,[],,477,185,469,184,419,173,482,185,0.0,0.0,0.0,0.0,0.0,0.0,576,152,475,181,491,185,579,197,0.0,0.0,0.0
True,True,,,513086,0,0,0,0,4.1,30,"[{'offset': 0, 'projected_percent': '4.3', 'likelihood': 1}, {'offset': 1, 'projected_percent': '4.7', 'likelihood': 1}, {'offset': 2, 'projected_percent': '5.1', 'likelihood': 1}]",,False,1,2,5.2,5.2,14,Jannik,5.2,93,False,,,45,513086.jpg,7.0,False,Schuster,0.3,False,,a,4,94,21,14100,12538,5842,1354,1.2,4.7,Schuster,,14.0,2026-06-15,2006-05-16,False,p513086,253,0,1,1,3,0,0,0,0,0,0,3,59,92.4,11.5,16.0,12.0,35,6,3,38,2,0.10,0.54,0.64,4.19,,,,,,,[],,91,42,269,97,209,64,180,65,0.04,0.0,0.19,0.23,1.49,1.07,496,122,34,11,11,6,309,115,0.71,0.36,13.52
True,True,,,513418,1,-1,2,-2,2.4,845,"[{'offset': 0, 'projected_percent': '3.8', 'likelihood': 1}, {'offset': 1, 'projected_percent': '8.1', 'likelihood': 1}, {'offset': 2, 'projected_percent': '12.4', 'likelihood': 1}]",,False,1,3,9.0,9.0,9,Kevin,9.0,94,True,,,62,513418.jpg,7.8,False,Schade,10.6,False,,a,4,94,39,929780,309925,235149,15145,1.5,6.3,Schade,,80.0,2023-07-01,2001-11-27,False,p513418,447,3,2,2,4,0,0,0,0,0,0,6,138,146.2,48.0,160.0,35.4,6,21,7,34,5,1.52,0.32,1.84,6.32,,,,,2.0,,[],,20,11,126,84,7,3,19,15,0.31,0.0,0.06,0.37,1.27,0.81,58,41,5,2,6,3,37,15,1.01,0.4,6.85
True,True,,,533463,0,0,-2,2,-39.1,-4,"[{'offset': 0, 'projected_percent': '-39.5', 'likelihood': -2}, {'offset': 1, 'projected_percent': '-40.7', 'likelihood': -3}, {'offset': 2, 'projected_percent': '-41.9', 'likelihood': -3}]",,False,0,3,1.0,1.0,1,Dango,1.0,95,False,,,63,533463.jpg,1.4,False,Ouattara,0.5,False,,a,4,94,7,14950,589,81418,2839,0.2,1.1,O.Dango,,35.0,2025-08-16,2002-02-11,False,p533463,179,0,0,1,1,0,0,0,0,0,0,0,34,25.4,59.3,23.0,10.8,9,17,2,28,2,0.09,0.39,0.48,2.81,4.0,,,,,,[],,264,110,95,67,175,94,200,96,0.05,0.0,0.2,0.25,1.41,0.5,52,36,275,128,280,126,254,83,1.01,0.5,14.08
True,True,,,440089,0,0,-1,1,-9.0,1,"[{'offset': 0, 'projected_percent': '-8.9', 'likelihood': -1}, {'offset': 1, 'projected_percent': '-8.5', 'likelihood': -1}, {'offset': 2, 'projected_percent': '-8.1', 'likelihood': -1}]",,False,0,3,3.8,3.8,3,Mikkel,3.8,96,False,,,54,440089.jpg,3.2,False,Damsgaard,0.4,False,,a,4,94,16,14630,1119,29724,1608,0.7,3.0,Damsgaard,,58.0,2022-08-10,2000-07-03,False,p440089,283,0,1,2,1,0,0,0,0,0,0,3,74,47.4,118.2,42.0,20.7,6,18,7,31,3,0.17,0.73,0.90,3.06,2.0,,3.0,,,,[],,200,86,31,27,115,65,82,47,0.05,0.0,0.23,0.28,0.97,0.32,191,120,83,34,131,51,262,87,0.95,0.64,9.86
True,True,0.0,0.0,207283,0,0,-1,1,-48.4,0,"[{'offset': 0, 'projected_percent': '-48.4', 'likelihood': -3}, {'offset': 1, 'projected_percent': '-48.4', 'likelihood': -3}, {'offset': 2, 'projected_percent': '-48.4', 'likelihood': -3}]",,False,0,3,0.0,0.0,0,Mathias,0.0,97,False,Unspecified injury - Expected back 10 Oct,2026-08-30T12:30:08.176795Z,54,207283.jpg,6.0,False,Jensen,0.1,False,,i,4,94,6,4497,12,14898,464,0.0,1.1,Jensen,,58.0,2019-07-10,1996-01-01,False,p207283,66,0,1,1,0,0,0,0,0,0,0,0,22,12.6,46.2,13.0,7.2,0,3,2,5,1,0.08,0.34,0.42,0.47,1.0,,2.0,,3.0,,[],https://www.brentfordfc.com/en/news/article/first-team-brentford-v-chelsea-premier-league-igor-thiago,309,136,136,87,234,121,247,109,0.11,0.0,0.46,0.57,0.64,0.0,178,113,630,274,29,13,420,157,1.36,1.36,6.82
True,True,,,204580,0,0,0,0,72.5,8,"[{'offset': 0, 'projected_percent': '72.5', 'likelihood': 3}, {'offset': 1, 'projected_percent': '72.6', 'likelihood': 3}, {'offset': 2, 'projected_percent': '72.7', 'likelihood': 3}]",,False,1,3,4.8,4.8,3,Vitaly,4.8,98,False,,,50,204580.jpg,5.6,False,Janelt,2.5,False,,a,4,94,28,302396,15336,102942,13851,1.0,5.6,Janelt,,80.0,2020-10-03,1998-05-10,False,p204580,450,2,0,2,4,0,0,0,3,0,0,3,109,164.0,97.5,47.0,30.9,27,20,17,64,5,0.53,0.44,0.97,6.32,3.0,,,,,,[],,7,4,42,35,100,55,31,22,0.11,0.0,0.09,0.2,1.26,0.8,258,161,48,19,38,19,113,34,1.0,0.4,12.8
True,True,0.0,0.0,543295,0,0,0,0,-38.9,0,"[{'offset': 0, 'projected_percent': '-38.9', 'likelihood': -2}, {'offset': 1, 'projected_percent': '-38.9', 'likelihood': -2}, {'offset': 2, 'projected_percent': '-38.9', 'likelihood': -2}]",,False,0,3,0.0,0.0,0,Antoni,0.0,99,False,Knee injury - Unknown return date,2026-07-23T12:01:23.384798Z,50,543295.jpg,0.0,False,Milambo,0.0,False,,i,4,94,0,115,6,158,6,0.0,0.0,Milambo,,152.0,2025-07-03,2005-04-03,False,p543295,0,0,0,0,0,0,0,0,0,0,0,0,0,0.0,0.0,0.0,0.0,0,0,0,0,0,0.00,0.00,0.00,0.00,,,,,,,[],https://www.brentfordfc.com/en/news/video/first-team-fabio-carvalho-brentford-injury-return-keith-andrews?utm_source=chatgpt.com,614,264,620,269,596,254,620,266,0.0,0.0,0.0,0.0,0.0,0.0,318,192,616,266,623,269,657,290,0.0,0.0,0.0
True,True,100.0,100.0,244858,0,0,0,0,0.3,4,"[{'offset': 0, 'projected_percent': '0.3', 'likelihood': 1}, {'offset': 1, 'projected_percent': '0.3', 'likelihood': 1}, {'offset': 2, 'projected_percent': '0.4', 'likelihood': 1}]",,False,0,3,1.5,1.5,6,Fábio,1.5,100,False,,2026-08-18T13:58:17.442072Z,50,244858.jpg,6.0,False,Freitas Gouveia Carvalho,0.0,False,,a,4,94,6,1797,499,1407,129,0.3,1.2,Carvalho,Fábio Carvalho,173.0,2024-08-12,2002-08-30,False,p244858,3,1,0,0,0,0,0,0,0,0,0,0,23,33.2,0.3,33.0,6.7,0,0,0,0,0,0.43,0.00,0.43,0.13,,,,,,,[],,242,102,381,190,143,76,258,115,12.9,0.0,0.0,12.9,3.9,0.0,275,169,236,105,27,12,556,229,0.0,0.0,0.0
True,True,,,508395,0,0,-2,2,-14.4,-9,"[{'offset': 0, 'projected_percent': '-15.1', 'likelihood': -1}, {'offset': 1, 'projected_percent': '-17.1', 'likelihood': -1}, {'offset': 2, 'projected_percent': '-19.1', 'likelihood': -1}]",,False,0,3,2.0,2.0,3,Yehor,2.0,102,False,,,48,508395.jpg,1.8,False,Yarmoliuk,0.7,False,,a,4,94,9,5425,972,60786,2436,0.4,1.9,Yarmoliuk,,225.0,2022-10-28,2004-03-01,False,p508395,216,0,1,1,4,0,0,0,1,0,0,0,50,53.0,60.5,20.0,13.4,7,14,5,26,2,0.10,0.30,0.40,4.58,,,,,,,[],,181,72,93,65,188,101,164,84,0.04,0.0,0.12,0.16,1.91,1.67,417,255,191,83,252,110,222,70,0.83,0.42,10.83
True,True,0.0,0.0,183656,0,0,-1,1,-52.4,0,"[{'offset': 0, 'projected_percent': '-52.4', 'likelihood': -3}, {'offset': 1, 'projected_percent': '-52.4', 'likelihood': -3}, {'offset': 2, 'projected_percent': '-52.4', 'likelihood': -3}]",,False,0,3,0.0,0.0,0,Josh,0.0,103,False,Hamstring injury - Expected back 10 Oct,2026-09-04T13:30:08.371955Z,49,183656.jpg,0.0,False,Dasilva,0.0,False,,i,4,94,0,398,7,1921,76,0.0,0.0,Dasilva,,241.0,2025-10-23,1998-10-23,False,p183656,0,0,0,0,0,0,0,0,0,0,0,0,0,0.0,0.0,0.0,0.0,0,0,0,0,0,0.00,0.00,0.00,0.00,,,,,,,[],https://www.brentfordfc.com/en/news/article/first-team-brentford-v-sunderland-premier-league-team-news-mathias-jensen,563,232,559,237,524,212,568,233,0.0,0.0,0.0,0.0,0.0,0.0,349,210,562,232,574,239,596,249,0.0,0.0,0.0
True,True,,,444180,0,0,-1,1,0.5,9,"[{'offset': 0, 'projected_percent': '0.6', 'likelihood': 1}, {'offset': 1, 'projected_percent': '0.7', 'likelihood': 1}, {'offset': 2, 'projected_percent': '0.8', 'likelihood': 1}]",,False,0,3,3.5,3.5,10,Jaidon,3.5,105,False,,,59,444180.jpg,3.0,False,Anthony,0.1,False,,a,4,94,15,6772,1774,10837,436,0.6,2.5,Anthony,,241.0,2026-07-07,1999-12-01,False,p444180,267,1,0,2,3,0,0,0,1,0,0,2,59,65.0,89.3,58.0,21.2,6,16,4,26,3,1.15,0.54,1.69,3.50,,,,,,,[],,146,51,50,41,76,47,81,46,0.39,0.0,0.18,0.57,1.18,1.01,86,56,95,39,154,64,373,134,1.01,0.67,8.76
True,True,,,502500,0,0,-2,2,5.7,43,"[{'offset': 0, 'projected_percent': '5.9', 'likelihood': 1}, {'offset': 1, 'projected_percent': '6.5', 'likelihood': 1}, {'offset': 2, 'projected_percent': '7.1', 'likelihood': 1}]",,False,0,4,2.5,2.5,5,Igor Thiago,2.5,106,False,,,78,502500.jpg,2.0,False,Nascimento Rodrigues,9.0,False,,a,4,94,10,261898,41475,1024661,27753,0.3,1.3,Thiago,Igor Thiago,30.0,2024-07-01,2001-06-26,False,p502500,442,1,0,2,4,0,0,1,2,0,0,0,37,48.8,43.6,146.0,23.6,4,12,3,19,5,3.13,0.16,3.29,6.25,,,,,1.0,,[],,198,15,144,15,12,6,60,11,0.64,0.0,0.03,0.67,1.27,0.81,14,4,164,16,247,29,41,6,1.02,0.41,3.87
True,True,0.0,0.0,593174,0,0,0,0,-1.7,-25,"[{'offset': 0, 'projected_percent': '-2.2', 'likelihood': -1}, {'offset': 1, 'projected_percent': '-3.7', 'likelihood': -1}, {'offset': 2, 'projected_percent': '-5.1', 'likelihood': -1}]",,False,0,4,0.0,0.0,0,Kaye,0.0,107,False,Unspecified injury - Unknown return date,2026-09-14T14:00:09.985723Z,45,593174.jpg,0.0,False,Furo,0.9,False,,i,4,94,0,61526,453,64618,7456,0.0,0.0,Furo,,21.0,2026-01-11,2007-02-06,False,p593174,0,0,0,0,0,0,0,0,0,0,0,0,0,0.0,0.0,0.0,0.0,0,0,0,0,0,0.00,0.00,0.00,0.00,,,,,,,[],https://www.brentfordfc.com/en/news/article/first-team-reading-v-brentford-carabao-cup-keith-andrews-squad-update-kaye-furo-injury,529,53,525,57,483,52,534,57,0.0,0.0,0.0,0.0,0.0,0.0,520,74,529,55,542,58,192,30,0.0,0.0,0.0
True,True,,,75115,-1,1,-1,1,-10.0,-8,"[{'offset': 0, 'projected_percent': '-10.8', 'likelihood': -1}, {'offset': 1, 'projected_percent': '-13.0', 'likelihood': -1}, {'offset': 2, 'projected_percent': '-15.3', 'likelihood': -1}]",,False,0,4,0.5,0.5,0,Callum,0.5,108,False,,,54,75115.jpg,1.0,False,Wilson,0.3,False,,a,4,94,3,15192,843,26018,1953,0.1,0.6,Wilson,,241.0,2026-07-09,1992-02-27,False,p75115,13,0,0,0,0,0,0,0,0,0,0,0,9,3.2,10.4,12.0,2.6,1,1,0,2,0,0.07,0.04,0.11,0.15,,,,,,,[],,376,38,278,37,240,35,335,37,0.48,0.0,0.28,0.76,1.04,0.0,167,40,337,39,372,41,290,49,0.0,0.0,13.85
True,True,,,513545,-1,1,1,-1,-24.6,-247,"[{'offset': 0, 'projected_percent': '-25.3', 'likelihood': -2}, {'offset': 1, 'projected_percent': '-27.4', 'likelihood': -2}, {'offset': 2, 'projected_percent': '-29.4', 'likelihood': -2}]",,False,1,3,2.0,2.0,0,Mamadou,2.0,565,False,,,56,513545.jpg,4.4,False,Sangaré,10.1,False,,a,4,94,22,1225802,6514,799876,117987,0.4,3.9,M.Sangaré,,132.0,2026-08-01,2002-06-26,False,p513545,321,0,2,1,3,0,0,0,2,0,0,3,76,76.4,57.8,40.0,17.1,12,22,14,48,4,0.41,0.65,1.06,4.31,,,,,,,[],,120,39,99,68,123,68,115,61,0.11,0.0,0.18,0.29,1.21,0.84,121,78,199,89,77,31,38,16,1.12,0.28,13.46
True,True,,,613804,0,0,0,0,-33.0,2,"[{'offset': 0, 'projected_percent': '-31.8', 'likelihood': -2}, {'offset': 1, 'projected_percent': '-28.0', 'likelihood': -2}, {'offset': 2, 'projected_percent': '-24.3', 'likelihood': -2}]",,False,0,2,0.5,0.5,1,El Hadji Malick,0.5,620,False,,,45,613804.jpg,1.0,False,Diouf,0.1,False,,a,4,94,2,13508,347,7203,541,0.1,0.4,Diouf,El Hadji Malick Diouf,189.0,2026-08-28,2004-12-29,False,p613804,39,0,0,0,0,0,0,0,0,0,0,0,7,5.6,1.3,0.0,0.7,2,1,0,2,0,0.00,0.01,0.01,0.63,,,,,,,[],,356,133,350,129,490,193,383,137,0.0,0.0,0.02,0.02,1.45,0.0,529,132,320,116,322,124,431,157,0.0,0.0,4.62
True,True,,,626464,0,0,0,0,0.0,0,"[{'offset': 0, 'projected_percent': '0.0', 'likelihood': 0}, {'offset': 1, 'projected_percent': '0.0', 'likelihood': 0}, {'offset': 2, 'projected_percent': '0.0', 'likelihood': 0}]",2026-09-25T22:05:18.379374Z,False,0,3,0.0,0.0,0,Gustavo,0.0,657,False,,,45,626464.jpg,0.0,False,Nunes Fernandes Gomes,0.0,False,,a,4,94,0,2005,263,595,202,0.0,0.0,Nunes,Gustavo Nunes,30.0,2024-08-28,2005-11-20,False,p626464,0,0,0,0,0,0,0,0,0,0,0,0,0,0.0,0.0,0.0,0.0,0,0,0,0,0,0.00,0.00,0.00,0.00,,,,,,,[],,538,215,534,221,494,193,543,216,0.0,0.0,0.0,0.0,0.0,0.0,534,279,538,216,551,223,562,234,0.0,0.0,0.0
True,True,,,612534,0,0,0,0,0.0,0,"[{'offset': 0, 'projected_percent': '0.0', 'likelihood': 0}, {'offset': 1, 'projected_percent': '0.0', 'likelihood': 0}, {'offset': 2, 'projected_percent': '0.0', 'likelihood': 0}]",2026-10-01T21:16:22.650713Z,False,0,2,1.1,1.1,0,Benjamin,0.0,660,False,,,40,612534.jpg,0.0,False,Fredrick,0.0,False,,a,4,94,0,375,375,41,41,0.0,0.0,Fredrick,,157.0,2024-01-05,2005-05-28,False,p612534,0,0,0,0,0,0,0,0,0,0,0,0,0,0.0,0.0,0.0,0.0,0,0,0,0,0,0.00,0.00,0.00,0.00,,,,,,,[],,460,176,451,175,396,161,465,176,0.0,0.0,0.0,0.0,0.0,0.0,656,206,456,170,474,176,633,211,0.0,0.0,0.0
True,True,,,235448,0,0,0,0,0.0,0,"[{'offset': 0, 'projected_percent': '0.0', 'likelihood': 0}, {'offset': 1, 'projected_percent': '0.0', 'likelihood': 0}, {'offset': 2, 'projected_percent': '0.0', 'likelihood': 0}]",2026-10-01T21:16:40.866514Z,False,0,1,1.0,1.0,0,Ellery,0.0,661,False,,,40,235448.jpg,0.0,False,Balcombe,0.0,False,,a,4,94,0,2253,2253,350,350,0.0,0.0,Balcombe,,241.0,2016-11-02,1999-10-15,False,p235448,0,0,0,0,0,0,0,0,0,0,0,0,0,0.0,0.0,0.0,0.0,0,0,0,0,0,0.00,0.00,0.00,0.00,,,,,,,[],,430,40,421,21,365,16,435,40,0.0,0.0,0.0,0.0,0.0,0.0,615,64,426,39,444,40,534,62,0.0,0.0,0.0
True,True,,,489639,0,0,0,0,58.5,61,"[{'offset': 0, 'projected_percent': '58.8', 'likelihood': 3}, {'offset': 1, 'projected_percent': '59.6', 'likelihood': 3}, {'offset': 2, 'projected_percent': '60.5', 'likelihood': 3}]",,False,0,1,4.2,4.2,6,Bart,4.2,109,False,,,45,489639.jpg,4.6,False,Verbruggen,21.7,False,,a,5,36,23,746516,53041,588031,52177,0.9,5.1,Verbruggen,,152.0,2023-07-03,2002-08-18,False,p489639,450,0,0,3,5,0,0,0,0,0,12,0,107,113.8,3.0,0.0,11.7,3,34,0,0,5,0.00,0.20,0.20,8.67,,,,,,,[],,52,10,321,4,455,48,185,8,0.0,2.4,0.04,0.04,1.73,1.0,487,41,63,6,70,6,16,2,1.0,0.6,0.0
True,True,,,49262,0,0,0,0,0.2,-7,"[{'offset': 0, 'projected_percent': '0.1', 'likelihood': 1}, {'offset': 1, 'projected_percent': '0.0', 'likelihood': 0}, {'offset': 2, 'projected_percent': '-0.1', 'likelihood': -1}]",,False,0,1,0.0,0.0,0,Jason,0.0,111,False,,,40,49262.jpg,0.0,False,Steele,4.1,False,,a,5,36,0,145736,5549,116993,11238,0.0,0.0,Steele,,241.0,2018-07-01,1990-08-18,False,p49262,0,0,0,0,0,0,0,0,0,0,0,0,0,0.0,0.0,0.0,0.0,0,0,0,0,0,0.00,0.00,0.00,0.00,,,,,,,[],,412,27,400,8,344,3,416,27,0.0,0.0,0.0,0.0,0.0,0.0,589,51,406,26,426,27,81,12,0.0,0.0,0.0
True,True,100.0,100.0,231416,0,0,-1,1,-56.4,9,"[{'offset': 0, 'projected_percent': '-56.1', 'likelihood': -3}, {'offset': 1, 'projected_percent': '-55.3', 'likelihood': -3}, {'offset': 2, 'projected_percent': '-54.5', 'likelihood': -3}]",,False,0,2,3.2,3.2,5,Ferdi,3.2,113,False,,2026-08-23T13:00:07.595211Z,44,231416.jpg,3.2,False,Kadıoğlu,1.6,False,,a,5,36,13,29437,3024,132822,5279,0.7,3.0,F.Kadıoğlu,,219.0,2024-08-27,1999-10-07,False,p231416,332,0,0,2,5,0,0,0,1,0,0,0,46,31.2,58.1,32.0,12.2,9,8,1,10,4,0.12,0.13,0.25,7.55,3.0,,,,,,[],,250,105,98,23,146,41,179,64,0.03,0.0,0.04,0.07,2.05,1.36,561,144,100,39,124,52,145,58,1.08,0.54,2.71
True,True,,,204120,0,0,0,0,2.4,4,"[{'offset': 0, 'projected_percent': '2.4', 'likelihood': 1}, {'offset': 1, 'projected_percent': '2.4', 'likelihood': 1}, {'offset': 2, 'projected_percent': '2.5', 'likelihood': 1}]",,False,0,2,3.2,3.2,6,Olivier,3.2,114,False,,,45,204120.jpg,3.8,False,Boscagli,0.3,False,,a,5,36,19,15699,1482,11623,546,0.7,4.2,Boscagli,,73.0,2025-07-02,1997-11-18,False,p204120,437,0,0,3,5,0,0,0,1,0,0,0,93,77.2,115.7,21.0,21.4,25,17,4,29,5,0.07,0.53,0.60,8.45,,,,,,,[],,118,52,32,5,180,56,79,20,0.01,0.0,0.11,0.12,1.74,1.03,451,96,104,43,101,42,298,108,1.03,0.62,5.97
True,True,,,465730,0,0,4,-4,86.4,569,"[{'offset': 0, 'projected_percent': '89.0', 'likelihood': 3}, {'offset': 1, 'projected_percent': '96.9', 'likelihood': 4}, {'offset': 2, 'projected_percent': '104.7', 'likelihood': 5}]",,False,2,2,5.2,5.2,6,Maxim,5.2,115,True,,,49,465730.jpg,7.6,False,De Cuyper,27.2,False,,a,5,36,38,2643496,225157,398504,13473,1.1,7.8,De Cuyper,,21.0,2025-07-05,2000-12-22,False,p465730,423,1,3,3,5,0,0,0,2,0,0,5,132,108.4,171.8,57.0,33.8,8,18,8,16,5,1.55,0.67,2.22,8.58,2.0,,4.0,,,,[],,61,26,8,1,79,12,22,1,0.33,0.0,0.14,0.47,1.83,1.06,376,67,36,13,8,3,10,2,1.06,0.64,3.4
True,True,75.0,,83299,0,0,0,0,20.4,-74,"[{'offset': 0, 'projected_percent': '20.1', 'likelihood': 2}, {'offset': 1, 'projected_percent': '19.0', 'likelihood': 1}, {'offset': 2, 'projected_percent': '18.0', 'likelihood': 1}]",,False,1,2,3.0,4.0,0,Lewis,4.0,116,False,Neck injury - 75% chance of playing,2026-09-22T09:30:09.629652Z,45,83299.jpg,5.5,False,Dunk,1.5,False,,d,5,36,22,88742,7181,46814,5750,0.9,4.9,Dunk,,241.0,2009-07-01,1991-11-21,False,p83299,360,1,0,2,5,0,0,0,1,0,0,1,79,116.2,14.6,11.0,14.3,20,13,3,23,4,0.03,0.09,0.12,7.04,,,3.0,,,,[],,48,20,243,85,247,85,155,53,0.01,0.0,0.02,0.03,1.76,1.25,433,85,68,28,44,15,147,59,1.0,0.5,5.75
True,True,,,550090,0,0,0,0,-12.1,0,"[{'offset': 0, 'projected_percent': '-12.1', 'likelihood': -1}, {'offset': 1, 'projected_percent': '-12.1', 'likelihood': -1}, {'offset': 2, 'projected_percent': '-12.1', 'likelihood': -1}]",,False,0,2,0.0,0.0,0,Diego,0.0,117,False,,,45,550090.jpg,0.0,False,Coppola,0.0,False,,a,5,36,0,889,77,1031,68,0.0,0.0,Coppola,,,,,False,p550090,0,0,0,0,0,0,0,0,0,0,0,0,0,0.0,0.0,0.0,0.0,0,0,0,0,0,0.00,0.00,0.00,0.00,,,,,,,[],,517,198,514,197,471,190,522,198,0.0,0.0,0.0,0.0,0.0,0.0,504,125,517,195,531,198,574,195,0.0,0.0,0.0
True,True,,,451490,0,0,0,0,-5.4,-4,"[{'offset': 0, 'projected_percent': '-10.9', 'likelihood': -1}, {'offset': 1, 'projected_percent': '-27.5', 'likelihood': -2}, {'offset': 2, 'projected_percent': '-44.2', 'likelihood': -3}]",,False,0,2,0.8,0.8,1,João Pedro,0.8,119,False,,,45,451490.jpg,0.8,False,Loureiro da Costa,0.0,False,,a,5,36,4,1209,104,1429,104,0.2,0.9,Costinha,Costinha,173.0,2026-06-15,2000-03-26,False,p451490,68,0,0,0,0,0,0,0,1,0,0,0,18,16.4,20.0,18.0,5.4,6,1,1,7,0,0.12,0.30,0.42,1.02,,,,,,,[],,295,118,219,74,202,60,283,105,0.16,0.0,0.4,0.56,1.35,0.0,478,116,280,103,404,140,520,183,0.0,0.0,9.26
True,True,,,454490,0,0,0,0,0.3,3,"[{'offset': 0, 'projected_percent': '0.4', 'likelihood': 1}, {'offset': 1, 'projected_percent': '0.4', 'likelihood': 1}, {'offset': 2, 'projected_percent': '0.4', 'likelihood': 1}]",,False,0,2,0.2,0.2,1,Michael,0.2,120,False,,,50,454490.jpg,1.0,False,Svoboda,0.1,False,,a,5,36,1,4171,995,3856,334,0.0,0.2,Svoboda,,14.0,2026-07-02,1998-10-15,False,p454490,4,0,0,0,0,0,0,0,0,0,0,0,5,2.4,0.0,0.0,0.2,0,1,1,1,0,0.00,0.00,0.00,0.14,,,,,,,[],,382,141,600,210,576,207,400,144,0.0,0.0,0.0,0.0,3.15,0.0,283,46,378,135,351,135,478,169,0.0,0.0,22.5
True,True,0.0,0.0,451340,0,0,-1,1,-24.2,0,"[{'offset': 0, 'projected_percent': '-24.2', 'likelihood': -2}, {'offset': 1, 'projected_percent': '-24.2', 'likelihood': -2}, {'offset': 2, 'projected_percent': '-24.2', 'likelihood': -2}]",,False,0,3,0.0,0.0,0,Mitoma,0.0,121,False,Hamstring injury - Expected back 10 Oct,2026-07-24T18:30:10.661894Z,59,451340.jpg,0.0,False,Kaoru,0.0,False,,i,5,36,0,504,78,3062,125,0.0,0.0,Mitoma,,108.0,2021-08-09,1997-05-20,False,p451340,0,0,0,0,0,0,0,0,0,0,0,0,0,0.0,0.0,0.0,0.0,0,0,0,0,0,0.00,0.00,0.00,0.00,,,,,,,[],https://www.brightonandhovealbion.com/media-article/mft-match-preview-bha-leeds-united-pl-september-2026?utm_source=chatgpt.com,653,290,657,291,651,289,657,291,0.0,0.0,0.0,0.0,0.0,0.0,87,57,654,290,656,291,543,222,0.0,0.0,0.0
True,True,0.0,0.0,592031,-1,1,-2,2,-2.3,0,"[{'offset': 0, 'projected_percent': '-2.3', 'likelihood': -1}, {'offset': 1, 'projected_percent': '-2.3', 'likelihood': -1}, {'offset': 2, 'projected_percent': '-2.3', 'likelihood': -1}]",,False,0,3,0.0,0.0,0,Yankuba,0.0,122,False,Leg injury - Expected back 28 Nov,2026-08-14T18:00:06.418033Z,58,592031.jpg,0.0,False,Minteh,0.0,False,,i,5,36,0,321,31,6820,146,0.0,0.0,Minteh,,78.0,2024-07-01,2004-07-22,False,p592031,0,0,0,0,0,0,0,0,0,0,0,0,0,0.0,0.0,0.0,0.0,0,0,0,0,0,0.00,0.00,0.00,0.00,5.0,,,,,,[],https://www.brightonandhovealbion.com/media-article/fabian-hurzeler-reflects-on-albions-pre-season-win-over-as-roma?utm_source=premier-league-web&utm_medium=referral&utm_campaign=pl-referral-always-on&utm_term=content-card,649,288,654,289,647,287,654,289,0.0,0.0,0.0,0.0,0.0,0.0,110,70,650,288,653,289,535,215,0.0,0.0,0.0
True,True,0.0,0.0,532529,0,0,-1,1,-31.1,-16,"[{'offset': 0, 'projected_percent': '-31.6', 'likelihood': -2}, {'offset': 1, 'projected_percent': '-33.0', 'likelihood': -2}, {'offset': 2, 'projected_percent': '-34.5', 'likelihood': -2}]",,False,1,3,0.0,0.0,0,Jack,0.0,123,False,Ankle injury - Expected back 10 Oct,2026-08-27T19:30:07.780933Z,59,532529.jpg,16.0,False,Hinshelwood,0.6,False,,i,5,36,16,147783,162,214427,5201,0.0,2.7,Hinshelwood,,241.0,2022-12-30,2005-04-11,False,p532529,63,2,0,1,0,0,0,0,0,0,0,3,54,72.8,13.4,59.0,14.5,0,1,2,3,1,1.41,0.02,1.43,0.19,,,,,,,[],https://www.brightonandhovealbion.com/media-article/match-preview-albion-head-to-chelsea-on-sunday,127,42,259,135,75,46,153,80,2.01,0.0,0.03,2.04,0.27,0.0,92,59,657,292,1,1,237,74,1.43,1.43,4.29
True,True,,,60307,1,-1,3,-3,65.1,1975,"[{'offset': 0, 'projected_percent': '68.5', 'likelihood': 3}, {'offset': 1, 'projected_percent': '78.5', 'likelihood': 3}, {'offset': 2, 'projected_percent': '88.6', 'likelihood': 3}]",,False,3,3,11.2,11.2,14,Pascal,11.2,124,True,,,58,60307.jpg,9.4,False,Groß,27.5,False,,a,5,36,47,2013949,653456,537442,7659,1.9,8.1,Groß,,80.0,2026-01-02,1991-06-15,False,p60307,450,3,4,3,5,0,0,0,2,0,0,9,166,211.0,216.0,84.0,50.8,9,10,7,26,5,1.77,0.86,2.63,8.67,1.0,,1.0,,1.0,,[],,1,1,2,2,43,26,3,3,0.35,0.0,0.17,0.52,1.73,1.0,95,61,1,1,2,2,9,5,1.0,0.6,5.2
True,True,100.0,100.0,463067,-1,1,-2,2,-0.5,8,"[{'offset': 0, 'projected_percent': '-0.1', 'likelihood': -1}, {'offset': 1, 'projected_percent': '0.1', 'likelihood': 1}, {'offset': 2, 'projected_percent': '0.2', 'likelihood': 1}]",,False,0,4,0.2,0.2,1,Georginio,0.2,125,False,,2026-08-26T16:00:07.608056Z,53,463067.jpg,3.0,False,Rutter,0.5,False,,a,5,36,6,33925,1928,75670,3042,0.0,1.1,Georginio,,73.0,2024-08-19,2002-04-20,False,p463067,104,0,1,1,0,0,0,0,0,0,0,0,24,20.2,11.7,19.0,5.1,1,6,2,9,1,0.17,0.45,0.62,1.03,,,,,,,[],,285,27,268,35,194,31,289,32,0.15,0.0,0.39,0.54,0.89,0.0,226,50,383,44,145,13,257,44,0.87,0.87,7.79
True,True,,,219249,0,0,-1,1,-8.2,-2,"[{'offset': 0, 'projected_percent': '-9.4', 'likelihood': -1}, {'offset': 1, 'projected_percent': '-12.9', 'likelihood': -1}, {'offset': 2, 'projected_percent': '-16.4', 'likelihood': -1}]",,False,0,3,0.5,0.5,1,Matt,0.5,126,False,,,54,219249.jpg,1.0,False,O'Riley,0.1,False,,a,5,36,2,3459,285,6367,411,0.1,0.4,O'Riley,,58.0,2024-08-26,2000-11-21,False,p219249,10,0,0,0,0,0,0,0,0,0,0,0,6,8.2,10.5,19.0,3.8,2,1,0,3,0,0.28,0.01,0.29,0.18,,,,,3.0,,[],,337,156,274,140,195,107,313,142,2.52,0.0,0.09,2.61,1.62,0.0,182,116,340,159,377,176,419,156,0.0,0.0,27.0
True,True,,,514254,0,0,0,0,29.3,-18,"[{'offset': 0, 'projected_percent': '29.2', 'likelihood': 2}, {'offset': 1, 'projected_percent': '29.0', 'likelihood': 2}, {'offset': 2, 'projected_percent': '28.7', 'likelihood': 2}]",,False,0,3,4.5,4.5,8,Diego,4.5,127,False,,,50,514254.jpg,4.8,False,Gómez Amarilla,4.0,False,,a,5,36,24,331807,9300,293248,31617,0.9,4.8,Gomez,Diego Gómez,168.0,2025-01-01,2003-03-27,False,p514254,433,0,3,3,5,0,0,0,0,0,0,0,80,84.2,103.4,126.0,31.4,7,16,13,36,5,0.79,0.78,1.57,8.49,,,5.0,,,,[],,108,33,40,33,18,10,28,19,0.16,0.0,0.16,0.32,1.76,1.04,309,185,57,23,65,26,83,29,1.04,0.62,7.48
True,True,100.0,100.0,509416,0,0,-1,1,-46.3,5,"[{'offset': 0, 'projected_percent': '-45.7', 'likelihood': -3}, {'offset': 1, 'projected_percent': '-43.9', 'likelihood': -3}, {'offset': 2, 'projected_percent': '-42.2', 'likelihood': -3}]",,False,0,3,3.2,3.2,3,Yasin,3.2,129,False,,2026-08-30T18:00:07.935334Z,54,509416.jpg,3.8,False,Ayari,0.4,False,,a,5,36,15,11925,1684,41102,1547,0.6,2.8,Ayari,,206.0,2023-01-30,2003-10-06,False,p509416,333,1,0,3,1,0,0,0,1,0,0,0,71,56.0,48.9,68.0,16.9,4,15,2,21,4,0.70,0.18,0.88,5.64,4.0,,2.0,,,,[],,174,69,121,81,65,40,116,62,0.19,0.0,0.05,0.24,1.52,0.27,206,130,108,43,104,41,274,92,1.08,0.81,5.68
True,True,0.0,0.0,467779,0,0,-1,1,-22.8,-6,"[{'offset': 0, 'projected_percent': '-23.4', 'likelihood': -2}, {'offset': 1, 'projected_percent': '-25.0', 'likelihood': -2}, {'offset': 2, 'projected_percent': '-26.7', 'likelihood': -2}]",,False,0,2,0.0,0.0,0,Mats,0.0,130,False,Knee injury - Unknown return date,2026-09-04T09:30:08.612904Z,49,467779.jpg,3.5,False,Wieffer,0.2,False,,i,5,36,7,25939,24,42925,1493,0.0,1.4,Wieffer,,152.0,2024-07-06,1999-11-16,False,p467779,156,0,0,1,4,0,0,0,0,0,0,1,38,37.0,35.5,10.0,8.3,11,9,4,15,2,0.12,0.13,0.25,3.18,,,,,,,[],https://www.brightonandhovealbion.com/media-article/mft-match-preview-bha-leeds-united-pl-september-2026,230,91,170,50,255,87,231,84,0.07,0.0,0.08,0.15,1.83,2.31,377,68,572,205,119,48,345,130,1.15,0.58,8.65
True,True,,,556637,0,0,0,0,-72.0,0,"[{'offset': 0, 'projected_percent': '-72.0', 'likelihood': -3}, {'offset': 1, 'projected_percent': '-72.0', 'likelihood': -3}, {'offset': 2, 'projected_percent': '-72.0', 'likelihood': -3}]",,False,0,3,0.0,0.0,0,Nehemiah,0.0,134,False,,,45,556637.jpg,0.0,False,Oriola,0.2,False,,a,5,36,0,8657,253,13921,1053,0.0,0.0,Oriola,,241.0,2025-10-17,2007-06-11,False,p556637,0,0,0,0,0,0,0,0,0,0,0,0,0,0.0,0.0,0.0,0.0,0,0,0,0,0,0.00,0.00,0.00,0.00,,,,,,,[],,519,206,516,212,473,184,524,207,0.0,0.0,0.0,0.0,0.0,0.0,507,267,519,207,533,214,312,109,0.0,0.0,0.0
True,True,0.0,0.0,700308,0,0,-1,1,-93.5,-1,"[{'offset': 0, 'projected_percent': '-94.1', 'likelihood': -3}, {'offset': 1, 'projected_percent': '-95.8', 'likelihood': -4}, {'offset': 2, 'projected_percent': '-97.6', 'likelihood': -4}]",,False,0,3,0.0,0.0,0,Zadok,0.0,135,False,Unspecified injury - Expected back 10 Oct,2026-09-10T13:00:08.617941Z,49,700308.jpg,1.0,False,Yohanna,0.0,False,,i,5,36,1,1249,6,5397,290,0.0,0.2,Yohanna,,157.0,2026-06-15,2007-06-29,False,p700308,12,0,0,0,0,0,0,0,0,0,0,0,3,0.2,1.3,0.0,0.2,0,0,0,0,0,0.00,0.03,0.03,0.00,,,,,,,[],,405,191,352,175,555,235,399,187,0.0,0.0,0.22,0.22,0.0,0.0,406,248,585,249,347,155,522,207,0.0,0.0,0.0
True,True,0.0,0.0,608181,0,0,-1,1,-3.4,0,"[{'offset': 0, 'projected_percent': '-3.4', 'likelihood': -1}, {'offset': 1, 'projected_percent': '-3.4', 'likelihood': -1}, {'offset': 2, 'projected_percent': '-3.4', 'likelihood': -1}]",,False,0,4,0.0,0.0,0,Stefanos,0.0,137,False,Knee injury - Unknown return date,2026-07-23T12:01:23.432796Z,54,608181.jpg,0.0,False,Tzimas,0.0,False,,i,5,36,0,320,23,734,36,0.0,0.0,Tzimas,,83.0,2025-02-03,2006-01-06,False,p608181,0,0,0,0,0,0,0,0,0,0,0,0,0,0.0,0.0,0.0,0.0,0,0,0,0,0,0.00,0.00,0.00,0.00,,,,,,,[],https://www.brightonandhovealbion.com/media-article/fabian-hurzeler-reflects-on-a-successful-training-camp?srsltid=AfmBOoq6Qw6fHwT9Mxn5PIGBhoGos01rwVude5hxVRG_7iMPpS-YkOIf&utm_source=chatgpt.com,635,70,638,74,625,71,640,74,0.0,0.0,0.0,0.0,0.0,0.0,214,47,636,72,640,74,625,77,0.0,0.0,0.0
True,True,,,647850,1,-1,1,-1,9.3,691,"[{'offset': 0, 'projected_percent': '10.4', 'likelihood': 1}, {'offset': 1, 'projected_percent': '13.9', 'likelihood': 1}, {'offset': 2, 'projected_percent': '17.5', 'likelihood': 1}]",,False,1,4,6.8,6.8,10,Charalampos,6.8,138,False,,,56,647850.jpg,5.6,False,Kostoulas,3.4,False,,a,5,36,28,349786,245095,42390,9880,1.2,5.0,Kostoulas,,83.0,2025-07-01,2007-05-30,False,p647850,353,2,3,2,5,0,0,0,1,0,0,3,105,95.8,39.1,127.0,26.1,5,18,4,27,4,1.35,0.06,1.41,7.67,,,,,,,[],,83,7,160,17,17,8,47,8,0.34,0.0,0.02,0.36,1.96,1.27,123,32,12,2,40,4,97,14,1.02,0.51,6.88
True,True,0.0,0.0,487117,0,0,0,0,-54.0,0,"[{'offset': 0, 'projected_percent': '-54.0', 'likelihood': -3}, {'offset': 1, 'projected_percent': '-54.0', 'likelihood': -3}, {'offset': 2, 'projected_percent': '-54.0', 'likelihood': -3}]",,False,0,4,0.0,0.0,0,Evan,0.0,139,False,Ankle injury - Expected back 10 Oct,2026-07-23T12:01:23.448357Z,50,487117.jpg,0.0,False,Ferguson,0.0,False,,i,5,36,0,1542,91,2466,197,0.0,0.0,Ferguson,,104.0,2021-08-23,2004-10-19,False,p487117,0,0,0,0,0,0,0,0,0,0,0,0,0,0.0,0.0,0.0,0.0,0,0,0,0,0,0.00,0.00,0.00,0.00,,,,,,,[],https://www.brightonandhovealbion.com/media-article/fabian-hurzeler-reflects-on-a-successful-training-camp?srsltid=AfmBOoq6Qw6fHwT9Mxn5PIGBhoGos01rwVude5hxVRG_7iMPpS-YkOIf&utm_source=chatgpt.com,600,62,606,66,582,61,606,66,0.0,0.0,0.0,0.0,0.0,0.0,294,56,602,64,609,67,545,73,0.0,0.0,0.0
True,True,75.0,100.0,222694,0,0,-1,1,-0.2,-4,"[{'offset': 0, 'projected_percent': '-0.7', 'likelihood': -1}, {'offset': 1, 'projected_percent': '-2.3', 'likelihood': -1}, {'offset': 2, 'projected_percent': '-3.8', 'likelihood': -1}]",,False,0,2,1.4,1.8,5,Pascal,1.8,328,False,Hamstring injury - 75% chance of playing,2026-09-22T10:00:09.404233Z,49,222694.jpg,2.3,False,Struijk,0.2,False,,d,5,36,7,5646,617,11654,403,0.4,1.4,Struijk,,152.0,2026-06-30,1999-08-11,False,p222694,98,0,0,1,0,0,0,0,1,0,0,0,31,32.2,1.5,7.0,4.0,9,6,1,10,1,0.16,0.01,0.17,1.70,,,,,,,[],,247,102,344,123,279,98,306,115,0.15,0.0,0.01,0.16,1.56,0.0,359,62,210,77,201,80,346,131,0.92,0.92,9.18
True,True,,,610799,0,0,0,0,48.0,104,"[{'offset': 0, 'projected_percent': '48.4', 'likelihood': 3}, {'offset': 1, 'projected_percent': '49.9', 'likelihood': 3}, {'offset': 2, 'projected_percent': '51.3', 'likelihood': 3}]",,False,1,2,6.5,6.5,8,Luka,6.5,504,False,,,50,610799.jpg,6.4,False,Vušković,3.5,False,,a,5,36,32,243976,40876,133205,8393,1.3,6.4,Vuskovic,,97.0,2026-07-14,2007-02-24,False,p610799,437,1,0,3,5,0,0,0,0,0,0,2,98,128.2,18.0,72.0,21.8,37,17,6,43,5,0.46,0.07,0.53,8.45,,,,,,,[],,34,14,223,76,58,6,75,17,0.09,0.0,0.01,0.1,1.74,1.03,329,56,15,5,17,7,94,36,1.03,0.62,8.86
True,True,,,538007,-1,1,-1,1,0.4,3,"[{'offset': 0, 'projected_percent': '0.4', 'likelihood': 1}, {'offset': 1, 'projected_percent': '0.4', 'likelihood': 1}, {'offset': 2, 'projected_percent': '0.5', 'likelihood': 1}]",,False,0,4,0.2,0.2,0,Promise,0.2,594,False,,,59,538007.jpg,0.5,False,David,0.2,False,,a,5,36,1,14159,2297,21936,1663,0.0,0.2,David,,39.0,2026-08-18,2001-07-03,False,p538007,23,0,0,0,0,0,0,0,1,0,0,0,-4,0.0,3.7,4.0,0.4,0,0,0,0,0,0.42,0.00,0.42,0.14,,,,,2.0,,[],,656,75,319,41,313,40,391,45,1.64,0.0,0.0,1.64,0.55,0.0,93,24,394,46,417,50,323,51,0.0,0.0,0.0
True,True,,,612855,0,0,0,0,-63.8,-1,"[{'offset': 0, 'projected_percent': '-67.1', 'likelihood': -3}, {'offset': 1, 'projected_percent': '-77.4', 'likelihood': -3}, {'offset': 2, 'projected_percent': '-87.6', 'likelihood': -3}]",,False,0,3,0.5,0.5,0,Ibrahim,0.5,600,False,,,50,612855.jpg,1.0,False,Osman,0.0,False,,a,5,36,3,917,86,1064,97,0.1,0.6,Osman,,81.0,2024-07-01,2004-11-29,False,p612855,40,0,0,0,1,0,0,0,0,0,0,0,15,7.2,17.8,19.0,4.2,0,3,1,4,0,0.05,0.07,0.12,0.32,,,,,,,[],,344,159,225,123,193,106,302,137,0.11,0.0,0.16,0.27,0.72,2.25,330,200,333,155,358,162,583,240,0.0,0.0,9.0
True,True,,,611695,0,0,0,0,50.3,-17,"[{'offset': 0, 'projected_percent': '50.2', 'likelihood': 3}, {'offset': 1, 'projected_percent': '49.9', 'likelihood': 3}, {'offset': 2, 'projected_percent': '49.7', 'likelihood': 3}]",,False,0,3,4.8,4.8,1,Malick,4.8,605,False,,,45,611695.jpg,4.0,False,Yalcouyé,4.0,False,,a,5,36,20,548737,19848,164833,26879,1.1,4.4,Yalcouyé,,54.0,2024-07-12,2005-11-18,False,p611695,236,2,0,1,4,0,0,0,0,0,0,1,96,109.2,70.3,111.0,29.1,6,7,6,19,3,1.46,0.45,1.91,6.57,,,,,,,[],,58,20,74,57,28,15,36,26,0.56,0.0,0.17,0.73,2.51,1.53,527,275,47,18,89,37,84,30,1.14,0.38,7.25
True,True,,,512123,0,0,0,0,-7.8,-1,"[{'offset': 0, 'projected_percent': '-9.2', 'likelihood': -1}, {'offset': 1, 'projected_percent': '-13.4', 'likelihood': -1}, {'offset': 2, 'projected_percent': '-17.6', 'likelihood': -1}]",,False,0,2,0.0,0.0,0,Jaouen,0.0,614,False,,,45,512123.jpg,0.0,False,Hadjam,0.0,False,,a,5,36,0,3929,190,1904,199,0.0,0.0,Hadjam,,3.0,2026-08-25,2003-03-26,False,p512123,0,0,0,0,0,0,0,0,0,0,0,0,0,0.0,0.0,0.0,0.0,0,0,0,0,0,0.00,0.00,0.00,0.00,,,,,,,[],,509,195,506,194,463,187,514,195,0.0,0.0,0.0,0.0,0.0,0.0,495,121,509,192,523,195,508,180,0.0,0.0,0.0
True,True,,,592984,0,0,0,0,1.0,11,"[{'offset': 0, 'projected_percent': '1.0', 'likelihood': 1}, {'offset': 1, 'projected_percent': '1.2', 'likelihood': 1}, {'offset': 2, 'projected_percent': '1.3', 'likelihood': 1}]",,False,0,3,4.0,4.0,8,José María,4.0,639,False,,,55,592984.jpg,6.0,False,Andrés Baixauli,0.0,False,,a,5,36,12,3223,1979,673,205,0.7,2.2,Andrés,Chema Andrés,200.0,2026-09-01,2005-04-25,False,p592984,109,1,1,1,0,0,0,0,0,0,0,0,37,52.2,17.9,39.0,10.9,4,8,1,13,1,0.52,0.12,0.64,1.70,,,,,,,[],,186,75,224,122,128,70,199,95,0.43,0.0,0.1,0.53,1.4,0.0,165,104,79,31,30,14,538,218,0.83,0.83,10.73
True,True,0.0,0.0,471551,0,0,0,0,-24.8,0,"[{'offset': 0, 'projected_percent': '-24.8', 'likelihood': -2}, {'offset': 1, 'projected_percent': '-24.8', 'likelihood': -2}, {'offset': 2, 'projected_percent': '-24.8', 'likelihood': -2}]",,False,0,3,0.0,0.0,0,Femi,0.0,652,False,Hamstring injury - Expected back 10 Oct,2026-09-04T11:30:08.661589Z,55,471551.jpg,0.0,False,Azeez,0.0,False,,i,5,36,0,436,13,192,35,0.0,0.0,Azeez,,157.0,2026-09-01,2001-06-05,False,p471551,0,0,0,0,0,0,0,0,0,0,0,0,0,0.0,0.0,0.0,0.0,0,0,0,0,0,0.00,0.00,0.00,0.00,,,,,,,[],https://www.brightonandhovealbion.com/media-article/mft-match-preview-manchester-united-bha-carabao-cup-september-2026,643,282,649,284,637,278,648,283,0.0,0.0,0.0,0.0,0.0,0.0,149,91,644,283,648,284,650,285,0.0,0.0,0.0
True,True,,,661016,0,0,0,0,0.0,0,"[{'offset': 0, 'projected_percent': '0.0', 'likelihood': 0}, {'offset': 1, 'projected_percent': '0.0', 'likelihood': 0}, {'offset': 2, 'projected_percent': '0.0', 'likelihood': 0}]",2026-09-26T17:44:20.289392Z,False,0,3,0.0,0.0,0,Younes,0.0,658,False,,,45,661016.jpg,0.0,False,Ibrahim,0.0,False,,a,5,36,0,1391,228,432,164,0.0,0.0,Ibrahim,,13.0,2026-08-12,2008-02-16,False,p661016,0,0,0,0,0,0,0,0,0,0,0,0,0,0.0,0.0,0.0,0.0,0,0,0,0,0,0.00,0.00,0.00,0.00,,,,,,,[],,544,220,540,226,501,199,549,221,0.0,0.0,0.0,0.0,0.0,0.0,542,285,544,221,557,228,593,246,0.0,0.0,0.0
True,True,,,98980,0,0,0,0,-4.2,-27,"[{'offset': 0, 'projected_percent': '-4.4', 'likelihood': -1}, {'offset': 1, 'projected_percent': '-5.2', 'likelihood': -1}, {'offset': 2, 'projected_percent': '-6.0', 'likelihood': -1}]",,False,0,1,2.2,2.2,2,Emiliano,2.2,28,False,,,50,98980.jpg,2.2,False,Martínez Romero,4.8,False,,a,6,8,9,243021,5254,241810,17229,0.4,1.8,Martinez,Emiliano Martínez,10.0,2026-08-29,1992-09-02,False,p98980,360,0,0,0,10,0,0,0,0,0,18,0,61,145.0,30.0,0.0,17.5,1,37,0,0,4,0.00,0.01,0.01,7.49,,,,,,,[],,24,4,184,1,557,61,112,1,0.0,4.5,0.0,0.0,1.87,2.5,242,6,176,17,215,18,77,11,1.0,0.0,0.0
True,True,,,244850,0,0,2,-2,73.1,159,"[{'offset': 0, 'projected_percent': '73.8', 'likelihood': 3}, {'offset': 1, 'projected_percent': '76.0', 'likelihood': 3}, {'offset': 2, 'projected_percent': '78.2', 'likelihood': 3}]",,False,0,3,5.8,5.8,2,Morgan,5.8,40,False,,,77,244850.jpg,5.8,False,Rogers,40.3,False,,a,6,8,29,2434894,105471,645073,53386,0.8,3.8,Rogers,,241.0,2026-07-21,2002-07-26,False,p244850,437,3,1,0,12,0,0,0,1,0,0,2,135,159.0,140.1,140.0,43.9,3,23,5,31,5,1.72,1.23,2.95,8.73,3.0,,,,,,[],,9,6,21,20,15,8,9,8,0.35,0.0,0.25,0.6,1.8,2.47,15,10,26,11,37,18,5,1,1.03,0.0,6.38
True,True,100.0,50.0,56979,0,0,-1,1,0.0,0,"[{'offset': 0, 'projected_percent': '0.0', 'likelihood': 0}, {'offset': 1, 'projected_percent': '0.0', 'likelihood': 0}, {'offset': 2, 'projected_percent': '0.0', 'likelihood': 0}]",2026-09-25T13:30:09.904003Z,False,0,3,0.4,0.2,2,Jordan,0.4,101,False,,2026-08-09T09:30:07.136250Z,49,56979.jpg,2.0,False,Henderson,0.0,False,,a,6,8,2,988,375,2578,104,0.1,0.4,Henderson,Jordan Henderson,241.0,2026-08-03,1990-06-17,False,p56979,90,0,0,0,3,0,0,0,0,0,0,0,16,16.6,10.4,0.0,2.7,2,7,1,10,1,0.00,0.08,0.08,2.65,,,,,,,[],,294,125,277,141,515,207,329,154,0.0,0.0,0.08,0.08,2.65,3.0,338,204,348,165,226,99,540,219,1.0,0.0,10.0
True,True,100.0,100.0,50175,0,0,-1,1,6.3,-7,"[{'offset': 0, 'projected_percent': '6.2', 'likelihood': 1}, {'offset': 1, 'projected_percent': '6.1', 'likelihood': 1}, {'offset': 2, 'projected_percent': '6.1', 'likelihood': 1}]",,False,0,4,0.8,0.8,2,Danny,0.8,136,False,,2026-08-20T14:00:07.949090Z,59,50175.jpg,1.3,False,Welbeck,1.0,False,,a,6,8,4,59403,5467,81049,7145,0.1,0.7,Welbeck,,241.0,2026-08-01,1990-11-26,False,p50175,85,0,0,0,1,0,0,0,0,0,0,0,15,14.4,32.7,14.0,6.1,2,2,1,5,1,0.00,0.14,0.14,1.99,,,,,,,[],,300,30,177,19,228,34,269,30,0.0,0.0,0.15,0.15,2.11,1.06,78,20,295,32,287,34,179,28,1.06,0.0,5.29
True,True,75.0,75.0,225796,0,0,-1,1,-79.7,-196,"[{'offset': 0, 'projected_percent': '-80.5', 'likelihood': -3}, {'offset': 1, 'projected_percent': '-83.1', 'likelihood': -3}, {'offset': 2, 'projected_percent': '-85.6', 'likelihood': -3}]",,False,0,2,0.4,0.4,0,Reece,0.6,142,False,Hamstring injury - 75% chance of playing,2026-09-18T10:30:09.719371Z,54,225796.jpg,0.8,False,James,6.0,False,,d,6,8,3,168654,449,585087,62398,0.1,0.6,James,,241.0,2019-05-15,1999-12-08,False,p225796,292,0,0,0,7,0,0,0,1,0,0,0,24,56.2,42.6,49.0,14.8,11,15,2,13,3,0.33,0.26,0.59,4.90,1.0,,1.0,,,,[],https://www.chelseafc.com/en/news/article/xabi-alonso-on-competitive-monster-jordan-henderson-and-chelsea-absentees,172,73,146,39,98,21,147,51,0.1,0.0,0.08,0.18,1.51,2.16,183,20,309,111,408,142,65,27,0.92,0.0,4.01
True,True,,,482609,-1,1,-1,1,-0.8,-13,"[{'offset': 0, 'projected_percent': '-1.1', 'likelihood': -1}, {'offset': 1, 'projected_percent': '-2.3', 'likelihood': -1}, {'offset': 2, 'projected_percent': '-3.4', 'likelihood': -1}]",,False,0,2,0.8,0.8,0,Malo,0.8,144,False,,,49,482609.jpg,1.0,False,Gusto,1.0,False,,a,6,8,4,36656,1329,66175,5695,0.2,0.8,Gusto,,73.0,2023-01-28,2003-05-19,False,p482609,272,0,0,0,7,0,0,0,0,0,0,0,12,32.0,37.2,13.0,8.2,11,13,4,15,3,0.08,0.12,0.20,3.50,,,,,,,[],,248,103,164,45,233,79,233,86,0.03,0.0,0.04,0.07,1.16,2.32,381,70,283,105,337,131,183,70,0.99,0.0,4.96
True,True,100.0,100.0,444463,0,0,0,0,4.1,4,"[{'offset': 0, 'projected_percent': '4.1', 'likelihood': 1}, {'offset': 1, 'projected_percent': '4.1', 'likelihood': 1}, {'offset': 2, 'projected_percent': '4.2', 'likelihood': 1}]",,False,0,2,1.6,1.6,4,Wesley,1.6,145,False,,2026-07-23T12:01:23.464591Z,50,444463.jpg,2.0,False,Fofana,0.2,False,,a,6,8,8,17807,1701,7841,900,0.3,1.6,Fofana,Wesley Fofana,73.0,2022-08-31,2000-12-17,False,p444463,312,0,0,0,7,0,0,0,1,0,0,0,35,100.4,29.2,4.0,13.4,40,11,7,47,4,0.00,0.08,0.08,5.65,,,,,,,[],,78,35,189,60,308,112,165,58,0.0,0.0,0.02,0.02,1.63,2.02,280,45,226,81,233,89,333,125,1.15,0.0,13.56
True,True,,,551210,0,0,0,0,12.1,-11,"[{'offset': 0, 'projected_percent': '12.0', 'likelihood': 1}, {'offset': 1, 'projected_percent': '11.9', 'likelihood': 1}, {'offset': 2, 'projected_percent': '11.7', 'likelihood': 1}]",,False,0,2,1.6,1.6,0,Jorrel,1.6,148,False,,,45,551210.jpg,2.0,False,Hato,0.8,False,,a,6,8,8,90979,584,58432,6105,0.4,1.8,Hato,,152.0,2025-08-03,2006-03-07,False,p551210,258,0,2,0,9,0,0,0,0,0,0,0,14,77.0,47.1,15.0,14.0,11,9,7,18,4,0.01,0.21,0.22,4.81,,,,,,,[],,119,53,131,36,218,70,158,55,0.0,0.0,0.07,0.07,1.68,3.14,505,126,224,80,225,86,199,77,1.4,0.0,6.28
True,True,,,460028,-1,1,-2,2,-7.2,-17,"[{'offset': 0, 'projected_percent': '-7.8', 'likelihood': -1}, {'offset': 1, 'projected_percent': '-9.3', 'likelihood': -1}, {'offset': 2, 'projected_percent': '-10.9', 'likelihood': -1}]",,False,0,2,0.6,0.6,1,Levi,0.6,149,False,,,48,460028.jpg,0.8,False,Samuels Colwill,0.9,False,,a,6,8,3,26432,776,97254,4229,0.1,0.6,Colwill,,241.0,2022-07-01,2003-02-26,False,p460028,341,0,0,0,9,0,0,0,1,0,0,0,17,61.6,16.6,13.0,9.2,23,15,3,26,4,0.01,0.05,0.06,6.67,,,,,,,[],,161,68,231,79,232,78,220,79,0.0,0.0,0.01,0.01,1.76,2.38,415,76,303,109,405,141,195,73,1.06,0.0,6.86
True,True,,,577016,0,0,0,0,-6.1,-4,"[{'offset': 0, 'projected_percent': '-6.5', 'likelihood': -1}, {'offset': 1, 'projected_percent': '-8.0', 'likelihood': -1}, {'offset': 2, 'projected_percent': '-9.5', 'likelihood': -1}]",,False,0,2,1.0,1.0,0,Josh,1.0,151,False,,,45,577016.jpg,1.2,False,Acheampong,0.3,False,,a,6,8,5,21022,310,22038,1479,0.2,1.1,Acheampong,,241.0,2024-03-10,2006-05-05,False,p577016,221,0,0,0,7,0,0,0,0,0,0,0,5,43.0,5.5,6.0,5.4,13,7,7,20,2,0.00,0.03,0.03,4.72,,,,,,,[],,207,83,298,108,285,102,284,106,0.0,0.0,0.01,0.01,1.92,2.85,515,129,259,94,290,101,279,101,0.81,0.0,8.14
True,True,50.0,50.0,620109,0,0,-2,2,-0.0,0,"[{'offset': 0, 'projected_percent': '-0.0', 'likelihood': 0}, {'offset': 1, 'projected_percent': '-0.0', 'likelihood': 0}, {'offset': 2, 'projected_percent': '-0.0', 'likelihood': 0}]",2026-09-25T13:30:10.008957Z,False,0,2,0.0,0.0,0,Marco,0.0,152,False,Thigh injury - 50% chance of playing,2026-08-24T18:30:07.421239Z,53,620109.jpg,0.0,False,Palestra,0.6,False,,d,6,8,0,6603,143,219476,2935,0.0,0.0,Palestra,,106.0,2026-07-01,2005-03-03,False,p620109,0,0,0,0,0,0,0,0,0,0,0,0,0,0.0,0.0,0.0,0.0,0,0,0,0,0,0.00,0.00,0.00,0.00,,,,,,,[],https://www.chelseafc.com/en/news/article/xabi-alonso-on-competitive-monster-jordan-henderson-and-chelsea-absentees,627,215,630,215,615,213,632,215,0.0,0.0,0.0,0.0,0.0,0.0,237,34,627,213,633,214,231,88,0.0,0.0,0.0
True,True,75.0,100.0,244851,0,0,2,-2,0.4,-764,"[{'offset': 0, 'projected_percent': '-1.6', 'likelihood': -1}, {'offset': 1, 'projected_percent': '-7.3', 'likelihood': -1}, {'offset': 2, 'projected_percent': '-13.0', 'likelihood': -1}]",,False,1,3,4.2,5.6,2,Cole,5.6,154,False,Muscular injury - 75% chance of playing,2026-09-21T13:00:09.022726Z,97,244851.jpg,5.6,False,Palmer,26.3,False,,d,6,8,28,1942242,38866,603161,107855,0.6,2.9,Palmer,,241.0,2023-09-01,2002-05-06,False,p244851,442,2,2,0,12,0,0,0,1,0,0,3,148,151.0,145.3,144.0,44.1,3,19,7,29,5,1.31,0.79,2.10,8.73,,,2.0,,1.0,,[],https://www.chelseafc.com/en/news/article/chelsea-international-call-ups-and-schedules-for-september-2026,15,10,19,18,13,7,8,7,0.27,0.0,0.16,0.43,1.78,2.44,3,2,30,15,43,22,12,6,1.02,0.0,5.9
True,True,,,247632,0,0,0,0,-6.9,-9,"[{'offset': 0, 'projected_percent': '-7.2', 'likelihood': -1}, {'offset': 1, 'projected_percent': '-8.1', 'likelihood': -1}, {'offset': 2, 'projected_percent': '-9.1', 'likelihood': -1}]",,False,0,3,2.8,2.8,2,Pedro,2.8,156,False,,,65,247632.jpg,2.8,False,Lomba Neto,1.4,False,,a,6,8,14,80460,3335,89296,7645,0.4,2.2,Neto,Pedro Neto,173.0,2024-08-11,2000-03-09,False,p247632,332,1,0,0,8,0,0,0,0,0,0,0,81,82.0,92.6,108.0,28.2,8,14,6,28,4,0.68,0.58,1.26,6.64,2.0,,3.0,,,,[],,115,36,47,40,29,16,40,29,0.18,0.0,0.16,0.34,1.8,2.17,37,25,141,61,176,75,157,48,1.08,0.0,7.59
True,True,,,624773,0,0,-2,2,-28.0,4,"[{'offset': 0, 'projected_percent': '-27.8', 'likelihood': -2}, {'offset': 1, 'projected_percent': '-27.0', 'likelihood': -2}, {'offset': 2, 'projected_percent': '-26.3', 'likelihood': -2}]",,False,0,3,0.8,0.8,1,Estêvão,0.8,157,False,,,63,624773.jpg,1.0,False,Almeida de Oliveira Gonçalves,0.7,False,,a,6,8,4,17066,1152,86048,3313,0.1,0.6,Estêvão,Estêvão,30.0,2025-07-14,2007-04-24,False,p624773,23,0,0,0,1,0,0,0,0,0,0,0,17,8.6,1.6,38.0,5.0,0,1,1,2,0,0.07,0.07,0.14,1.01,4.0,,,,2.0,,[],,334,154,343,173,131,72,293,131,0.27,0.0,0.27,0.54,3.95,3.91,53,37,298,138,398,192,218,68,0.0,0.0,7.83
True,True,,,463936,-1,1,-2,2,-1.6,-1,"[{'offset': 0, 'projected_percent': '-2.8', 'likelihood': -1}, {'offset': 1, 'projected_percent': '-6.4', 'likelihood': -1}, {'offset': 2, 'projected_percent': '-10.0', 'likelihood': -1}]",,False,0,3,0.0,0.0,0,Jamie,0.0,158,False,,,58,463936.jpg,0.0,False,Bynoe-Gittens,0.0,False,,a,6,8,0,1094,115,2794,164,0.0,0.0,Gittens,,241.0,2025-07-05,2004-08-08,False,p463936,0,0,0,0,0,0,0,0,0,0,0,0,0,0.0,0.0,0.0,0.0,0,0,0,0,0,0.00,0.00,0.00,0.00,,,,,,,[],,648,287,653,288,645,285,653,288,0.0,0.0,0.0,0.0,0.0,0.0,105,68,649,287,652,288,549,226,0.0,0.0,0.0
True,True,50.0,50.0,486672,0,0,-2,2,-0.0,0,"[{'offset': 0, 'projected_percent': '-0.0', 'likelihood': 0}, {'offset': 1, 'projected_percent': '-0.0', 'likelihood': 0}, {'offset': 2, 'projected_percent': '-0.0', 'likelihood': 0}]",2026-09-25T13:30:10.038499Z,False,0,3,0.1,0.1,0,Moisés,0.2,159,False,Calf injury - 50% chance of playing,2026-08-30T16:00:08.393562Z,53,486672.jpg,1.0,False,Caicedo Corozo,1.1,False,,d,6,8,1,14937,299,279194,6802,0.0,0.2,Caicedo,Moisés Caicedo,62.0,2023-08-14,2001-11-02,False,p486672,13,0,0,0,0,0,0,0,0,0,0,0,3,0.0,0.1,0.0,0.0,0,0,0,0,0,0.00,0.00,0.00,0.07,,,,,,,[],https://www.chelseafc.com/en/news/article/xabi-alonso-on-competitive-monster-jordan-henderson-and-chelsea-absentees,625,271,393,197,611,263,630,272,0.0,0.0,0.0,0.0,0.48,0.0,229,144,385,182,366,166,172,54,0.0,0.0,0.0
True,True,,,514356,0,0,0,0,4.5,-4,"[{'offset': 0, 'projected_percent': '4.5', 'likelihood': 1}, {'offset': 1, 'projected_percent': '4.4', 'likelihood': 1}, {'offset': 2, 'projected_percent': '4.4', 'likelihood': 1}]",,False,0,3,2.2,2.2,0,Roméo,2.2,161,False,,,50,514356.jpg,2.8,False,Lavia,0.2,False,,a,6,8,11,25672,297,15112,2002,0.4,2.2,Lavia,,21.0,2023-08-18,2004-01-06,False,p514356,258,1,0,0,8,0,0,0,1,0,0,0,61,65.8,29.1,66.0,16.1,10,15,6,31,4,0.75,0.11,0.86,5.06,,,,,,,[],,144,49,191,109,66,41,121,63,0.26,0.0,0.04,0.3,1.77,2.79,310,186,178,76,168,69,324,116,1.4,0.0,10.81
True,True,100.0,100.0,593117,0,0,-2,2,-20.9,0,"[{'offset': 0, 'projected_percent': '-20.9', 'likelihood': -2}, {'offset': 1, 'projected_percent': '-20.9', 'likelihood': -2}, {'offset': 2, 'projected_percent': '-20.9', 'likelihood': -2}]",,False,0,3,0.4,0.4,1,Geovany,0.4,164,False,,2026-07-24T20:30:10.609931Z,53,593117.jpg,1.0,False,Quenda,0.0,False,,a,6,8,2,880,48,3344,124,0.1,0.4,Quenda,Geovany Quenda,173.0,2026-06-15,2007-04-30,False,p593117,27,0,0,0,2,0,0,0,0,0,0,0,5,1.6,2.1,8.0,1.2,1,0,0,1,0,0.03,0.01,0.04,1.29,,,,,,,[],,390,182,330,165,271,139,374,177,0.1,0.0,0.03,0.13,4.3,6.67,235,148,353,166,370,170,531,214,0.0,0.0,3.33
True,True,75.0,75.0,475168,-1,1,2,-2,-0.4,-913,"[{'offset': 0, 'projected_percent': '-0.6', 'likelihood': -1}, {'offset': 1, 'projected_percent': '-1.2', 'likelihood': -1}, {'offset': 2, 'projected_percent': '-1.8', 'likelihood': -1}]",,False,2,4,4.9,4.9,0,João Pedro,6.6,165,True,Knee injury - 75% chance of playing,2026-09-16T19:00:09.919929Z,77,475168.jpg,8.2,False,Junqueira de Jesus,65.9,False,,d,6,8,33,1555321,40580,1387746,315250,0.9,4.3,João Pedro,João Pedro,30.0,2025-07-02,2001-09-26,False,p475168,360,3,3,0,9,1,0,0,1,0,0,7,141,158.4,90.0,123.0,37.0,3,5,1,9,4,2.17,0.19,2.36,6.17,,,,,,,[],https://www.chelseafc.com/en/news/article/xabi-alonso-on-competitive-monster-jordan-henderson-and-chelsea-absentees,10,2,49,1,21,10,15,3,0.54,0.0,0.05,0.59,1.54,2.25,16,5,13,3,5,1,2,2,1.0,0.0,2.25
True,True,,,567119,0,0,0,0,4.0,-3,"[{'offset': 0, 'projected_percent': '3.9', 'likelihood': 1}, {'offset': 1, 'projected_percent': '3.9', 'likelihood': 1}, {'offset': 2, 'projected_percent': '3.9', 'likelihood': 1}]",,False,0,4,0.0,0.0,0,Shumaira,0.0,169,False,,,45,567119.jpg,0.0,False,Mheuka,0.5,False,,a,6,8,0,30968,3247,24383,2594,0.0,0.0,Mheuka,,,,,False,p567119,0,0,0,0,0,0,0,0,0,0,0,0,0,0.0,0.0,0.0,0.0,0,0,0,0,0,0.00,0.00,0.00,0.00,,,,,,,[],,522,52,518,56,476,51,527,56,0.0,0.0,0.0,0.0,0.0,0.0,510,73,522,54,535,57,253,42,0.0,0.0,0.0
True,True,0.0,0.0,503037,0,0,0,0,-91.8,-4,"[{'offset': 0, 'projected_percent': '-92.4', 'likelihood': -3}, {'offset': 1, 'projected_percent': '-94.3', 'likelihood': -3}, {'offset': 2, 'projected_percent': '-96.3', 'likelihood': -4}]",,False,0,4,0.0,0.0,0,Emmanuel,0.0,170,False,Hamstring injury - Expected back 10 Oct,2026-09-09T15:00:09.063849Z,50,503037.jpg,0.0,False,Emegha,0.1,False,,i,6,8,0,6054,54,12317,810,0.0,0.0,Emegha,,152.0,2026-06-15,2003-02-03,False,p503037,0,0,0,0,0,0,0,0,0,0,0,0,0,0.0,0.0,0.0,0.0,0,0,0,0,0,0.00,0.00,0.00,0.00,,,,,,,[],https://www.chelseafc.com/en/news/article/xabi-alonso-confirms-chelsea-team-news-for-hull-city,609,64,615,68,591,63,615,68,0.0,0.0,0.0,0.0,0.0,0.0,307,58,611,66,618,69,404,60,0.0,0.0,0.0
True,True,,,437499,-1,1,-1,1,-5.6,-57,"[{'offset': 0, 'projected_percent': '-5.8', 'likelihood': -1}, {'offset': 1, 'projected_percent': '-6.5', 'likelihood': -1}, {'offset': 2, 'projected_percent': '-7.2', 'likelihood': -1}]",,False,0,2,2.6,2.6,3,Maxence,2.6,200,False,,,59,437499.jpg,2.6,False,Lacroix,6.8,False,,a,6,8,13,171989,5335,418225,22649,0.4,2.2,Lacroix,,73.0,2026-07-30,2000-04-06,False,p437499,364,0,1,0,10,0,0,0,1,0,0,0,28,116.2,13.9,14.0,14.4,37,8,10,47,4,0.15,0.22,0.37,7.93,,,,,,,[],,49,21,251,91,229,75,154,52,0.04,0.0,0.05,0.09,1.96,2.47,85,7,147,56,186,72,57,22,0.99,0.0,11.62
True,True,,,549939,0,0,-1,1,0.0,2,"[{'offset': 0, 'projected_percent': '0.0', 'likelihood': 0}, {'offset': 1, 'projected_percent': '0.0', 'likelihood': 0}, {'offset': 2, 'projected_percent': '0.1', 'likelihood': 1}]",,False,0,1,0.0,0.0,0,Mike,0.0,560,False,,,44,549939.jpg,0.0,False,Penders,0.1,False,,a,6,8,0,1960,185,3545,225,0.0,0.0,Penders,,21.0,2024-08-27,2005-07-31,False,p549939,0,0,0,0,0,0,0,0,0,0,0,0,0,0.0,0.0,0.0,0.0,0,0,0,0,0,0.00,0.00,0.00,0.00,,,,,,,[],,475,51,467,33,417,28,480,51,0.0,0.0,0.0,0.0,0.0,0.0,574,47,473,50,489,51,474,55,0.0,0.0,0.0
True,True,100.0,100.0,622758,0,0,0,0,-2.8,0,"[{'offset': 0, 'projected_percent': '-2.8', 'likelihood': -1}, {'offset': 1, 'projected_percent': '-2.8', 'likelihood': -1}, {'offset': 2, 'projected_percent': '-2.8', 'likelihood': -1}]",,False,0,2,0.0,0.0,0,Aaron,0.0,561,False,,2026-08-23T19:00:08.536705Z,45,622758.jpg,0.0,False,Anselmino,0.0,False,,a,6,8,0,804,47,1234,86,0.0,0.0,Anselmino,,10.0,2024-08-08,2005-04-29,False,p622758,0,0,0,0,0,0,0,0,0,0,0,0,0,0.0,0.0,0.0,0.0,0,0,0,0,0,0.00,0.00,0.00,0.00,,,,,,,[],,537,201,533,200,493,195,542,201,0.0,0.0,0.0,0.0,0.0,0.0,533,134,537,198,550,201,572,193,0.0,0.0,0.0
True,True,,,543158,0,0,-1,1,-12.1,-4,"[{'offset': 0, 'projected_percent': '-13.7', 'likelihood': -1}, {'offset': 1, 'projected_percent': '-18.4', 'likelihood': -1}, {'offset': 2, 'projected_percent': '-23.2', 'likelihood': -2}]",,False,0,3,0.6,0.6,2,Valentín,0.6,568,False,,,54,543158.jpg,1.0,False,Barco,0.1,False,,a,6,8,3,3091,168,6910,343,0.1,0.6,Barco,,10.0,2026-08-02,2004-07-23,False,p543158,115,0,0,0,3,0,0,0,1,0,0,0,29,12.8,7.2,11.0,3.0,4,5,3,12,1,0.07,0.11,0.18,2.83,,,,,,,[],,307,135,287,143,250,130,321,148,0.05,0.0,0.09,0.14,2.21,2.35,208,132,311,144,383,180,385,142,0.78,0.0,9.39
True,True,,,498444,0,0,-1,1,-46.7,2,"[{'offset': 0, 'projected_percent': '-46.0', 'likelihood': -3}, {'offset': 1, 'projected_percent': '-43.7', 'likelihood': -3}, {'offset': 2, 'projected_percent': '-41.5', 'likelihood': -3}]",,False,0,2,1.0,1.0,1,Pep,1.0,583,False,,,49,498444.jpg,1.0,False,Chavarría,0.1,False,,a,6,8,5,3271,311,11009,403,0.2,1.0,Chavarria,,200.0,2026-08-12,1998-04-10,False,p498444,208,0,0,0,4,0,0,0,0,0,0,0,17,30.8,31.4,12.0,7.5,11,7,5,16,1,0.04,0.07,0.11,4.10,,,,,,,[],,252,106,182,56,237,80,242,92,0.02,0.0,0.03,0.05,1.77,1.73,385,71,262,96,339,132,366,141,0.43,0.0,6.92
True,True,,,636846,0,0,0,0,0.0,0,"[{'offset': 0, 'projected_percent': '0.0', 'likelihood': 0}, {'offset': 1, 'projected_percent': '0.0', 'likelihood': 0}, {'offset': 2, 'projected_percent': '0.0', 'likelihood': 0}]",2026-10-01T21:17:24.996715Z,False,0,3,1.1,1.1,1,Mahdi,1.0,662,False,,,45,636846.jpg,1.0,False,Nicoll-Jazuli,0.0,False,,a,6,8,1,264,264,47,47,0.2,0.2,Nicoll-Jazuli,,241.0,2026-07-01,2010-01-06,False,p636846,3,0,0,0,1,0,0,0,0,0,0,0,5,4.6,1.7,0.0,0.6,0,0,2,2,0,0.00,0.00,0.00,0.43,,,,,,,[],,364,170,340,171,498,196,387,181,0.0,0.0,0.0,0.0,12.9,30.0,538,282,261,118,325,140,641,277,0.0,0.0,60.0
True,True,,,231065,0,0,0,0,-73.4,0,"[{'offset': 0, 'projected_percent': '-73.4', 'likelihood': -3}, {'offset': 1, 'projected_percent': '-73.4', 'likelihood': -3}, {'offset': 2, 'projected_percent': '-73.4', 'likelihood': -3}]",,False,0,2,3.5,3.5,8,Ethan,3.5,91,False,,,45,231065.jpg,3.5,False,Pinnock,0.1,False,,a,7,9,14,2442,273,3936,165,0.8,3.1,Pinnock,,107.0,2026-08-26,1993-05-29,False,p231065,282,0,0,1,7,0,0,0,1,0,0,0,15,90.8,1.7,10.0,10.3,41,4,3,44,3,0.12,0.00,0.12,6.57,,,,,,,[],,94,43,339,122,254,86,204,72,0.04,0.0,0.0,0.04,2.1,2.23,460,102,89,35,117,47,468,167,0.96,0.32,14.04
True,True,100.0,100.0,428580,0,0,-1,1,-28.3,0,"[{'offset': 0, 'projected_percent': '-28.3', 'likelihood': -2}, {'offset': 1, 'projected_percent': '-28.3', 'likelihood': -2}, {'offset': 2, 'projected_percent': '-28.3', 'likelihood': -2}]",,False,0,3,1.8,1.8,3,Frank,1.8,104,False,,2026-09-15T09:00:07.851220Z,49,428580.jpg,2.2,False,Onyeka,0.1,False,,a,7,9,9,3939,129,9455,328,0.4,1.8,Onyeka,,157.0,2026-07-01,1998-01-01,False,p428580,314,0,0,1,7,0,0,0,0,0,0,0,34,19.4,4.7,21.0,4.5,9,14,5,28,4,0.03,0.02,0.05,6.31,,,,,,,[],,286,122,308,158,182,97,300,135,0.01,0.0,0.01,0.02,1.81,2.01,367,221,211,95,211,92,417,155,1.15,0.29,8.03
True,True,,,472739,0,0,0,0,-54.0,4,"[{'offset': 0, 'projected_percent': '-53.7', 'likelihood': -3}, {'offset': 1, 'projected_percent': '-53.0', 'likelihood': -3}, {'offset': 2, 'projected_percent': '-52.2', 'likelihood': -3}]",,False,1,1,3.8,3.8,11,Carl,3.8,110,False,,,45,472739.jpg,3.2,False,Rushworth,0.8,False,,a,7,9,16,22997,1850,57578,4414,0.8,3.6,Rushworth,,241.0,2026-08-04,2001-07-02,False,p472739,450,0,1,1,10,0,0,0,0,0,9,2,56,90.6,10.0,0.0,10.1,4,50,0,0,5,0.00,0.02,0.02,8.63,,,,,,,[],,95,18,281,2,453,46,208,15,0.0,1.8,0.0,0.0,1.73,2.0,484,39,82,10,127,13,204,30,1.0,0.2,0.0
True,True,,,110690,0,0,-1,1,-4.4,0,"[{'offset': 0, 'projected_percent': '-4.4', 'likelihood': -1}, {'offset': 1, 'projected_percent': '-4.4', 'likelihood': -1}, {'offset': 2, 'projected_percent': '-4.4', 'likelihood': -1}]",,False,0,1,0.0,0.0,0,Ben,0.0,172,False,,,44,110690.jpg,0.0,False,Wilson,0.4,False,,a,7,9,0,1329,159,12174,477,0.0,0.0,Wilson,,241.0,2019-07-01,1992-08-09,False,p110690,0,0,0,0,0,0,0,0,0,0,0,0,0,0.0,0.0,0.0,0.0,0,0,0,0,0,0.00,0.00,0.00,0.00,,,,,,,[],,466,50,458,32,407,27,471,50,0.0,0.0,0.0,0.0,0.0,0.0,552,46,463,49,480,50,276,37,0.0,0.0,0.0
True,True,,,461102,0,0,0,0,15.7,6,"[{'offset': 0, 'projected_percent': '15.7', 'likelihood': 1}, {'offset': 1, 'projected_percent': '15.8', 'likelihood': 1}, {'offset': 2, 'projected_percent': '15.9', 'likelihood': 1}]",,False,0,2,5.2,5.2,9,Bobby,5.2,173,False,,,40,461102.jpg,4.8,False,Thomas,8.6,False,,a,7,9,24,355519,18085,274629,21605,1.3,6.0,Thomas,,241.0,2023-07-22,2001-01-30,False,p461102,437,0,0,2,9,0,0,0,0,0,0,3,78,94.8,33.7,56.0,18.4,49,16,3,52,5,0.49,0.30,0.79,8.09,,,,,,,[],,85,37,173,53,81,13,104,34,0.1,0.0,0.06,0.16,1.67,1.85,625,181,33,10,62,27,45,16,1.03,0.41,10.71
True,True,75.0,,451284,0,0,0,0,-41.7,-108,"[{'offset': 0, 'projected_percent': '-42.0', 'likelihood': -3}, {'offset': 1, 'projected_percent': '-42.9', 'likelihood': -3}, {'offset': 2, 'projected_percent': '-43.8', 'likelihood': -3}]",,False,0,2,0.9,1.2,0,Milan,1.2,175,False,Hamstring injury - 75% chance of playing,2026-09-19T16:00:09.486751Z,40,451284.jpg,1.5,False,van Ewijk,8.9,False,,d,7,9,6,122901,996,483852,59178,0.3,1.5,van Ewijk,,152.0,2023-07-27,2000-09-08,False,p451284,360,0,0,0,10,0,0,0,1,0,0,0,7,61.6,52.7,14.0,12.8,21,13,6,27,4,0.00,0.30,0.30,7.53,,,,,,,[],,160,67,108,28,224,72,171,60,0.0,0.0,0.08,0.08,1.88,2.5,623,179,247,88,269,95,42,13,1.0,0.0,6.75
True,True,,,173878,0,0,0,0,-36.9,7,"[{'offset': 0, 'projected_percent': '-36.4', 'likelihood': -2}, {'offset': 1, 'projected_percent': '-35.0', 'likelihood': -2}, {'offset': 2, 'projected_percent': '-33.6', 'likelihood': -2}]",,False,1,2,4.8,4.8,15,Jay,4.8,176,False,,,40,173878.jpg,4.0,False,Dasilva,0.7,False,,a,7,9,20,13566,4283,22050,1084,1.2,5.0,Dasilva,,244.0,2023-07-01,1998-04-22,False,p173878,444,1,0,1,10,0,0,0,0,0,0,3,54,110.6,67.7,35.0,21.5,19,14,4,23,5,0.50,0.52,1.02,8.63,,,,,,,[],,57,24,82,16,138,38,77,18,0.1,0.0,0.11,0.21,1.75,2.03,604,166,46,20,85,36,213,83,1.01,0.2,4.66
True,True,0.0,0.0,465390,-1,1,-1,1,0.1,0,"[{'offset': 0, 'projected_percent': '0.1', 'likelihood': 1}, {'offset': 1, 'projected_percent': '0.1', 'likelihood': 1}, {'offset': 2, 'projected_percent': '0.1', 'likelihood': 1}]",,False,0,2,0.0,0.0,0,Kaine,0.0,177,False,Hamstring injury - Unknown return date,2026-08-27T14:56:28.704361Z,39,465390.jpg,0.0,False,Kesler-Hayden,0.0,False,,i,7,9,0,1329,730,3524,299,0.0,0.0,Kesler-Hayden,,241.0,2025-07-01,2002-10-23,False,p465390,0,0,0,0,0,0,0,0,0,0,0,0,0,0.0,0.0,0.0,0.0,0,0,0,0,0,0.00,0.00,0.00,0.00,,,,,,,[],,408,149,396,145,340,130,412,148,0.0,0.0,0.0,0.0,0.0,0.0,666,216,402,141,422,149,503,177,0.0,0.0,0.0
True,True,,,80178,0,0,0,0,-26.4,0,"[{'offset': 0, 'projected_percent': '-26.4', 'likelihood': -2}, {'offset': 1, 'projected_percent': '-26.4', 'likelihood': -2}, {'offset': 2, 'projected_percent': '-26.4', 'likelihood': -2}]",,False,0,2,0.0,0.0,0,Jake,0.0,178,False,,,40,80178.jpg,0.0,False,Bidwell,0.1,False,,a,7,9,0,2447,140,3449,218,0.0,0.0,Bidwell,,241.0,2022-01-17,1993-03-21,False,p80178,0,0,0,0,0,0,0,0,0,0,0,0,0,0.0,0.0,0.0,0.0,0,0,0,0,0,0.00,0.00,0.00,0.00,,,,,,,[],,416,151,404,147,348,132,420,150,0.0,0.0,0.0,0.0,0.0,0.0,593,162,410,143,430,151,443,161,0.0,0.0,0.0
True,True,,,204813,0,0,0,0,-69.4,-1,"[{'offset': 0, 'projected_percent': '-70.9', 'likelihood': -3}, {'offset': 1, 'projected_percent': '-75.7', 'likelihood': -3}, {'offset': 2, 'projected_percent': '-80.5', 'likelihood': -3}]",,False,0,2,0.2,0.2,1,Joel,0.2,179,False,,,40,204813.jpg,1.0,False,Latibeaudiere,0.0,False,,a,7,9,1,966,55,1705,102,0.0,0.2,Latibeaudiere,,107.0,2023-07-18,2000-01-06,False,p204813,1,0,0,0,0,0,0,0,0,0,0,0,3,7.0,0.0,0.0,0.7,2,0,0,2,0,0.00,0.00,0.00,0.02,,,,,,,[],,347,127,415,151,359,136,382,136,0.0,0.0,0.0,0.0,1.8,0.0,606,168,359,126,300,107,518,182,0.0,0.0,180.0
True,True,0.0,0.0,220583,0,0,0,0,-87.8,0,"[{'offset': 0, 'projected_percent': '-87.8', 'likelihood': -3}, {'offset': 1, 'projected_percent': '-87.8', 'likelihood': -3}, {'offset': 2, 'projected_percent': '-87.8', 'likelihood': -3}]",,False,0,2,0.0,0.0,0,Luke,0.0,180,False,Knee injury - Unknown return date,2026-08-27T14:56:28.718566Z,40,220583.jpg,0.0,False,Woolfenden,0.1,False,,i,7,9,0,2250,15,8902,393,0.0,0.0,Woolfenden,,241.0,2025-09-01,1998-10-21,False,p220583,0,0,0,0,0,0,0,0,0,0,0,0,0,0.0,0.0,0.0,0.0,0,0,0,0,0,0.00,0.00,0.00,0.00,,,,,,,[],,427,154,418,153,362,138,432,154,0.0,0.0,0.0,0.0,0.0,0.0,611,172,423,148,441,154,400,149,0.0,0.0,0.0
True,True,0.0,25.0,539142,0,0,0,0,-44.7,-15,"[{'offset': 0, 'projected_percent': '-45.1', 'likelihood': -3}, {'offset': 1, 'projected_percent': '-46.4', 'likelihood': -3}, {'offset': 2, 'projected_percent': '-47.7', 'likelihood': -3}]",,False,0,2,0.0,0.2,0,Aurèle,0.8,182,False,Calf injury - Unknown return date,2026-09-17T07:30:09.329041Z,40,539142.jpg,1.0,False,Amenda,0.6,False,,i,7,9,4,11467,22,32073,5171,0.2,1.0,Amenda,,207.0,2026-07-16,2003-07-31,False,p539142,360,0,0,0,10,0,0,0,1,0,0,0,-3,62.8,14.5,15.0,9.4,23,11,1,24,4,0.02,0.39,0.41,7.53,,,,,,,[],,154,66,246,87,215,67,218,78,0.0,0.0,0.1,0.1,1.88,2.5,638,189,276,99,302,109,229,87,1.0,0.0,6.0
True,True,100.0,100.0,480457,0,0,-1,1,0.0,2,"[{'offset': 0, 'projected_percent': '0.1', 'likelihood': 1}, {'offset': 1, 'projected_percent': '0.1', 'likelihood': 1}, {'offset': 2, 'projected_percent': '0.1', 'likelihood': 1}]",,False,0,3,3.0,3.0,5,Jack,3.0,183,False,,2026-07-23T12:01:23.481435Z,49,480457.jpg,2.6,False,Rudoni,0.1,False,,a,7,9,13,4099,629,7879,490,0.6,2.7,Rudoni,,241.0,2024-06-20,2001-06-14,False,p480457,297,0,0,2,4,0,0,0,0,0,0,0,51,51.2,140.8,80.0,27.2,9,21,4,34,4,0.92,1.11,2.03,4.49,5.0,,1.0,,,,[],,192,80,20,19,47,29,44,33,0.28,0.0,0.34,0.62,1.36,1.21,379,225,117,47,179,78,412,152,1.21,0.61,10.3
True,True,,,168144,0,0,-1,1,-23.8,2,"[{'offset': 0, 'projected_percent': '-23.2', 'likelihood': -2}, {'offset': 1, 'projected_percent': '-21.4', 'likelihood': -2}, {'offset': 2, 'projected_percent': '-19.6', 'likelihood': -1}]",,False,0,3,2.2,2.2,3,Matt,2.2,184,False,,,49,168144.jpg,2.2,False,Grimes,0.1,False,,a,7,9,11,4036,139,11079,688,0.4,2.2,Grimes,,241.0,2025-01-31,1995-07-15,False,p168144,443,0,0,1,9,0,0,0,0,0,0,0,62,64.4,48.0,6.0,11.8,13,16,9,38,5,0.12,0.13,0.25,8.42,1.0,,,,3.0,,[],,149,54,125,83,286,146,183,90,0.02,0.0,0.03,0.05,1.71,1.83,346,208,174,73,208,89,391,144,1.02,0.2,7.72
True,True,,,501459,0,0,-2,2,-17.6,0,"[{'offset': 0, 'projected_percent': '-17.6', 'likelihood': -1}, {'offset': 1, 'projected_percent': '-17.6', 'likelihood': -1}, {'offset': 2, 'projected_percent': '-17.6', 'likelihood': -1}]",,False,0,3,0.2,0.2,0,Tatsuhiro,0.2,185,False,,,48,501459.jpg,1.0,False,Sakamoto,0.1,False,,a,7,9,1,991,101,5677,305,0.0,0.2,Sakamoto,,108.0,2023-07-10,1996-10-22,False,p501459,31,0,0,0,1,0,0,0,0,0,0,0,8,6.2,5.9,7.0,1.9,0,2,2,4,0,0.02,0.02,0.04,0.69,,,,,,,[],,354,164,295,148,276,142,349,165,0.06,0.0,0.06,0.12,2.0,2.9,416,254,370,171,328,142,475,185,0.0,0.0,11.61
True,True,100.0,100.0,241293,-1,1,-2,2,-0.2,0,"[{'offset': 0, 'projected_percent': '-0.2', 'likelihood': -1}, {'offset': 1, 'projected_percent': '-0.2', 'likelihood': -1}, {'offset': 2, 'projected_percent': '-0.2', 'likelihood': -1}]",,False,0,3,1.2,1.2,1,Ephron,1.2,186,False,,2026-08-19T18:00:08.310507Z,53,241293.jpg,1.2,False,Mason-Clark,0.1,False,,a,7,9,5,1096,57,5889,285,0.2,0.9,Mason-Clark,,107.0,2024-02-01,1999-08-25,False,p241293,231,0,0,0,3,0,0,0,0,0,0,0,19,15.4,51.6,52.0,11.7,6,9,0,15,4,0.51,0.12,0.63,3.16,,,,,,,[],,299,129,113,75,89,53,187,91,0.2,0.0,0.05,0.25,1.23,1.17,220,138,252,115,292,133,438,167,1.56,0.0,5.84
True,True,0.0,0.0,439668,-1,1,-2,2,-3.3,0,"[{'offset': 0, 'projected_percent': '-3.3', 'likelihood': -1}, {'offset': 1, 'projected_percent': '-3.3', 'likelihood': -1}, {'offset': 2, 'projected_percent': '-3.3', 'likelihood': -1}]",,False,0,3,0.0,0.0,0,Josh,0.0,187,False,Unspecified injury - Expected back 12 Oct,2026-09-10T18:30:08.877110Z,48,439668.jpg,0.0,False,Eccles,0.0,False,,i,7,9,0,624,11,1449,73,0.0,0.0,Eccles,,241.0,2018-07-01,2000-04-06,False,p439668,0,0,0,0,0,0,0,0,0,0,0,0,0,0.0,0.0,0.0,0.0,0,0,0,0,0,0.00,0.00,0.00,0.00,,,,,,,[],,555,227,551,233,513,206,560,228,0.0,0.0,0.0,0.0,0.0,0.0,414,253,555,228,567,235,612,259,0.0,0.0,0.0
True,True,,,226965,-1,1,-2,2,-8.0,-1,"[{'offset': 0, 'projected_percent': '-8.3', 'likelihood': -1}, {'offset': 1, 'projected_percent': '-9.3', 'likelihood': -1}, {'offset': 2, 'projected_percent': '-10.3', 'likelihood': -1}]",,False,0,3,0.5,0.5,0,Victor,0.5,188,False,,,53,226965.jpg,1.0,False,Torp,0.1,False,,a,7,9,3,789,36,7864,332,0.1,0.6,Torp,,58.0,2024-01-11,1999-07-30,False,p226965,53,0,0,0,2,0,0,0,0,0,0,0,13,7.2,20.4,0.0,2.7,1,2,0,3,0,0.00,0.12,0.12,1.22,2.0,,2.0,,2.0,,[],,345,160,218,119,608,262,331,156,0.0,0.0,0.2,0.2,2.07,3.4,218,136,334,156,362,163,415,153,0.0,0.0,5.09
True,True,,,684268,0,0,-1,1,0.6,6,"[{'offset': 0, 'projected_percent': '0.6', 'likelihood': 1}, {'offset': 1, 'projected_percent': '0.7', 'likelihood': 1}, {'offset': 2, 'projected_percent': '0.8', 'likelihood': 1}]",,False,0,3,0.0,0.0,0,George,0.0,189,False,,,44,684268.jpg,0.0,False,Shepherd,0.3,False,,a,7,9,0,9916,3196,14626,1755,0.0,0.0,Shepherd,,,,,False,p684268,0,0,0,0,0,0,0,0,0,0,0,0,0,0.0,0.0,0.0,0.0,0,0,0,0,0,0.00,0.00,0.00,0.00,,,,,,,[],,478,197,470,203,420,175,483,198,0.0,0.0,0.0,0.0,0.0,0.0,578,298,477,198,492,205,305,106,0.0,0.0,0.0
True,True,,,469272,0,0,-1,1,-72.0,0,"[{'offset': 0, 'projected_percent': '-72.0', 'likelihood': -3}, {'offset': 1, 'projected_percent': '-72.0', 'likelihood': -3}, {'offset': 2, 'projected_percent': '-72.0', 'likelihood': -3}]",,False,0,3,0.8,0.8,1,Loum,0.8,190,False,,,54,469272.jpg,1.2,False,Tchaouna,0.1,False,,a,7,9,5,3125,9,8134,257,0.1,0.9,Tchaouna,,73.0,2026-07-11,2003-09-08,False,p469272,211,0,0,0,3,0,0,0,0,0,0,0,32,25.4,50.5,46.0,12.3,6,11,1,18,2,0.23,0.18,0.41,3.23,3.0,,,,,,[],,263,109,116,78,103,58,178,88,0.1,0.0,0.08,0.18,1.38,1.28,197,123,290,134,294,134,422,159,0.85,0.0,7.68
True,True,0.0,0.0,176412,0,0,-1,1,-89.5,-5,"[{'offset': 0, 'projected_percent': '-90.8', 'likelihood': -3}, {'offset': 1, 'projected_percent': '-94.6', 'likelihood': -3}, {'offset': 2, 'projected_percent': '-98.4', 'likelihood': -4}]",,False,0,4,0.0,0.0,0,Haji,0.0,193,False,Thigh injury - Unknown return date,2026-08-14T22:00:07.214508Z,54,176412.jpg,0.0,False,Wright,0.1,False,,i,7,9,0,600,33,12316,390,0.0,0.0,Wright,,229.0,2023-08-04,1998-03-27,False,p176412,0,0,0,0,0,0,0,0,0,0,0,0,0,0.0,0.0,0.0,0.0,0,0,0,0,0,0.00,0.00,0.00,0.00,,,,,1.0,,[],https://www.ccfc.co.uk/news/2026/august/19/head-coach-frank-lampard-provides-an-update-on-haji-wright/,628,68,631,72,617,69,633,72,0.0,0.0,0.0,0.0,0.0,0.0,172,42,628,70,634,73,457,66,0.0,0.0,0.0
True,True,,,230730,0,0,0,0,2.2,24,"[{'offset': 0, 'projected_percent': '2.3', 'likelihood': 1}, {'offset': 1, 'projected_percent': '2.6', 'likelihood': 1}, {'offset': 2, 'projected_percent': '3.0', 'likelihood': 1}]",,False,0,4,1.8,1.8,4,Brandon,1.8,194,False,,,50,230730.jpg,1.8,False,Thomas-Asante,0.8,False,,a,7,9,9,56143,5518,55314,4289,0.4,1.8,Thomas-Asante,,81.0,2024-08-01,1998-12-29,False,p230730,227,0,0,1,6,0,0,0,0,0,0,0,43,29.8,4.5,49.0,8.4,12,12,3,27,2,0.34,0.06,0.39,4.98,,,,,4.0,,[],,256,24,310,40,96,23,230,23,0.13,0.0,0.02,0.15,1.97,2.38,271,53,213,21,254,30,205,33,0.79,0.4,10.7
True,True,,,218997,-1,1,-1,1,-0.1,4,"[{'offset': 0, 'projected_percent': '0.0', 'likelihood': 0}, {'offset': 1, 'projected_percent': '0.1', 'likelihood': 1}, {'offset': 2, 'projected_percent': '0.1', 'likelihood': 1}]",,False,0,4,0.5,0.5,1,Ellis,0.5,195,False,,,49,218997.jpg,1.3,False,Simms,0.6,False,,a,7,9,4,39382,878,63342,4124,0.1,0.8,Simms,,241.0,2023-07-07,2001-01-05,False,p218997,104,0,0,0,3,0,0,0,0,0,0,0,13,7.8,22.6,37.0,6.8,1,2,0,3,1,0.30,0.01,0.31,2.79,,,,,,,[],,342,34,208,22,133,24,255,26,0.26,0.0,0.01,0.27,2.41,2.6,358,65,327,36,283,33,226,37,0.87,0.0,2.6
True,True,0.0,0.0,210156,-1,1,-1,1,-9.5,-13,"[{'offset': 0, 'projected_percent': '-9.9', 'likelihood': -1}, {'offset': 1, 'projected_percent': '-10.8', 'likelihood': -1}, {'offset': 2, 'projected_percent': '-11.7', 'likelihood': -1}]",,False,0,4,0.0,0.0,0,Taiwo,0.5,492,False,Suspended until 19 Oct,2026-09-13T15:00:09.305127Z,54,210156.jpg,0.8,False,Awoniyi,0.4,False,,s,7,9,3,21323,50,63817,4022,0.1,0.6,Awoniyi,,157.0,2026-08-17,1997-08-12,False,p210156,232,0,0,0,7,0,0,0,0,1,0,0,11,13.6,46.2,78.0,13.6,3,7,1,11,3,1.30,0.04,1.34,3.55,,,,,5.0,,[],,302,31,137,14,50,16,161,19,0.5,0.0,0.02,0.52,1.38,2.72,180,43,339,40,407,48,265,46,1.16,0.0,4.27
True,True,,,661888,-1,1,-2,2,-0.6,-1,"[{'offset': 0, 'projected_percent': '-0.8', 'likelihood': -1}, {'offset': 1, 'projected_percent': '-1.5', 'likelihood': -1}, {'offset': 2, 'projected_percent': '-2.2', 'likelihood': -1}]",,False,0,3,2.0,2.0,3,Caleb,2.0,575,False,,,48,661888.jpg,1.8,False,Yirenkyi,0.1,False,,a,7,9,9,2837,185,13464,797,0.4,1.9,Yirenkyi,,81.0,2026-08-07,2006-01-15,False,p661888,265,0,0,2,5,0,0,0,1,0,0,0,36,15.4,41.6,7.0,6.0,7,13,1,21,3,0.03,0.15,0.18,4.25,,,,,,,[],,298,128,150,96,278,143,271,120,0.01,0.0,0.05,0.06,1.44,1.7,422,257,192,84,253,111,372,133,1.02,0.68,7.13
True,True,,,196100,0,0,-1,1,-73.5,-2,"[{'offset': 0, 'projected_percent': '-74.4', 'likelihood': -3}, {'offset': 1, 'projected_percent': '-77.0', 'likelihood': -3}, {'offset': 2, 'projected_percent': '-79.7', 'likelihood': -3}]",,False,0,3,0.5,0.5,0,Gustavo,0.5,584,False,,,54,196100.jpg,1.0,False,Hamer,0.1,False,,a,7,9,3,781,31,6297,290,0.1,0.6,Hamer,,152.0,2026-08-11,1997-06-24,False,p196100,32,0,0,0,1,0,0,0,0,0,0,0,6,0.6,1.8,0.0,0.3,0,2,1,3,0,0.00,0.02,0.02,0.82,4.0,,,,,,[],,401,188,338,170,619,268,397,186,0.0,0.0,0.06,0.06,2.31,2.81,175,111,338,158,375,174,429,163,0.0,0.0,8.44
True,True,,,627221,0,0,0,0,-6.0,-3,"[{'offset': 0, 'projected_percent': '-7.2', 'likelihood': -1}, {'offset': 1, 'projected_percent': '-10.8', 'likelihood': -1}, {'offset': 2, 'projected_percent': '-14.5', 'likelihood': -1}]",,False,0,4,0.2,0.2,0,Sidiki,0.2,599,False,,,50,627221.jpg,1.0,False,Cherif,0.1,False,,a,7,9,1,7301,374,7423,584,0.0,0.2,Cherif,,73.0,2026-08-19,2006-12-15,False,p627221,30,0,0,0,3,0,0,0,0,0,0,0,3,1.0,0.2,0.0,0.1,1,0,0,1,0,0.00,0.00,0.00,1.43,,,,,,,[],,398,44,388,48,603,66,406,47,0.0,0.0,0.0,0.0,4.29,9.0,332,62,381,43,359,38,414,63,0.0,0.0,3.0
True,True,,,79602,0,0,0,0,2.0,-11,"[{'offset': 0, 'projected_percent': '1.9', 'likelihood': 1}, {'offset': 1, 'projected_percent': '1.8', 'likelihood': 1}, {'offset': 2, 'projected_percent': '1.6', 'likelihood': 1}]",,False,0,1,0.0,0.0,0,Dan,0.0,623,False,,,40,79602.jpg,0.0,False,Bentley,0.6,False,,a,7,9,0,77058,6680,18243,1351,0.0,0.0,Bentley,,241.0,2026-08-21,1993-07-13,False,p79602,0,0,0,0,0,0,0,0,0,0,0,0,0,0.0,0.0,0.0,0.0,0,0,0,0,0,0.00,0.00,0.00,0.00,,,,,,,[],,415,30,403,11,347,6,419,30,0.0,0.0,0.0,0.0,0.0,0.0,592,54,409,29,429,30,228,33,0.0,0.0,0.0
True,True,,,242893,0,0,0,0,0.0,0,"[{'offset': 0, 'projected_percent': '0.0', 'likelihood': 0}, {'offset': 1, 'projected_percent': '0.0', 'likelihood': 0}, {'offset': 2, 'projected_percent': '0.0', 'likelihood': 0}]",2026-09-23T15:00:18.732507Z,False,0,3,0.0,0.0,0,Yann,0.0,655,False,,,55,242893.jpg,0.0,False,Gboho,0.0,False,,a,7,9,0,251,53,92,43,0.0,0.0,Gboho,,73.0,2026-09-01,2001-01-14,False,p242893,0,0,0,0,0,0,0,0,0,0,0,0,0,0.0,0.0,0.0,0.0,0,0,0,0,0,0.00,0.00,0.00,0.00,,,,,,,[],,641,280,647,282,634,275,646,281,0.0,0.0,0.0,0.0,0.0,0.0,138,83,642,281,646,282,655,288,0.0,0.0,0.0
True,True,,,566213,0,0,0,0,0.0,0,"[{'offset': 0, 'projected_percent': '0.0', 'likelihood': 0}, {'offset': 1, 'projected_percent': '0.0', 'likelihood': 0}, {'offset': 2, 'projected_percent': '0.0', 'likelihood': 0}]",2026-09-24T14:54:23.064516Z,False,0,2,3.0,3.0,6,Stephen,3.0,656,False,,,40,566213.jpg,6.0,False,Mfuni,0.1,False,,a,7,9,6,9645,1333,2394,593,0.8,1.5,Mfuni,,241.0,2026-08-30,2008-02-12,False,p566213,90,0,0,1,0,0,0,0,0,0,0,0,27,17.6,0.7,4.0,2.2,7,3,1,8,1,0.00,0.01,0.01,1.10,,,,,,,"[{'property': 'loan_ineligible', 'notes': 'This player will not be available to face their parent club in Gameweek 29 as part of their loan conditions.', 'gameweek': 29, 'url': None}]",,291,116,364,134,302,107,342,121,0.0,0.0,0.01,0.01,1.1,0.0,645,196,114,45,25,10,424,154,1.0,1.0,8.0
True,True,,,485337,0,0,-1,1,-21.7,2,"[{'offset': 0, 'projected_percent': '-19.1', 'likelihood': -1}, {'offset': 1, 'projected_percent': '-11.5', 'likelihood': -1}, {'offset': 2, 'projected_percent': '-3.8', 'likelihood': -1}]",,False,0,3,0.2,0.2,0,Evann,0.2,42,False,,,54,485337.jpg,1.0,False,Guessand,0.0,False,,a,8,31,2,2363,70,3566,195,0.0,0.4,Guessand,,54.0,2026-08-12,2001-07-01,False,p485337,54,0,0,0,1,0,0,0,0,0,0,0,6,5.4,2.1,7.0,1.5,1,0,1,2,0,0.03,0.03,0.06,0.34,,,,,,,"[{'property': 'loan_ineligible', 'notes': 'This player will not be available to face their parent club in Gameweek 34 as part of their loan conditions.', 'gameweek': 34, 'url': None}, {'property': 'loan_ineligible', 'notes': 'This player will not be available to face their parent club in Gameweek 14 as part of their loan conditions.', 'gameweek': 14, 'url': None}]",,357,165,331,166,281,145,363,174,0.05,0.0,0.05,0.1,0.57,1.67,199,125,390,187,380,178,514,204,0.0,0.0,3.33
True,True,0.0,0.0,220362,0,0,0,0,-51.1,-4,"[{'offset': 0, 'projected_percent': '-52.0', 'likelihood': -3}, {'offset': 1, 'projected_percent': '-54.7', 'likelihood': -3}, {'offset': 2, 'projected_percent': '-57.4', 'likelihood': -3}]",,False,0,2,0.0,0.0,0,Axel,0.2,153,False,Suspended until 25 Oct,2026-09-12T15:30:09.445078Z,45,220362.jpg,0.3,False,Disasi,0.1,False,,s,8,31,1,9421,20,10172,591,0.0,0.2,Disasi,,73.0,2026-08-26,1998-03-11,False,p220362,139,0,0,0,6,0,0,0,0,1,0,0,-6,34.8,13.4,2.0,5.0,15,11,5,20,2,0.00,0.04,0.04,3.72,,,,,,,"[{'property': 'loan_ineligible', 'notes': 'This player will not be available to face their parent club in Gameweek 13 as part of their loan conditions.', 'gameweek': 13, 'url': None}, {'property': 'loan_ineligible', 'notes': 'This player will not be available to face their parent club in Gameweek 20 as part of their loan conditions.', 'gameweek': 20, 'url': None}]",,236,95,257,94,319,119,290,109,0.0,0.0,0.03,0.03,2.41,3.88,455,99,367,133,419,146,471,168,1.29,0.0,12.95
True,True,0.0,0.0,172649,0,0,0,0,-85.4,-38,"[{'offset': 0, 'projected_percent': '-85.8', 'likelihood': -3}, {'offset': 1, 'projected_percent': '-87.3', 'likelihood': -3}, {'offset': 2, 'projected_percent': '-88.8', 'likelihood': -3}]",,False,0,1,0.0,0.0,0,Dean,0.8,198,False,Foot injury - Expected back 11 Oct,2026-09-12T14:00:09.378740Z,50,172649.jpg,1.7,False,Henderson,1.3,False,,i,8,31,5,55218,92,117275,8367,0.2,1.0,Henderson,Dean Henderson,241.0,2023-08-31,1997-03-12,False,p172649,270,0,0,0,8,0,0,0,0,0,12,0,37,96.8,0.0,0.0,9.6,6,31,0,0,3,0.00,0.00,0.00,6.47,,,,,,,[],https://www.cpfc.co.uk/news/video/sage-on-facing-leeds-international-break-plans/,82,16,588,64,563,63,214,17,0.0,4.0,0.0,0.0,2.16,2.67,252,8,288,21,261,23,158,24,1.0,0.0,0.0
True,True,,,121709,0,0,0,0,-25.3,2,"[{'offset': 0, 'projected_percent': '-24.7', 'likelihood': -2}, {'offset': 1, 'projected_percent': '-22.8', 'likelihood': -2}, {'offset': 2, 'projected_percent': '-21.0', 'likelihood': -2}]",,False,0,1,2.0,2.0,6,Walter,2.0,199,False,,,45,121709.jpg,4.0,False,Benítez,0.1,False,,a,8,31,8,3555,463,4640,223,0.4,1.8,Benitez,,10.0,2025-07-01,1993-01-19,False,p121709,180,0,0,1,3,0,0,0,0,0,5,0,29,37.4,0.0,0.0,3.8,2,11,0,0,2,0.00,0.00,0.00,2.99,,,,,,,[],,228,21,477,40,427,35,311,21,0.0,2.5,0.0,0.0,1.5,1.5,437,28,190,18,86,7,396,46,1.0,0.5,0.0
True,True,,,427623,0,0,0,0,-93.7,2,"[{'offset': 0, 'projected_percent': '-93.5', 'likelihood': -3}, {'offset': 1, 'projected_percent': '-93.0', 'likelihood': -3}, {'offset': 2, 'projected_percent': '-92.4', 'likelihood': -3}]",,False,0,2,2.8,2.8,8,Chris,2.8,202,False,,,50,427623.jpg,2.8,False,Richards,0.6,False,,a,8,31,14,22037,1125,37375,1644,0.6,2.8,Richards,,229.0,2022-07-27,2000-03-28,False,p427623,450,0,0,1,11,0,0,0,1,0,0,0,48,131.4,7.7,24.0,16.2,46,16,8,54,5,0.08,0.07,0.15,9.46,,,,,,,[],,30,10,286,104,171,50,120,41,0.02,0.0,0.01,0.03,1.89,2.2,276,43,133,49,165,68,233,90,1.0,0.2,10.8
True,True,,,651426,-1,1,-2,2,-1.0,-2,"[{'offset': 0, 'projected_percent': '-1.3', 'likelihood': -1}, {'offset': 1, 'projected_percent': '-2.2', 'likelihood': -1}, {'offset': 2, 'projected_percent': '-3.1', 'likelihood': -1}]",,False,0,2,2.2,2.2,8,Jaydee,2.2,203,False,,,48,651426.jpg,2.5,False,Canvot,0.2,False,,a,8,31,10,5604,262,19329,679,0.5,2.1,Canvot,,73.0,2025-09-01,2006-07-29,False,p651426,360,0,0,1,8,0,0,0,0,0,0,0,38,83.0,25.3,7.0,11.5,26,11,8,34,4,0.05,0.13,0.18,7.78,,,,,,,[],,111,50,197,64,277,97,191,68,0.01,0.0,0.03,0.04,1.94,2.0,421,79,172,68,189,75,334,126,1.0,0.25,8.5
True,True,,,244723,0,0,0,0,24.1,27,"[{'offset': 0, 'projected_percent': '24.2', 'likelihood': 2}, {'offset': 1, 'projected_percent': '24.6', 'likelihood': 2}, {'offset': 2, 'projected_percent': '24.9', 'likelihood': 2}]",,False,1,2,5.8,5.8,7,Tyrick,5.8,204,False,,,45,244723.jpg,4.8,False,Mitchell,6.0,False,,a,8,31,24,306210,9675,260304,11902,1.3,5.3,Mitchell,,241.0,2019-12-15,1999-09-01,False,p244723,419,2,0,1,10,0,0,0,0,0,0,3,68,128.2,67.9,62.0,25.8,14,23,11,25,5,0.77,0.26,1.03,8.34,,,,,,,[],,32,12,81,15,69,9,49,6,0.17,0.0,0.06,0.23,1.79,2.15,468,108,24,8,63,28,63,26,1.07,0.21,5.37
True,True,0.0,0.0,515621,-1,1,-2,2,-3.2,0,"[{'offset': 0, 'projected_percent': '-3.2', 'likelihood': -1}, {'offset': 1, 'projected_percent': '-3.2', 'likelihood': -1}, {'offset': 2, 'projected_percent': '-3.2', 'likelihood': -1}]",,False,0,2,0.0,0.0,0,Chadi,0.0,206,False,Knee injury - Unknown return date,2026-08-22T18:00:07.352049Z,43,515621.jpg,1.0,False,Riad Dnanou,0.0,False,,i,8,31,1,641,17,5645,94,0.0,0.2,Chadi Riad,,145.0,2024-07-02,2003-06-17,False,p515621,72,0,0,0,2,0,0,0,0,0,0,0,7,12.6,1.3,0.0,1.4,6,3,1,7,1,0.00,0.01,0.01,0.98,,,,,,,[],https://www.cpfc.co.uk/news/first-team/press-conference-team-news-crystal-palace-manchester-city-august-2026/,308,119,349,128,402,167,365,128,0.0,0.0,0.01,0.01,1.22,2.5,583,158,462,176,306,113,570,192,1.25,0.0,8.75
True,True,,,242313,0,0,-1,1,-78.9,-1,"[{'offset': 0, 'projected_percent': '-79.9', 'likelihood': -3}, {'offset': 1, 'projected_percent': '-82.8', 'likelihood': -3}, {'offset': 2, 'projected_percent': '-85.8', 'likelihood': -3}]",,False,0,2,0.5,0.5,0,Oscar,0.5,207,False,,,44,242313.jpg,1.0,False,Mingueza,0.1,False,,a,8,31,2,1969,59,4769,213,0.1,0.5,Mingueza,,200.0,2026-07-09,1999-05-13,False,p242313,16,0,0,0,1,0,0,0,0,0,0,0,5,3.2,0.4,0.0,0.3,0,1,2,2,0,0.00,0.00,0.00,0.33,,,,,,,[],,375,139,377,140,411,170,392,141,0.0,0.0,0.0,0.0,1.86,5.62,563,145,317,114,312,117,484,173,0.0,0.0,11.25
True,True,100.0,100.0,232185,0,0,-3,3,0.0,0,"[{'offset': 0, 'projected_percent': '0.0', 'likelihood': 0}, {'offset': 1, 'projected_percent': '0.0', 'likelihood': 0}, {'offset': 2, 'projected_percent': '0.0', 'likelihood': 0}]",2026-09-24T16:30:08.977944Z,False,0,3,0.2,0.2,1,Ismaïla,0.2,208,False,,2026-08-22T18:00:07.363165Z,62,232185.jpg,1.0,False,Sarr,0.6,False,,a,8,31,1,5927,1873,376044,1593,0.0,0.2,Sarr,Ismaïla Sarr,189.0,2024-08-01,1998-02-25,False,p232185,8,0,0,0,0,0,0,0,0,0,0,0,3,0.0,0.5,0.0,0.1,0,0,0,0,0,0.00,0.01,0.01,0.06,,,,,2.0,,[],,660,294,375,187,658,293,409,192,0.0,0.0,0.11,0.11,0.68,0.0,56,39,395,190,394,188,227,72,0.0,0.0,0.0
True,True,100.0,100.0,496221,0,0,0,0,-99.2,-7,"[{'offset': 0, 'projected_percent': '-99.7', 'likelihood': -4}, {'offset': 1, 'projected_percent': '-101.0', 'likelihood': -5}, {'offset': 2, 'projected_percent': '-102.3', 'likelihood': -5}]",,False,0,3,2.0,2.0,2,Adam,2.0,210,False,,2026-07-23T12:01:23.498963Z,55,496221.jpg,2.4,False,Wharton,0.7,False,,a,8,31,12,29283,876,47525,3535,0.4,2.2,Wharton,,241.0,2024-02-01,2004-02-06,False,p496221,436,0,0,1,10,0,0,0,1,0,0,0,77,73.0,97.0,18.0,18.9,16,15,10,41,5,0.15,0.58,0.73,8.91,2.0,,,,,,[],,125,40,43,36,205,113,99,54,0.03,0.0,0.12,0.15,1.84,2.06,155,96,198,88,197,85,209,65,1.03,0.21,8.46
True,True,,,488024,0,0,0,0,4.5,-3,"[{'offset': 0, 'projected_percent': '4.5', 'likelihood': 1}, {'offset': 1, 'projected_percent': '4.5', 'likelihood': 1}, {'offset': 2, 'projected_percent': '4.4', 'likelihood': 1}]",,False,0,3,3.2,3.2,2,Yéremy,3.2,211,False,,,55,488024.jpg,2.8,False,Pino Santos,0.4,False,,a,8,31,14,45076,532,30494,2097,0.6,2.5,Yeremy,,200.0,2025-08-29,2002-10-20,False,p488024,307,0,2,1,6,0,0,0,1,0,0,0,70,30.2,94.1,33.0,15.8,5,16,5,26,4,0.52,0.55,1.07,6.93,1.0,,1.0,,,,[],,255,105,44,37,144,77,125,66,0.15,0.0,0.16,0.31,2.03,1.76,154,95,109,44,172,73,277,93,1.17,0.29,7.62
True,True,,,108413,0,0,-1,1,-15.8,-43,"[{'offset': 0, 'projected_percent': '-16.0', 'likelihood': -1}, {'offset': 1, 'projected_percent': '-16.9', 'likelihood': -1}, {'offset': 2, 'projected_percent': '-17.7', 'likelihood': -1}]",,False,0,3,0.5,0.5,0,Will,0.5,212,False,,,44,108413.jpg,1.0,False,Hughes,7.4,False,,a,8,31,2,120300,6901,472926,34311,0.1,0.5,Hughes,,241.0,2021-08-28,1995-04-17,False,p108413,29,0,0,0,1,0,0,0,0,0,0,0,9,8.0,15.3,0.0,2.4,3,3,1,7,0,0.00,0.04,0.04,1.12,4.0,,,,,,[],,338,157,236,127,404,169,339,159,0.0,0.0,0.12,0.12,3.48,3.1,549,291,313,146,308,137,52,17,0.0,0.0,21.72
True,True,,,152551,-1,1,-2,2,-0.2,0,"[{'offset': 0, 'projected_percent': '-0.2', 'likelihood': -1}, {'offset': 1, 'projected_percent': '-0.2', 'likelihood': -1}, {'offset': 2, 'projected_percent': '-0.2', 'likelihood': -1}]",,False,0,3,0.2,0.2,0,Jefferson,0.2,213,False,,,48,152551.jpg,0.5,False,Lerma Solís,0.1,False,,a,8,31,1,1258,52,5451,270,0.0,0.2,Lerma,,48.0,2023-07-01,1994-10-25,False,p152551,51,0,0,0,1,0,0,0,1,0,0,0,6,17.6,0.8,11.0,3.0,7,3,2,12,0,0.26,0.00,0.26,1.25,,,,,,,[],,292,124,362,180,248,128,320,147,0.46,0.0,0.0,0.46,2.21,1.76,409,249,369,170,415,198,450,174,0.0,0.0,21.18
True,True,,,209400,0,0,0,0,10.6,5,"[{'offset': 0, 'projected_percent': '10.7', 'likelihood': 1}, {'offset': 1, 'projected_percent': '10.7', 'likelihood': 1}, {'offset': 2, 'projected_percent': '10.8', 'likelihood': 1}]",,False,0,3,4.5,4.5,3,Daichi,4.5,214,False,,,50,209400.jpg,4.2,False,Kamada,0.5,False,,a,8,31,21,49077,2330,23828,2211,0.9,4.2,Kamada,,108.0,2024-07-01,1996-08-05,False,p209400,441,0,3,1,10,0,0,0,1,0,0,0,109,95.6,81.2,42.0,21.9,4,23,11,38,5,0.47,0.38,0.85,8.85,3.0,,,,,,[],,84,25,60,49,113,64,73,44,0.1,0.0,0.08,0.18,1.81,2.04,260,162,56,22,81,33,244,79,1.02,0.2,7.76
True,True,,,438464,-1,1,-2,2,-1.0,-1,"[{'offset': 0, 'projected_percent': '-1.7', 'likelihood': -1}, {'offset': 1, 'projected_percent': '-3.8', 'likelihood': -1}, {'offset': 2, 'projected_percent': '-5.9', 'likelihood': -1}]",,False,0,3,0.0,0.0,0,Cheick,0.0,218,False,,,48,438464.jpg,0.0,False,Doucouré,0.0,False,,a,8,31,0,2043,69,4387,222,0.0,0.0,Doucouré,,132.0,2022-07-11,2000-01-08,False,p438464,0,0,0,0,0,0,0,0,0,0,0,0,0,0.0,0.0,0.0,0.0,0,0,0,0,0,0.00,0.00,0.00,0.00,,,,,,,[],,554,226,550,232,512,205,559,227,0.0,0.0,0.0,0.0,0.0,0.0,413,252,554,227,566,234,499,196,0.0,0.0,0.0
True,True,,,672492,0,0,0,0,-82.4,0,"[{'offset': 0, 'projected_percent': '-82.4', 'likelihood': -3}, {'offset': 1, 'projected_percent': '-82.4', 'likelihood': -3}, {'offset': 2, 'projected_percent': '-82.4', 'likelihood': -3}]",,False,0,3,0.0,0.0,0,Joél,0.0,221,False,,,45,672492.jpg,0.0,False,Drakes-Thomas,0.1,False,,a,8,31,0,2656,108,4545,300,0.0,0.0,Drakes-Thomas,,241.0,2025-12-10,2009-06-09,False,p672492,0,0,0,0,0,0,0,0,0,0,0,0,0,0.0,0.0,0.0,0.0,0,0,0,0,0,0.00,0.00,0.00,0.00,,,,,,,[],,548,223,544,229,505,202,553,224,0.0,0.0,0.0,0.0,0.0,0.0,546,288,548,224,561,231,456,179,0.0,0.0,0.0
True,True,,,247412,0,0,0,0,4.6,3,"[{'offset': 0, 'projected_percent': '4.6', 'likelihood': 1}, {'offset': 1, 'projected_percent': '4.6', 'likelihood': 1}, {'offset': 2, 'projected_percent': '4.7', 'likelihood': 1}]",,False,0,4,3.2,3.2,2,Jørgen,3.2,222,False,,,60,247412.jpg,2.8,False,Strand Larsen,0.6,False,,a,8,31,14,48615,3390,39922,2868,0.5,2.3,Strand Larsen,,161.0,2026-02-02,2000-02-06,False,p247412,298,1,0,1,5,0,0,0,0,0,0,2,69,62.6,32.5,65.0,16.1,6,5,2,13,3,0.43,0.20,0.63,6.15,,,,,,,[],,156,12,179,20,68,19,123,17,0.13,0.0,0.06,0.19,1.86,1.51,69,15,111,10,174,16,225,36,0.91,0.3,3.93
True,True,0.0,0.0,231747,0,0,-2,2,-19.8,-33,"[{'offset': 0, 'projected_percent': '-20.3', 'likelihood': -2}, {'offset': 1, 'projected_percent': '-21.6', 'likelihood': -2}, {'offset': 2, 'projected_percent': '-22.9', 'likelihood': -2}]",,False,0,4,0.0,0.0,0,Jean-Philippe,0.0,223,False,Hamstring injury - Expected back 11 Oct,2026-08-28T21:00:08.020382Z,63,231747.jpg,2.0,False,Mateta,1.3,False,,i,8,31,2,25899,146,452125,6638,0.0,0.3,Mateta,,73.0,2022-01-31,1997-06-28,False,p231747,62,0,0,0,2,0,0,0,0,0,0,0,-3,1.4,12.3,11.0,2.5,1,2,2,5,1,0.70,0.02,0.72,0.98,,,,,1.0,,[],https://www.cpfc.co.uk/news/video/sage-on-facing-leeds-international-break-plans/,392,42,262,31,253,37,338,38,1.02,0.0,0.03,1.05,1.42,2.9,46,12,660,77,242,26,159,24,1.45,0.0,7.26
True,True,100.0,100.0,205533,0,0,0,0,-13.4,-13,"[{'offset': 0, 'projected_percent': '-14.6', 'likelihood': -1}, {'offset': 1, 'projected_percent': '-18.3', 'likelihood': -1}, {'offset': 2, 'projected_percent': '-21.9', 'likelihood': -2}]",,False,0,4,1.8,1.8,1,Eddie,1.8,224,False,,2026-09-12T14:00:09.427136Z,55,205533.jpg,2.0,False,Nketiah,0.5,False,,a,8,31,8,46856,875,49221,2574,0.3,1.5,Nketiah,,241.0,2024-08-30,1999-05-30,False,p205533,175,0,1,0,7,0,0,0,0,0,0,0,38,34.2,46.4,50.0,13.0,2,6,4,12,3,1.10,0.60,1.70,4.51,,,,,,,[],,240,22,135,13,93,22,169,20,0.57,0.0,0.31,0.88,2.32,3.6,136,36,219,23,237,23,247,40,1.54,0.0,6.17
True,True,,,433154,0,0,-1,1,-84.4,0,"[{'offset': 0, 'projected_percent': '-84.4', 'likelihood': -3}, {'offset': 1, 'projected_percent': '-84.4', 'likelihood': -3}, {'offset': 2, 'projected_percent': '-84.4', 'likelihood': -3}]",,False,0,3,0.2,0.2,0,Dwight,0.2,241,False,,,54,433154.jpg,1.5,False,McNeil,0.1,False,,a,8,31,3,1755,48,8083,354,0.0,0.6,McNeil,,241.0,2026-08-11,1999-11-22,False,p433154,84,0,0,0,3,0,0,0,0,0,0,0,13,10.0,5.0,2.0,1.7,4,3,0,7,1,0.05,0.02,0.07,1.18,,,,,,,[],,324,146,304,155,331,165,357,171,0.05,0.0,0.02,0.07,1.26,3.21,190,119,389,186,274,122,399,146,1.07,0.0,7.5
True,True,,,169593,0,0,0,0,-7.7,-16,"[{'offset': 0, 'projected_percent': '-8.2', 'likelihood': -1}, {'offset': 1, 'projected_percent': '-9.6', 'likelihood': -1}, {'offset': 2, 'projected_percent': '-10.9', 'likelihood': -1}]",,False,0,1,0.0,0.0,0,Remi,0.0,555,False,,,40,169593.jpg,0.0,False,Matthews,1.7,False,,a,8,31,0,22967,783,30710,2270,0.0,0.0,Matthews,,241.0,2021-07-13,1994-02-10,False,p169593,0,0,0,0,0,0,0,0,0,0,0,0,0,0.0,0.0,0.0,0.0,0,0,0,0,0,0.00,0.00,0.00,0.00,,,,,,,[],,424,37,414,18,358,13,429,37,0.0,0.0,0.0,0.0,0.0,0.0,603,61,420,36,438,37,138,20,0.0,0.0,0.0
True,True,75.0,,223723,0,0,-1,1,-7.5,-4,"[{'offset': 0, 'projected_percent': '-7.9', 'likelihood': -1}, {'offset': 1, 'projected_percent': '-9.1', 'likelihood': -1}, {'offset': 2, 'projected_percent': '-10.2', 'likelihood': -1}]",,False,0,2,0.4,0.5,1,Takehiro,0.5,577,False,Calf injury - 75% chance of playing,2026-09-21T13:30:09.030724Z,44,223723.jpg,0.8,False,Tomiyasu,0.3,False,,d,8,31,3,3468,139,12791,671,0.1,0.7,Tomiyasu,,108.0,2026-08-06,1998-11-05,False,p223723,189,0,0,0,5,0,0,0,0,0,0,0,10,35.8,15.6,8.0,6.0,15,7,2,17,2,0.00,0.03,0.03,3.98,,,,,,,[],,234,94,235,82,266,92,270,101,0.0,0.0,0.01,0.01,1.9,2.38,559,142,315,112,402,138,303,111,0.95,0.0,8.1
True,True,,,570794,0,0,0,0,6.1,2,"[{'offset': 0, 'projected_percent': '6.1', 'likelihood': 1}, {'offset': 1, 'projected_percent': '6.2', 'likelihood': 1}, {'offset': 2, 'projected_percent': '6.2', 'likelihood': 1}]",,False,0,2,4.5,4.5,6,Anan,4.5,588,False,,,50,570794.jpg,3.8,False,Khalaili,0.3,False,,a,8,31,19,34124,1431,14977,723,0.9,3.8,Khalaili,,105.0,2026-08-15,2004-09-03,False,p570794,379,1,0,1,8,0,0,0,1,0,0,0,54,128.2,48.8,48.0,22.5,23,26,21,44,4,0.96,0.33,1.29,8.41,,,,,,,[],,33,13,122,31,99,22,64,11,0.23,0.0,0.08,0.31,2.0,1.9,323,54,58,25,103,44,288,105,0.95,0.24,10.45
True,True,,,559152,0,0,0,0,-96.9,0,"[{'offset': 0, 'projected_percent': '-96.9', 'likelihood': -4}, {'offset': 1, 'projected_percent': '-96.9', 'likelihood': -4}, {'offset': 2, 'projected_percent': '-96.9', 'likelihood': -4}]",,False,0,3,0.5,0.5,0,Zavier,0.5,595,False,,,50,559152.jpg,1.0,False,Gozo,0.0,False,,a,8,31,2,469,19,852,59,0.1,0.4,Gozo,,229.0,2026-08-18,2007-03-22,False,p559152,28,0,0,0,2,0,0,0,0,0,0,0,6,1.4,1.6,0.0,0.3,0,0,1,1,0,0.00,0.00,0.00,0.68,,,,,,,[],,391,183,342,172,599,256,396,185,0.0,0.0,0.0,0.0,2.19,6.43,322,195,332,154,356,160,600,252,0.0,0.0,3.21
True,True,,,605972,0,0,0,0,0.1,0,"[{'offset': 0, 'projected_percent': '0.1', 'likelihood': 1}, {'offset': 1, 'projected_percent': '0.1', 'likelihood': 1}, {'offset': 2, 'projected_percent': '0.1', 'likelihood': 1}]",,False,0,2,1.0,1.0,0,Honest,1.0,633,False,,,45,605972.jpg,3.0,False,Ahanor,0.0,False,,a,8,31,3,1880,105,535,83,0.2,0.7,Ahanor,,106.0,2026-09-01,2008-02-23,False,p605972,90,0,0,0,3,0,0,0,0,0,0,0,10,24.6,11.9,4.0,4.1,9,4,2,11,1,0.00,0.01,0.01,1.68,,,,,,,[],,268,109,265,96,305,110,304,114,0.0,0.0,0.01,0.01,1.68,3.0,526,131,260,95,137,58,586,199,1.0,0.0,11.0
True,True,,,172850,0,0,0,0,-62.8,-15,"[{'offset': 0, 'projected_percent': '-64.4', 'likelihood': -3}, {'offset': 1, 'projected_percent': '-69.1', 'likelihood': -3}, {'offset': 2, 'projected_percent': '-73.8', 'likelihood': -3}]",,False,0,2,2.7,2.7,0,Ben,2.7,643,False,,,45,172850.jpg,4.0,False,Chilwell,0.4,False,,a,8,31,8,42958,404,17515,2305,0.6,1.8,Chilwell,,241.0,2026-09-01,1996-12-21,False,p172850,29,1,0,0,1,0,0,0,0,0,0,0,21,33.4,4.2,21.0,5.9,1,0,0,1,0,0.27,0.01,0.28,1.12,,,,,,,[],,241,97,312,110,179,55,272,102,0.84,0.0,0.03,0.87,3.48,3.1,445,92,142,53,88,38,260,96,0.0,0.0,3.1
True,True,,,450063,0,0,0,0,0.2,1,"[{'offset': 0, 'projected_percent': '0.2', 'likelihood': 1}, {'offset': 1, 'projected_percent': '0.2', 'likelihood': 1}, {'offset': 2, 'projected_percent': '0.2', 'likelihood': 1}]",,False,0,3,3.0,3.0,3,Quinten,3.0,644,False,,,50,450063.jpg,3.0,False,Timber,0.0,False,,a,8,31,9,4154,331,1422,230,0.6,1.8,Timber,,152.0,2026-09-01,2001-06-17,False,p450063,253,0,0,1,5,0,0,0,0,0,0,0,45,37.8,29.1,34.0,10.0,6,10,11,27,3,0.24,0.06,0.30,5.56,,,,,,,[],,226,97,190,108,141,74,209,98,0.09,0.0,0.02,0.11,1.98,1.78,282,171,121,49,143,58,525,210,1.07,0.36,9.6
True,True,,,533646,0,0,0,0,-65.2,0,"[{'offset': 0, 'projected_percent': '-65.2', 'likelihood': -3}, {'offset': 1, 'projected_percent': '-65.2', 'likelihood': -3}, {'offset': 2, 'projected_percent': '-65.2', 'likelihood': -3}]",,False,0,3,0.3,0.3,0,Darío,0.3,647,False,,,55,533646.jpg,1.0,False,Osorio,0.0,False,,a,8,31,1,932,13,391,55,0.1,0.2,Osorio,,44.0,2026-09-01,2004-01-24,False,p533646,1,0,0,0,0,0,0,0,0,0,0,0,2,2.0,0.3,0.0,0.2,0,0,1,1,0,0.00,0.00,0.00,0.13,,,,,,,[],,387,180,384,192,639,280,401,188,0.0,0.0,0.0,0.0,11.7,0.0,157,98,357,168,386,182,620,263,0.0,0.0,90.0
True,True,0.0,0.0,128295,0,0,-1,1,-91.8,0,"[{'offset': 0, 'projected_percent': '-91.8', 'likelihood': -3}, {'offset': 1, 'projected_percent': '-91.8', 'likelihood': -3}, {'offset': 2, 'projected_percent': '-91.8', 'likelihood': -3}]",,False,0,3,0.0,0.0,0,Christian,0.0,21,False,Groin injury - Unknown return date,2026-08-15T20:00:06.779594Z,49,128295.jpg,0.0,False,Nørgaard,0.0,False,,i,9,11,0,465,25,7325,223,0.0,0.0,Nørgaard,,58.0,2026-08-05,1994-03-10,False,p128295,0,0,0,0,0,0,0,0,0,0,0,0,0,0.0,0.0,0.0,0.0,0,0,0,0,0,0.00,0.00,0.00,0.00,,,,,,,[],https://www.evertonfc.com/news/2026/august/21/everton-team-news-for-2026-27-premier-league-opener/,559,229,556,235,520,209,564,230,0.0,0.0,0.0,0.0,0.0,0.0,344,206,559,230,571,237,506,200,0.0,0.0,0.0
True,True,,,242898,0,0,-1,1,-17.6,0,"[{'offset': 0, 'projected_percent': '-17.6', 'likelihood': -1}, {'offset': 1, 'projected_percent': '-17.6', 'likelihood': -1}, {'offset': 2, 'projected_percent': '-17.6', 'likelihood': -1}]",,False,0,3,2.0,2.0,3,Brennan,2.0,209,False,,,59,242898.jpg,1.8,False,Johnson,0.1,False,,a,9,11,9,5161,266,10251,536,0.3,1.5,Johnson,,244.0,2026-08-11,2001-05-23,False,p242898,238,0,0,2,1,0,0,0,1,0,0,0,26,23.0,52.8,25.0,10.0,8,11,7,26,3,1.03,0.22,1.25,3.73,,,,,,,[],,275,116,107,71,169,92,210,99,0.39,0.0,0.08,0.47,1.41,0.38,84,55,200,90,258,114,383,140,1.13,0.76,9.83
True,True,,,111234,0,0,0,0,26.6,25,"[{'offset': 0, 'projected_percent': '26.7', 'likelihood': 2}, {'offset': 1, 'projected_percent': '27.1', 'likelihood': 2}, {'offset': 2, 'projected_percent': '27.4', 'likelihood': 2}]",,False,0,1,4.5,4.5,8,Jordan,4.5,226,False,,,55,111234.jpg,5.0,False,Pickford,9.1,False,,a,9,11,25,289402,21885,230478,10359,0.8,4.5,Pickford,,241.0,2017-07-01,1994-03-07,False,p111234,450,0,0,3,3,0,0,0,0,0,15,1,121,119.2,0.0,0.0,12.0,7,53,0,0,5,0.00,0.02,0.02,6.94,,,,,,,[],,45,7,640,71,627,70,181,7,0.0,3.0,0.0,0.0,1.39,0.6,125,2,59,5,57,5,40,7,1.0,0.6,0.0
True,True,,,229600,0,0,0,0,-29.6,-1,"[{'offset': 0, 'projected_percent': '-31.0', 'likelihood': -2}, {'offset': 1, 'projected_percent': '-35.4', 'likelihood': -2}, {'offset': 2, 'projected_percent': '-39.9', 'likelihood': -2}]",,False,0,1,0.0,0.0,0,Mark,0.0,227,False,,,50,229600.jpg,0.0,False,Travers,0.0,False,,a,9,11,0,1736,178,2044,182,0.0,0.0,Travers,,104.0,2025-07-15,1999-05-18,False,p229600,0,0,0,0,0,0,0,0,0,0,0,0,0,0.0,0.0,0.0,0.0,0,0,0,0,0,0.00,0.00,0.00,0.00,,,,,,,[],,593,72,595,66,570,65,599,72,0.0,0.0,0.0,0.0,0.0,0.0,270,10,595,72,602,72,513,59,0.0,0.0,0.0
True,True,,,138001,0,0,0,0,-37.8,0,"[{'offset': 0, 'projected_percent': '-37.8', 'likelihood': -2}, {'offset': 1, 'projected_percent': '-37.8', 'likelihood': -2}, {'offset': 2, 'projected_percent': '-37.8', 'likelihood': -2}]",,False,0,1,0.0,0.0,0,Tom,0.0,228,False,,,45,138001.jpg,0.0,False,King,0.0,False,,a,9,11,0,1145,78,1689,122,0.0,0.0,King,,244.0,2025-08-15,1995-03-09,False,p138001,0,0,0,0,0,0,0,0,0,0,0,0,0,0.0,0.0,0.0,0.0,0,0,0,0,0,0.00,0.00,0.00,0.00,,,,,,,[],,484,57,479,42,429,37,489,57,0.0,0.0,0.0,0.0,0.0,0.0,439,30,484,57,498,57,502,57,0.0,0.0,0.0
True,True,,,17761,0,0,1,-1,77.3,603,"[{'offset': 0, 'projected_percent': '80.0', 'likelihood': 3}, {'offset': 1, 'projected_percent': '88.4', 'likelihood': 3}, {'offset': 2, 'projected_percent': '96.7', 'likelihood': 4}]",,False,2,2,9.2,9.2,14,James,9.2,229,True,,,61,17761.jpg,8.6,False,Tarkowski,15.8,False,,a,9,11,43,875335,164527,275716,12130,1.5,7.0,Tarkowski,,241.0,2022-07-01,1992-11-19,False,p17761,450,1,1,3,3,0,0,0,0,0,0,7,138,149.6,25.6,30.0,20.5,40,18,11,51,5,0.18,0.04,0.22,6.94,,,,,,,[],,17,3,195,62,154,45,84,23,0.04,0.0,0.01,0.05,1.39,0.6,59,5,2,1,3,1,26,9,1.0,0.6,10.2
True,True,,,480455,0,0,0,0,31.8,37,"[{'offset': 0, 'projected_percent': '31.9', 'likelihood': 2}, {'offset': 1, 'projected_percent': '32.4', 'likelihood': 2}, {'offset': 2, 'projected_percent': '33.0', 'likelihood': 2}]",,False,0,2,5.2,5.2,8,Jarrad,5.2,230,False,,,55,480455.jpg,5.4,False,Branthwaite,2.4,False,,a,9,11,27,134463,14291,69042,4577,0.9,4.9,Branthwaite,,241.0,2020-06-20,2002-06-27,False,p480455,450,0,0,3,3,0,0,0,0,0,0,0,97,145.4,7.2,73.0,22.5,49,14,5,54,5,0.17,0.02,0.19,6.94,,,,,,,[],,23,6,288,105,56,5,65,12,0.03,0.0,0.0,0.03,1.39,0.6,153,17,38,15,49,19,120,47,1.0,0.6,10.8
True,True,,,106611,0,0,-2,2,-31.4,-13,"[{'offset': 0, 'projected_percent': '-32.2', 'likelihood': -2}, {'offset': 1, 'projected_percent': '-34.7', 'likelihood': -2}, {'offset': 2, 'projected_percent': '-37.1', 'likelihood': -2}]",,False,0,2,0.0,0.0,0,Michael,0.0,231,False,,,48,106611.jpg,0.0,False,Keane,0.7,False,,a,9,11,0,9194,289,89774,2975,0.0,0.0,Keane,,241.0,2017-07-03,1993-01-11,False,p106611,0,0,0,0,0,0,0,0,0,0,0,0,0,0.0,0.0,0.0,0.0,0,0,0,0,0,0.00,0.00,0.00,0.00,,,,,,,[],,551,203,548,202,509,197,556,203,0.0,0.0,0.0,0.0,0.0,0.0,408,74,551,200,564,203,208,81,0.0,0.0,0.0
True,True,,,512462,-1,1,-2,2,-1.8,-3,"[{'offset': 0, 'projected_percent': '-2.1', 'likelihood': -1}, {'offset': 1, 'projected_percent': '-2.9', 'likelihood': -1}, {'offset': 2, 'projected_percent': '-3.8', 'likelihood': -1}]",,False,0,2,0.5,0.5,1,Jake,0.5,232,False,,,48,512462.jpg,1.0,False,O'Brien,0.3,False,,a,9,11,2,4500,245,24319,848,0.1,0.4,O'Brien,,104.0,2024-07-30,2001-05-15,False,p512462,16,0,0,0,0,0,0,0,0,0,0,0,5,3.0,0.0,0.0,0.3,2,2,0,2,0,0.00,0.00,0.00,0.42,,,,,,,[],,378,140,552,203,514,199,393,142,0.0,0.0,0.0,0.0,2.36,0.0,418,77,323,117,329,127,297,107,0.0,0.0,11.25
True,True,,,224967,1,-1,1,-1,1.1,2,"[{'offset': 0, 'projected_percent': '1.1', 'likelihood': 1}, {'offset': 1, 'projected_percent': '1.1', 'likelihood': 1}, {'offset': 2, 'projected_percent': '1.1', 'likelihood': 1}]",,False,1,2,5.2,5.2,5,Vitalii,5.2,233,False,,,46,224967.jpg,5.4,False,Mykolenko,4.2,False,,a,9,11,27,406976,35784,108353,11900,1.1,5.9,Mykolenko,,225.0,2022-01-01,1999-05-29,False,p224967,450,0,0,3,3,0,0,0,1,0,0,3,109,105.6,35.7,13.0,15.5,25,30,14,39,5,0.04,0.16,0.20,6.94,,,,,,,[],,66,30,169,49,231,77,132,44,0.01,0.0,0.03,0.04,1.39,0.6,424,81,35,12,46,17,80,32,1.0,0.6,7.8
True,True,,,215413,1,-1,1,-1,-12.4,-46,"[{'offset': 0, 'projected_percent': '-12.8', 'likelihood': -1}, {'offset': 1, 'projected_percent': '-13.9', 'likelihood': -1}, {'offset': 2, 'projected_percent': '-15.0', 'likelihood': -1}]",,False,0,3,2.2,2.2,3,Kiernan,2.2,236,False,,,66,215413.jpg,4.0,False,Dewsbury-Hall,6.0,False,,a,9,11,20,580835,30071,314737,35373,0.3,3.0,Dewsbury-Hall,,241.0,2025-08-06,1998-09-06,False,p215413,450,1,0,3,3,0,0,0,1,0,0,3,110,102.8,160.8,125.0,38.9,5,26,11,42,5,0.99,0.83,1.82,6.74,2.0,,,,,,[],,77,24,13,12,20,11,13,11,0.2,0.0,0.17,0.37,1.35,0.6,33,22,184,80,98,38,64,20,1.0,0.6,8.4
True,True,100.0,100.0,114283,0,0,0,0,7.8,5,"[{'offset': 0, 'projected_percent': '7.8', 'likelihood': 1}, {'offset': 1, 'projected_percent': '7.9', 'likelihood': 1}, {'offset': 2, 'projected_percent': '7.9', 'likelihood': 1}]",,False,0,3,1.2,1.2,3,Jack,1.2,238,False,,2026-07-29T10:00:10.492904Z,65,114283.jpg,1.5,False,Grealish,0.5,False,,a,9,11,6,39534,2490,22500,2216,0.2,0.9,Grealish,,241.0,2026-09-01,1995-09-10,False,p114283,135,0,0,1,1,0,0,0,0,0,0,0,36,21.6,71.7,20.0,11.4,2,8,3,13,1,0.02,0.44,0.46,1.67,,,,,,,"[{'property': 'loan_ineligible', 'notes': 'This player will not be available to face their parent club in Gameweek 18 as part of their loan conditions.', 'gameweek': 18, 'url': None}, {'property': 'loan_ineligible', 'notes': 'This player will not be available to face their parent club in Gameweek 28 as part of their loan conditions.', 'gameweek': 28, 'url': None}]",,281,121,70,56,190,103,195,92,0.01,0.0,0.29,0.3,1.11,0.67,35,23,255,117,276,123,259,85,0.67,0.67,8.67
True,True,100.0,100.0,232928,0,0,0,0,3.2,8,"[{'offset': 0, 'projected_percent': '3.2', 'likelihood': 1}, {'offset': 1, 'projected_percent': '3.3', 'likelihood': 1}, {'offset': 2, 'projected_percent': '3.4', 'likelihood': 1}]",,False,0,3,2.5,2.5,3,James,2.5,239,False,,2026-09-06T18:00:08.301702Z,60,232928.jpg,2.2,False,Garner,0.2,False,,a,9,11,11,20624,1172,13407,1507,0.4,1.8,Garner,,241.0,2022-09-01,2001-03-13,False,p232928,328,0,0,2,2,0,0,0,2,0,0,0,71,51.4,68.3,13.0,13.4,9,25,11,45,4,0.20,0.17,0.37,3.45,1.0,,1.0,,2.0,,[],,190,78,80,59,236,123,166,85,0.05,0.0,0.05,0.1,0.95,0.55,68,47,162,67,220,97,322,115,1.1,0.55,12.35
True,True,,,550615,0,0,0,0,28.4,-16,"[{'offset': 0, 'projected_percent': '28.4', 'likelihood': 2}, {'offset': 1, 'projected_percent': '28.1', 'likelihood': 2}, {'offset': 2, 'projected_percent': '27.9', 'likelihood': 2}]",,False,0,3,4.0,4.0,1,Tyrique,4.0,242,False,,,55,550615.jpg,3.8,False,George,0.9,False,,a,9,11,19,106481,1816,40714,9050,0.7,3.5,George,,241.0,2026-07-06,2006-02-04,False,p550615,309,1,0,2,3,0,0,0,0,0,0,3,77,64.0,86.2,75.0,22.5,5,12,1,18,4,0.35,0.32,0.67,3.71,,,,,,,[],,150,55,54,44,54,33,66,41,0.1,0.0,0.09,0.19,1.08,0.87,161,101,78,30,106,42,191,62,1.17,0.58,5.24
True,True,,,502697,0,0,-1,1,-39.9,0,"[{'offset': 0, 'projected_percent': '-39.9', 'likelihood': -2}, {'offset': 1, 'projected_percent': '-39.9', 'likelihood': -2}, {'offset': 2, 'projected_percent': '-39.9', 'likelihood': -2}]",,False,0,3,0.0,0.0,0,Carlos,0.0,243,False,,,49,502697.jpg,0.5,False,Alcaraz Durán,0.1,False,,a,9,11,1,2823,122,5743,310,0.0,0.2,Alcaraz,,10.0,2025-07-01,2002-11-30,False,p502697,5,0,0,0,0,0,0,0,1,0,0,0,5,5.0,0.8,25.0,2.7,0,2,1,3,0,0.05,0.02,0.07,0.04,,,,,,,[],,361,167,363,181,167,90,330,155,0.9,0.0,0.36,1.26,0.72,0.0,387,230,575,240,416,199,452,175,0.0,0.0,54.0
True,True,100.0,75.0,609873,0,0,0,0,8.8,-6,"[{'offset': 0, 'projected_percent': '8.8', 'likelihood': 1}, {'offset': 1, 'projected_percent': '8.7', 'likelihood': 1}, {'offset': 2, 'projected_percent': '8.6', 'likelihood': 1}]",,False,0,3,2.0,1.5,2,Harrison,2.0,244,False,,2026-09-17T08:30:08.942299Z,50,609873.jpg,3.2,False,Armstrong,0.4,False,,a,9,11,16,53667,607,32087,2733,0.4,3.2,Armstrong,,241.0,2024-08-09,2007-01-19,False,p609873,446,0,1,3,3,0,0,0,2,0,0,0,61,62.6,64.5,19.0,14.7,13,19,8,40,5,0.21,0.49,0.70,6.94,,,,,,,[],,155,58,86,63,192,105,149,76,0.04,0.0,0.1,0.14,1.4,0.61,328,199,195,87,129,50,272,90,1.01,0.61,8.07
True,True,,,496661,0,0,-1,1,-79.8,2,"[{'offset': 0, 'projected_percent': '-76.4', 'likelihood': -3}, {'offset': 1, 'projected_percent': '-66.0', 'likelihood': -3}, {'offset': 2, 'projected_percent': '-55.7', 'likelihood': -3}]",,False,0,3,0.2,0.2,1,Tyler,0.2,245,False,,,54,496661.jpg,1.0,False,Dibling,0.0,False,,a,9,11,1,1148,93,2608,109,0.0,0.2,Dibling,,241.0,2025-08-25,2006-02-17,False,p496661,24,0,0,0,0,0,0,0,0,0,0,0,10,7.2,24.4,26.0,5.8,0,0,0,0,0,0.17,0.16,0.33,0.38,,,,,,,[],,346,161,201,114,163,87,274,121,0.64,0.0,0.6,1.24,1.42,0.0,202,126,392,188,382,179,547,225,0.0,0.0,0.0
True,True,0.0,0.0,513466,0,0,-1,1,-35.2,-2,"[{'offset': 0, 'projected_percent': '-36.4', 'likelihood': -2}, {'offset': 1, 'projected_percent': '-39.9', 'likelihood': -2}, {'offset': 2, 'projected_percent': '-43.5', 'likelihood': -3}]",,False,0,3,0.0,0.0,0,Merlin,0.8,246,False,Unspecified injury - Expected back 11 Oct,2026-09-16T18:00:09.541933Z,49,513466.jpg,2.0,False,Röhl,0.0,False,,i,9,11,6,1961,6,4570,470,0.2,1.2,Röhl,,80.0,2026-06-15,2002-07-05,False,p513466,249,0,0,1,2,0,0,0,1,0,0,0,35,26.6,32.1,2.0,6.1,6,13,5,24,3,0.00,0.20,0.20,4.52,,,,,,,[],,261,108,181,106,325,161,266,119,0.0,0.0,0.07,0.07,1.63,0.72,388,231,285,131,230,100,523,208,1.08,0.36,8.67
True,True,100.0,100.0,244860,-1,1,-1,1,-2.3,-1,"[{'offset': 0, 'projected_percent': '-2.5', 'likelihood': -1}, {'offset': 1, 'projected_percent': '-3.2', 'likelihood': -1}, {'offset': 2, 'projected_percent': '-3.8', 'likelihood': -1}]",,False,0,3,1.8,1.8,1,Hayden,1.8,247,False,,2026-08-26T22:00:07.797766Z,54,244860.jpg,2.0,False,Hackney,0.2,False,,a,9,11,10,3702,151,11703,863,0.3,1.9,Hackney,,241.0,2026-07-02,2002-06-26,False,p244860,137,0,1,1,1,0,0,0,0,0,0,0,39,40.4,50.0,21.0,11.1,4,5,3,12,1,0.05,0.13,0.18,3.91,3.0,,,,,,[],,216,93,120,80,185,98,197,94,0.03,0.0,0.09,0.12,2.57,0.66,187,118,216,98,235,104,340,121,0.66,0.66,7.88
True,True,,,586309,0,0,1,-1,94.0,56,"[{'offset': 0, 'projected_percent': '94.3', 'likelihood': 3}, {'offset': 1, 'projected_percent': '95.0', 'likelihood': 4}, {'offset': 2, 'projected_percent': '95.8', 'likelihood': 4}]",,False,0,4,3.0,3.0,6,Thierno,3.0,249,False,,,56,586309.jpg,4.0,False,Barry,8.1,False,,a,9,11,20,937260,55105,346121,27945,0.5,3.6,Barry,,73.0,2025-07-09,2002-10-21,False,p586309,417,2,0,3,3,0,0,0,0,0,0,2,83,85.8,72.0,207.0,36.5,5,11,1,17,5,3.50,0.15,3.65,5.02,,,,,1.0,,[],,105,9,69,3,3,2,16,4,0.76,0.0,0.03,0.79,1.08,0.65,122,31,126,12,95,8,47,8,1.08,0.65,3.67
True,True,,,154043,0,0,0,0,15.1,42,"[{'offset': 0, 'projected_percent': '15.3', 'likelihood': 1}, {'offset': 1, 'projected_percent': '15.9', 'likelihood': 1}, {'offset': 2, 'projected_percent': '16.4', 'likelihood': 1}]",,False,0,2,7.0,7.0,8,Ainsley,7.0,649,False,,,45,154043.jpg,7.0,False,Maitland-Niles,1.3,False,,a,9,11,21,87653,14621,12803,2911,1.6,4.7,Maitland-Niles,,241.0,2026-09-01,1997-08-29,False,p154043,177,1,0,2,1,0,0,0,0,0,0,2,75,67.2,38.8,8.0,11.4,8,7,5,13,2,0.06,0.25,0.31,2.00,,,,,,,[],,139,63,161,43,267,93,192,69,0.03,0.0,0.13,0.16,1.02,0.51,441,89,8,3,10,5,163,65,1.02,1.02,6.61
True,True,,,629068,0,0,0,0,-22.0,-7,"[{'offset': 0, 'projected_percent': '-25.1', 'likelihood': -2}, {'offset': 1, 'projected_percent': '-34.8', 'likelihood': -2}, {'offset': 2, 'projected_percent': '-44.4', 'likelihood': -3}]",,False,0,3,0.0,0.0,0,Braiden,0.0,654,False,,,45,629068.jpg,0.0,False,Graham,0.1,False,,a,9,11,0,11216,170,5048,743,0.0,0.0,Graham,,242.0,2025-12-29,2007-11-07,False,p629068,0,0,0,0,0,0,0,0,0,0,0,0,0,0.0,0.0,0.0,0.0,0,0,0,0,0,0.00,0.00,0.00,0.00,,,,,,,[],,539,216,535,222,495,194,544,217,0.0,0.0,0.0,0.0,0.0,0.0,535,280,539,217,552,224,409,151,0.0,0.0,0.0
True,True,,,80201,0,0,0,0,7.2,30,"[{'offset': 0, 'projected_percent': '7.3', 'likelihood': 1}, {'offset': 1, 'projected_percent': '7.7', 'likelihood': 1}, {'offset': 2, 'projected_percent': '8.2', 'likelihood': 1}]",,False,0,1,3.6,3.6,3,Bernd,3.6,250,False,,,45,80201.jpg,3.6,False,Leno,3.3,False,,a,10,54,18,137926,27029,97337,6295,0.8,4.0,Leno,,80.0,2022-08-02,1992-03-04,False,p80201,450,0,0,1,8,0,0,0,0,0,16,2,77,127.6,0.0,0.0,12.8,6,41,0,0,5,0.00,0.00,0.00,9.11,,,,,,,[],,35,6,473,37,423,32,172,6,0.0,3.2,0.0,0.0,1.82,1.6,431,25,85,11,110,11,100,16,1.0,0.2,0.0
True,True,,,86873,0,0,0,0,-21.6,0,"[{'offset': 0, 'projected_percent': '-21.6', 'likelihood': -2}, {'offset': 1, 'projected_percent': '-21.6', 'likelihood': -2}, {'offset': 2, 'projected_percent': '-21.6', 'likelihood': -2}]",,False,0,1,0.0,0.0,0,Benjamin,0.0,251,False,,,40,86873.jpg,0.0,False,Lecomte,1.1,False,,a,10,54,0,24584,1856,25179,1744,0.0,0.0,Lecomte,,73.0,2025-07-26,1991-04-26,False,p86873,0,0,0,0,0,0,0,0,0,0,0,0,0,0.0,0.0,0.0,0.0,0,0,0,0,0,0.00,0.00,0.00,0.00,,,,,,,[],,417,31,405,12,349,7,421,31,0.0,0.0,0.0,0.0,0.0,0.0,594,55,411,30,431,31,167,25,0.0,0.0,0.0
True,True,100.0,100.0,174874,0,0,0,0,0.6,2,"[{'offset': 0, 'projected_percent': '0.6', 'likelihood': 1}, {'offset': 1, 'projected_percent': '0.6', 'likelihood': 1}, {'offset': 2, 'projected_percent': '0.6', 'likelihood': 1}]",,False,0,2,0.6,0.6,1,Joachim,0.6,253,False,,2026-07-23T12:01:23.516350Z,50,174874.jpg,1.0,False,Andersen,0.1,False,,a,10,54,3,13894,2020,8907,797,0.1,0.6,Andersen,,58.0,2024-08-23,1996-05-31,False,p174874,190,0,0,0,5,0,0,0,1,0,0,0,12,52.2,35.8,8.0,9.6,18,9,2,20,2,0.00,0.10,0.10,4.35,,,,,,,[],,185,77,168,48,270,95,215,76,0.0,0.0,0.05,0.05,2.06,2.37,253,37,306,110,349,134,369,142,0.95,0.0,9.47
True,True,,,169528,0,0,0,0,-21.0,6,"[{'offset': 0, 'projected_percent': '-20.9', 'likelihood': -2}, {'offset': 1, 'projected_percent': '-20.3', 'likelihood': -2}, {'offset': 2, 'projected_percent': '-19.8', 'likelihood': -1}]",,False,0,2,2.4,2.4,2,Antonee,2.4,254,False,,,45,169528.jpg,2.4,False,Robinson,1.4,False,,a,10,54,12,53994,11509,68223,4248,0.5,2.7,Robinson,Antonee Robinson,229.0,2020-08-20,1997-08-08,False,p169528,429,0,0,1,8,0,0,0,0,0,0,0,65,93.6,106.7,18.0,21.8,18,20,13,31,5,0.26,0.30,0.56,9.08,,,,,2.0,,[],,88,40,39,7,201,59,74,16,0.05,0.0,0.06,0.11,1.9,1.68,443,91,165,65,193,77,153,62,1.05,0.21,6.5
True,True,,,246301,0,0,0,0,-65.3,0,"[{'offset': 0, 'projected_percent': '-65.3', 'likelihood': -3}, {'offset': 1, 'projected_percent': '-65.3', 'likelihood': -3}, {'offset': 2, 'projected_percent': '-65.3', 'likelihood': -3}]",,False,0,2,0.6,0.6,0,Jorge,0.6,255,False,,,45,246301.jpg,3.0,False,Cuenca Barreno,0.0,False,,a,10,54,3,1526,46,1966,73,0.1,0.7,J.Cuenca,,200.0,2024-08-03,1999-11-17,False,p246301,90,0,0,0,3,0,0,0,0,0,0,0,7,32.8,21.3,0.0,5.4,9,3,1,10,1,0.00,0.03,0.03,2.24,,,,,,,[],,243,98,217,73,444,182,282,104,0.0,0.0,0.03,0.03,2.24,3.0,471,111,302,108,136,57,552,189,1.0,0.0,10.0
True,True,100.0,0.0,167074,0,0,-1,1,-0.1,0,"[{'offset': 0, 'projected_percent': '-0.1', 'likelihood': -1}, {'offset': 1, 'projected_percent': '-0.1', 'likelihood': -1}, {'offset': 2, 'projected_percent': '-0.1', 'likelihood': -1}]",2026-09-28T19:00:09.637551Z,False,0,2,0.0,0.0,0,Kenny,0.0,256,False,,2026-09-18T12:30:09.546158Z,44,167074.jpg,0.0,False,Tete,0.2,False,,a,10,54,0,1355,24,10350,905,0.0,0.0,Tete,,152.0,2020-09-10,1995-10-09,False,p167074,27,0,0,0,0,0,0,0,1,0,0,0,-1,1.6,0.3,2.0,0.4,3,0,0,3,0,0.00,0.00,0.00,0.65,,,,,,,[],,388,143,379,141,317,117,390,140,0.0,0.0,0.0,0.0,2.17,0.0,556,139,465,177,482,182,344,129,0.0,0.0,10.0
True,True,,,232892,0,0,0,0,-6.0,2,"[{'offset': 0, 'projected_percent': '-5.8', 'likelihood': -1}, {'offset': 1, 'projected_percent': '-5.4', 'likelihood': -1}, {'offset': 2, 'projected_percent': '-5.0', 'likelihood': -1}]",,False,0,2,3.0,3.0,6,Calvin,3.0,257,False,,,45,232892.jpg,3.0,False,Bassey,0.7,False,,a,10,54,15,24438,3424,29254,1108,0.7,3.3,Bassey,,157.0,2023-07-28,1999-12-31,False,p232892,450,0,1,1,8,0,0,0,1,0,0,1,69,97.0,15.3,40.0,15.2,23,22,6,29,5,0.13,0.08,0.21,9.11,,,,,,,[],,81,36,237,83,122,32,138,47,0.03,0.0,0.02,0.05,1.82,1.6,462,104,115,46,134,56,216,85,1.0,0.2,5.8
True,True,,,166477,0,0,0,0,12.8,10,"[{'offset': 0, 'projected_percent': '12.8', 'likelihood': 1}, {'offset': 1, 'projected_percent': '13.0', 'likelihood': 1}, {'offset': 2, 'projected_percent': '13.1', 'likelihood': 1}]",,False,0,2,4.0,4.0,1,Timothy,4.0,258,False,,,45,166477.jpg,4.0,False,Castagne,0.9,False,,a,10,54,20,88071,11429,42005,3276,0.9,4.4,Castagne,,21.0,2023-08-29,1995-12-05,False,p166477,408,0,2,2,7,0,0,0,2,0,0,0,64,90.4,58.6,57.0,20.6,23,18,6,29,5,0.67,0.39,1.06,6.81,,,,,,,[],,96,44,97,22,78,11,83,22,0.15,0.0,0.09,0.24,1.5,1.54,442,90,69,29,87,37,187,71,1.1,0.44,6.4
True,True,,,153133,0,0,-1,1,-58.0,-1,"[{'offset': 0, 'projected_percent': '-58.1', 'likelihood': -3}, {'offset': 1, 'projected_percent': '-58.3', 'likelihood': -3}, {'offset': 2, 'projected_percent': '-58.5', 'likelihood': -3}]",,False,0,3,2.8,2.8,5,Alex,2.8,261,False,,,54,153133.jpg,2.8,False,Iwobi,0.7,False,,a,10,54,14,21076,2156,54736,2375,0.5,2.6,Iwobi,,157.0,2023-09-01,1996-05-03,False,p153133,408,0,0,2,7,0,0,0,0,0,0,2,94,60.6,167.5,49.0,27.7,5,19,5,29,5,0.39,1.22,1.61,8.16,1.0,,1.0,,3.0,,[],,163,62,9,8,97,54,42,31,0.09,0.0,0.27,0.36,1.8,1.54,170,108,138,60,170,71,223,71,1.1,0.44,6.4
True,True,,,209289,0,0,-1,1,-96.2,-3,"[{'offset': 0, 'projected_percent': '-96.7', 'likelihood': -4}, {'offset': 1, 'projected_percent': '-98.5', 'likelihood': -4}, {'offset': 2, 'projected_percent': '-100.2', 'likelihood': -5}]",,False,0,3,0.6,0.6,0,Emile,0.6,262,False,,,54,209289.jpg,1.0,False,Smith Rowe,0.2,False,,a,10,54,3,4401,203,20660,1001,0.1,0.6,Smith Rowe,,241.0,2024-08-02,2000-07-28,False,p209289,38,0,0,0,0,0,0,0,0,0,0,0,11,6.6,23.8,9.0,4.0,1,2,0,3,0,0.06,0.02,0.08,0.87,,,,,,,[],,350,163,204,115,264,136,307,139,0.14,0.0,0.05,0.19,2.06,0.0,179,114,308,143,376,175,313,110,0.0,0.0,7.11
True,True,,,560552,0,0,-2,2,-8.8,1,"[{'offset': 0, 'projected_percent': '-7.4', 'likelihood': -1}, {'offset': 1, 'projected_percent': '-3.1', 'likelihood': -1}, {'offset': 2, 'projected_percent': '0.0', 'likelihood': 0}]",,False,0,3,0.8,0.8,1,Kevin,0.8,263,False,,,53,560552.jpg,1.0,False,Santos Lopes de Macedo,0.0,False,,a,10,54,4,1942,138,4140,203,0.2,0.8,Kevin,Kevin,30.0,2025-09-01,2003-01-04,False,p560552,61,0,0,0,1,0,0,0,0,0,0,0,14,10.6,6.8,18.0,3.5,1,4,3,8,0,0.07,0.12,0.19,1.23,4.0,,,,,,[],,322,145,289,144,204,112,316,144,0.1,0.0,0.18,0.28,1.81,1.48,233,146,289,133,368,168,509,201,0.0,0.0,11.8
True,True,,,477555,0,0,0,0,-50.8,4,"[{'offset': 0, 'projected_percent': '-50.3', 'likelihood': -3}, {'offset': 1, 'projected_percent': '-48.5', 'likelihood': -3}, {'offset': 2, 'projected_percent': '-46.8', 'likelihood': -3}]",,False,0,3,2.6,2.6,3,Oscar,2.6,264,False,,,55,477555.jpg,2.6,False,Bobb,0.3,False,,a,10,54,13,15501,1498,20413,1307,0.5,2.4,Bobb,,161.0,2026-01-30,2003-07-12,False,p477555,343,0,0,3,6,0,0,0,0,0,0,0,53,42.0,118.7,77.0,23.8,5,15,8,28,5,0.54,1.14,1.68,6.19,2.0,,,,,,[],,212,90,30,26,52,32,58,38,0.14,0.0,0.3,0.44,1.62,1.57,152,94,146,63,185,81,294,101,1.31,0.79,7.35
True,True,,,207189,0,0,-1,1,-30.2,2,"[{'offset': 0, 'projected_percent': '-30.0', 'likelihood': -2}, {'offset': 1, 'projected_percent': '-29.2', 'likelihood': -2}, {'offset': 2, 'projected_percent': '-28.5', 'likelihood': -2}]",,False,0,3,2.2,2.2,3,Sander,2.2,265,False,,,49,207189.jpg,2.2,False,Berge,0.3,False,,a,10,54,11,6168,437,17726,970,0.4,2.2,Berge,,161.0,2024-08-22,1998-02-14,False,p207189,349,0,0,2,5,0,0,0,0,0,0,0,67,51.4,81.0,22.0,15.4,7,8,4,19,4,0.08,0.36,0.44,7.36,,,,,,,[],,189,77,61,50,176,95,135,71,0.02,0.0,0.09,0.11,1.9,1.29,351,212,175,74,209,90,296,103,1.03,0.52,4.9
True,True,0.0,0.0,76357,0,0,-1,1,-12.5,0,"[{'offset': 0, 'projected_percent': '-12.5', 'likelihood': -1}, {'offset': 1, 'projected_percent': '-12.5', 'likelihood': -1}, {'offset': 2, 'projected_percent': '-12.5', 'likelihood': -1}]",,False,0,3,0.0,0.0,0,Tom,0.0,266,False,Knee injury - Expected back 10 Oct,2026-08-14T18:00:06.460944Z,49,76357.jpg,0.0,False,Cairney,0.0,False,,i,10,54,0,108,7,327,16,0.0,0.0,Cairney,,243.0,2015-07-07,1991-01-20,False,p76357,0,0,0,0,0,0,0,0,0,0,0,0,0,0.0,0.0,0.0,0.0,0,0,0,0,0,0.00,0.00,0.00,0.00,,,,,,,[],https://www.fulhamfc.com/news/2026/august/21/team-news-joachim-andersen-tom-cairney-absent-for-chelsea/,556,228,553,234,516,208,561,229,0.0,0.0,0.0,0.0,0.0,0.0,339,205,556,229,568,236,648,283,0.0,0.0,0.0
True,True,,,577725,0,0,0,0,77.1,184,"[{'offset': 0, 'projected_percent': '77.9', 'likelihood': 3}, {'offset': 1, 'projected_percent': '80.5', 'likelihood': 3}, {'offset': 2, 'projected_percent': '83.0', 'likelihood': 3}]",,False,0,3,4.8,4.8,2,Josh,4.8,268,False,,,55,577725.jpg,4.8,False,King,2.4,False,,a,10,54,24,305119,60984,90495,11927,0.9,4.4,King,,241.0,2024-02-02,2007-01-03,False,p577725,425,2,0,2,7,0,0,0,1,0,0,3,109,111.4,67.2,179.0,35.8,5,16,7,28,5,1.54,0.46,2.00,8.29,,,,,,,[],,55,19,84,61,5,2,18,14,0.33,0.0,0.1,0.43,1.76,1.48,164,103,52,20,67,27,118,36,1.06,0.42,5.93
True,True,100.0,75.0,184349,-1,1,-2,2,-0.9,0,"[{'offset': 0, 'projected_percent': '-0.9', 'likelihood': -1}, {'offset': 1, 'projected_percent': '-0.9', 'likelihood': -1}, {'offset': 2, 'projected_percent': '-0.9', 'likelihood': -1}]",,False,0,2,0.6,0.4,0,Ryan,0.6,269,False,,2026-09-14T11:30:07.403957Z,43,184349.jpg,1.0,False,Sessegnon,0.3,False,,a,10,54,3,2603,160,18744,1046,0.1,0.7,Sessegnon,,241.0,2024-07-26,2000-05-18,False,p184349,50,0,0,0,1,0,0,0,0,0,0,0,13,17.2,26.3,31.0,7.5,2,3,1,3,0,0.13,0.44,0.57,1.80,3.0,,,,,,[],,293,117,194,61,149,44,241,91,0.23,0.0,0.79,1.02,3.24,1.8,580,155,301,107,305,112,304,112,0.0,0.0,5.4
True,True,,,153366,0,0,-1,1,-7.4,-6,"[{'offset': 0, 'projected_percent': '-7.6', 'likelihood': -1}, {'offset': 1, 'projected_percent': '-8.4', 'likelihood': -1}, {'offset': 2, 'projected_percent': '-9.2', 'likelihood': -1}]",,False,0,3,0.0,0.0,0,Harrison,0.0,270,False,,,44,153366.jpg,0.0,False,Reed,1.1,False,,a,10,54,0,35670,2178,71468,5243,0.0,0.0,Reed,,241.0,2020-08-30,1995-01-27,False,p153366,0,0,0,0,0,0,0,0,0,0,0,0,0,0.0,0.0,0.0,0.0,0,0,0,0,0,0.00,0.00,0.00,0.00,,,,,,,[],,467,192,459,198,408,170,472,193,0.0,0.0,0.0,0.0,0.0,0.0,554,292,464,193,481,200,168,52,0.0,0.0,0.0
True,True,,,244042,0,0,-1,1,-45.6,-5,"[{'offset': 0, 'projected_percent': '-46.2', 'likelihood': -3}, {'offset': 1, 'projected_percent': '-47.8', 'likelihood': -3}, {'offset': 2, 'projected_percent': '-49.4', 'likelihood': -3}]",,False,0,4,0.6,0.6,0,Rodrigo,0.6,271,False,,,54,244042.jpg,0.8,False,Muniz Carvalho,0.4,False,,a,10,54,3,15561,1232,34468,2027,0.1,0.6,Muniz,Rodrigo Muniz,30.0,2021-08-20,2001-05-04,False,p244042,38,0,0,0,1,0,0,0,1,0,0,0,14,11.4,22.2,36.0,7.0,3,0,0,3,0,0.40,0.00,0.40,0.85,,,,,,,[],,317,32,215,25,136,26,251,25,0.95,0.0,0.0,0.95,2.01,2.37,186,44,310,35,409,49,264,45,0.0,0.0,7.11
True,True,,,631786,0,0,0,0,-56.5,-37,"[{'offset': 0, 'projected_percent': '-56.8', 'likelihood': -3}, {'offset': 1, 'projected_percent': '-57.8', 'likelihood': -3}, {'offset': 2, 'projected_percent': '-58.7', 'likelihood': -3}]",,False,0,4,0.0,0.0,0,Jonah,0.0,272,False,,,45,631786.jpg,0.0,False,Kusi-Asare,5.5,False,,a,10,54,0,157191,7720,293252,25447,0.0,0.0,Kusi-Asare,,206.0,2026-06-27,2007-07-04,False,p631786,0,0,0,0,0,0,0,0,0,0,0,0,0,0.0,0.0,0.0,0.0,0,0,0,0,0,0.00,0.00,0.00,0.00,,,,,,,[],,541,57,537,61,497,56,546,61,0.0,0.0,0.0,0.0,0.0,0.0,537,78,541,59,554,62,71,10,0.0,0.0,0.0
True,True,,,551466,0,0,0,0,50.8,70,"[{'offset': 0, 'projected_percent': '51.1', 'likelihood': 3}, {'offset': 1, 'projected_percent': '52.1', 'likelihood': 3}, {'offset': 2, 'projected_percent': '53.1', 'likelihood': 3}]",,False,0,4,2.8,2.8,2,Gonzalo,2.8,569,False,,,60,551466.jpg,2.8,False,García,3.8,False,,a,10,54,14,405238,42929,302589,23204,0.5,2.3,Gonzalo,,200.0,2026-08-03,2004-03-24,False,p551466,425,1,0,2,7,0,0,0,0,0,0,0,53,53.0,46.8,125.0,22.1,7,9,2,18,5,2.33,0.58,2.91,8.29,,,,,1.0,,[],,182,14,132,12,19,9,72,14,0.49,0.0,0.12,0.61,1.76,1.48,73,17,140,14,175,17,89,11,1.06,0.42,3.81
True,True,,,571779,0,0,-1,1,-3.6,-2,"[{'offset': 0, 'projected_percent': '-4.2', 'likelihood': -1}, {'offset': 1, 'projected_percent': '-5.9', 'likelihood': -1}, {'offset': 2, 'projected_percent': '-7.6', 'likelihood': -1}]",,False,0,3,2.4,2.4,1,César,2.4,570,False,,,54,571779.jpg,3.0,False,Palacios,0.2,False,,a,10,54,12,5881,592,10359,713,0.4,2.2,Palacios,,200.0,2026-08-03,2004-11-11,False,p571779,226,1,0,0,7,0,0,0,1,0,0,1,48,45.4,32.6,62.0,14.0,4,10,3,17,3,0.98,0.03,1.01,5.46,,,,,,,[],,203,88,178,104,70,42,159,82,0.39,0.0,0.01,0.4,2.17,2.79,212,134,166,69,147,60,356,128,1.19,0.0,6.77
True,True,,,463210,0,0,0,0,-82.1,0,"[{'offset': 0, 'projected_percent': '-82.1', 'likelihood': -3}, {'offset': 1, 'projected_percent': '-82.1', 'likelihood': -3}, {'offset': 2, 'projected_percent': '-82.1', 'likelihood': -3}]",,False,0,3,2.6,2.6,4,Shea,2.6,580,False,,,50,463210.jpg,2.6,False,Charles,0.1,False,,a,10,54,13,2100,370,3955,279,0.5,2.6,Charles,,242.0,2026-08-11,2003-11-05,False,p463210,303,0,0,1,5,0,0,0,0,0,0,0,60,85.4,46.1,14.0,14.5,23,19,4,46,3,0.09,0.16,0.25,6.65,,,,,,,[],,107,32,138,88,226,120,152,79,0.03,0.0,0.05,0.08,1.98,1.49,286,173,144,62,181,80,449,173,0.89,0.3,13.66
True,True,,,616069,0,0,0,0,-91.4,-4,"[{'offset': 0, 'projected_percent': '-92.0', 'likelihood': -3}, {'offset': 1, 'projected_percent': '-94.0', 'likelihood': -3}, {'offset': 2, 'projected_percent': '-96.0', 'likelihood': -4}]",,False,0,3,0.0,0.0,0,Macaulay,0.0,626,False,,,45,616069.jpg,0.0,False,Zepa,0.3,False,,a,10,54,0,34250,83,17908,1694,0.0,0.0,Zepa,,38.0,2026-07-06,2008-07-07,False,p616069,0,0,0,0,0,0,0,0,0,0,0,0,0,0.0,0.0,0.0,0.0,0,0,0,0,0,0.00,0.00,0.00,0.00,,,,,,,[],,536,214,532,220,491,192,541,215,0.0,0.0,0.0,0.0,0.0,0.0,530,277,536,215,549,222,295,102,0.0,0.0,0.0
True,True,,,551050,0,0,0,0,0.0,0,"[{'offset': 0, 'projected_percent': '0.0', 'likelihood': 0}, {'offset': 1, 'projected_percent': '0.0', 'likelihood': 0}, {'offset': 2, 'projected_percent': '0.0', 'likelihood': 0}]",,False,0,3,1.0,1.0,1,Hugo,1.0,635,False,,,50,551050.jpg,1.0,False,Larsson,0.0,False,,a,10,54,3,812,67,287,54,0.2,0.6,Larsson,,206.0,2026-09-01,2004-06-27,False,p551050,37,0,0,0,1,0,0,0,0,0,0,0,9,6.8,1.9,9.0,1.8,2,3,1,6,0,0.13,0.23,0.36,0.88,,,,,,,[],,349,162,336,168,262,134,353,168,0.32,0.0,0.56,0.88,2.14,2.43,320,194,264,120,355,159,622,264,0.0,0.0,14.59
True,True,,,500033,0,0,0,0,0.0,1,"[{'offset': 0, 'projected_percent': '0.0', 'likelihood': 0}, {'offset': 1, 'projected_percent': '0.0', 'likelihood': 0}, {'offset': 2, 'projected_percent': '0.0', 'likelihood': 0}]",,False,0,3,0.0,0.0,0,Manuel Ángel,0.0,636,False,,,50,500033.jpg,0.0,False,Morán Ibáñez,0.0,False,,a,10,54,0,360,23,162,20,0.0,0.0,Ángel,Manuel Ángel,200.0,2026-09-01,2004-03-15,False,p500033,0,0,0,0,0,0,0,0,0,0,0,0,0,0.0,0.0,0.0,0.0,0,0,0,0,0,0.00,0.00,0.00,0.00,,,,,,,[],,608,260,614,265,590,250,614,262,0.0,0.0,0.0,0.0,0.0,0.0,306,184,610,262,617,265,644,280,0.0,0.0,0.0
True,True,,,442299,0,0,0,0,0.7,3,"[{'offset': 0, 'projected_percent': '0.7', 'likelihood': 1}, {'offset': 1, 'projected_percent': '0.8', 'likelihood': 1}, {'offset': 2, 'projected_percent': '0.8', 'likelihood': 1}]",,False,0,2,4.0,4.0,4,David,4.0,650,False,,,45,442299.jpg,6.0,False,Affengruber,0.0,False,,a,10,54,12,4854,1976,1015,393,0.9,2.7,Affengruber,,14.0,2026-09-01,2001-03-19,False,p442299,180,0,0,1,1,0,0,0,0,0,0,0,40,51.0,14.6,0.0,6.6,20,7,3,23,2,0.00,0.02,0.02,2.88,,,,,,,[],,193,79,244,86,448,185,260,98,0.0,0.0,0.01,0.01,1.44,0.5,476,115,71,31,26,11,504,178,1.0,0.5,11.5
True,True,100.0,100.0,490094,0,0,0,0,0.1,0,"[{'offset': 0, 'projected_percent': '0.1', 'likelihood': 1}, {'offset': 1, 'projected_percent': '0.1', 'likelihood': 1}, {'offset': 2, 'projected_percent': '0.1', 'likelihood': 1}]",,False,0,3,0.5,0.5,1,Tim,0.5,240,False,,2026-08-15T20:00:06.878792Z,50,490094.jpg,0.7,False,Iroegbunam,0.0,False,,a,11,88,2,1095,57,1120,106,0.1,0.4,Iroegbunam,,241.0,2026-09-01,2003-06-30,False,p490094,70,0,0,0,0,0,0,0,1,0,0,0,10,9.2,11.5,10.0,3.1,1,5,3,9,0,0.12,0.01,0.13,0.60,,,,,,,[],,329,150,270,137,256,132,318,146,0.15,0.0,0.01,0.16,0.77,0.0,296,178,330,153,411,196,584,241,0.0,0.0,11.57
True,True,,,167825,0,0,0,0,-25.5,14,"[{'offset': 0, 'projected_percent': '-25.0', 'likelihood': -2}, {'offset': 1, 'projected_percent': '-23.6', 'likelihood': -2}, {'offset': 2, 'projected_percent': '-22.1', 'likelihood': -2}]",,False,0,1,0.0,0.0,0,Dillon,0.0,273,False,,,40,167825.jpg,0.0,False,Phillips,1.4,False,,a,11,88,0,27974,1849,37282,2399,0.0,0.0,Phillips,,241.0,2025-07-01,1995-06-11,False,p167825,0,0,0,0,0,0,0,0,0,0,0,0,0,0.0,0.0,0.0,0.0,0,0,0,0,0,0.00,0.00,0.00,0.00,,,,,,,[],,423,36,412,17,356,12,427,36,0.0,0.0,0.0,0.0,0.0,0.0,601,60,418,35,437,36,154,23,0.0,0.0,0.0
True,True,0.0,0.0,105666,0,0,0,0,-98.5,0,"[{'offset': 0, 'projected_percent': '-98.5', 'likelihood': -4}, {'offset': 1, 'projected_percent': '-98.5', 'likelihood': -4}, {'offset': 2, 'projected_percent': '-98.5', 'likelihood': -4}]",,False,0,1,0.0,0.0,0,Jack,0.0,274,False,Arm injury - Unknown return date,2026-08-08T19:00:05.601633Z,45,105666.jpg,0.0,False,Butland,0.1,False,,i,11,88,0,619,50,4832,219,0.0,0.0,Butland,,241.0,2026-07-02,1993-03-10,False,p105666,0,0,0,0,0,0,0,0,0,0,0,0,0,0.0,0.0,0.0,0.0,0,0,0,0,0,0.00,0.00,0.00,0.00,,,,,,,[],,482,55,476,39,426,34,487,55,0.0,0.0,0.0,0.0,0.0,0.0,436,27,482,55,496,55,469,54,0.0,0.0,0.0
True,True,,,108416,0,0,1,-1,25.3,-40,"[{'offset': 0, 'projected_percent': '25.1', 'likelihood': 2}, {'offset': 1, 'projected_percent': '24.5', 'likelihood': 2}, {'offset': 2, 'projected_percent': '24.0', 'likelihood': 2}]",,False,0,2,4.5,4.5,1,John,4.5,277,False,,,41,108416.jpg,5.2,False,Egan,7.1,False,,a,11,88,26,743822,20663,208501,21580,1.1,6.3,Egan,,104.0,2025-02-03,1992-10-20,False,p108416,437,0,0,3,4,0,0,0,1,0,0,1,71,110.8,1.3,21.0,13.4,50,12,9,59,5,0.05,0.00,0.05,7.27,,,,,,,[],,56,23,348,127,178,54,163,57,0.01,0.0,0.0,0.01,1.5,0.82,585,160,55,24,51,20,53,20,1.03,0.62,12.15
True,True,0.0,0.0,501902,0,0,-1,1,0.5,-4,"[{'offset': 0, 'projected_percent': '0.5', 'likelihood': 1}, {'offset': 1, 'projected_percent': '0.5', 'likelihood': 1}, {'offset': 2, 'projected_percent': '0.4', 'likelihood': 1}]",,False,0,2,0.0,0.0,0,Charlie,0.0,278,False,Groin injury - Unknown return date,2026-08-02T09:00:11.030017Z,39,501902.jpg,0.0,False,Hughes,0.2,False,,i,11,88,0,16683,894,12355,1388,0.0,0.0,Hughes,,241.0,2024-08-16,2003-10-16,False,p501902,0,0,0,0,0,0,0,0,0,0,0,0,0,0.0,0.0,0.0,0.0,0,0,0,0,0,0.00,0.00,0.00,0.00,,,,,,,[],,409,150,397,146,341,131,413,149,0.0,0.0,0.0,0.0,0.0,0.0,667,217,403,142,423,150,352,133,0.0,0.0,0.0
True,True,100.0,100.0,146426,0,0,2,-2,67.5,-91,"[{'offset': 0, 'projected_percent': '67.1', 'likelihood': 3}, {'offset': 1, 'projected_percent': '65.9', 'likelihood': 3}, {'offset': 2, 'projected_percent': '64.6', 'likelihood': 3}]",,False,1,2,3.2,3.2,1,Semi,3.2,279,False,,2026-08-22T17:30:07.668197Z,42,146426.jpg,5.4,False,Ajayi,14.1,False,,a,11,88,27,1347061,35676,295095,44593,0.8,6.4,Ajayi,,157.0,2025-07-01,1993-11-09,False,p146426,423,1,0,3,4,0,0,0,1,0,0,2,79,85.6,4.2,51.0,14.1,21,16,6,27,5,0.66,0.01,0.67,6.43,,,,,,,[],,106,48,311,109,90,16,157,54,0.14,0.0,0.0,0.14,1.37,0.85,584,159,99,38,45,16,29,10,1.06,0.64,5.74
True,True,100.0,100.0,193278,0,0,0,0,0.3,-1,"[{'offset': 0, 'projected_percent': '0.3', 'likelihood': 1}, {'offset': 1, 'projected_percent': '0.3', 'likelihood': 1}, {'offset': 2, 'projected_percent': '0.3', 'likelihood': 1}]",,False,0,2,2.0,2.0,1,Lewie,2.0,280,False,,2026-08-29T16:30:08.151841Z,40,193278.jpg,2.8,False,Coyle,0.7,False,,a,11,88,14,27183,1611,25267,1459,0.5,3.5,Coyle,,241.0,2020-08-07,1995-10-15,False,p193278,348,0,0,2,4,0,0,0,1,0,0,0,49,24.0,29.9,11.0,6.5,8,11,3,11,5,0.13,0.07,0.20,6.22,,,,,,,[],,272,111,185,58,243,81,262,99,0.03,0.0,0.02,0.05,1.61,1.03,605,167,187,72,159,64,219,86,1.29,0.52,2.84
True,True,,,232351,0,0,0,0,65.5,-28,"[{'offset': 0, 'projected_percent': '65.4', 'likelihood': 3}, {'offset': 1, 'projected_percent': '65.0', 'likelihood': 3}, {'offset': 2, 'projected_percent': '64.6', 'likelihood': 3}]",,False,0,2,4.5,4.5,0,Ryan,4.5,282,False,,,40,232351.jpg,4.8,False,Giles,2.9,False,,a,11,88,24,274317,17500,62413,10122,1.1,6.0,Giles,,241.0,2024-06-27,2000-01-26,False,p232351,444,0,1,3,4,0,0,0,1,0,0,2,94,82.8,132.5,6.0,22.2,19,14,5,24,5,0.02,0.43,0.45,7.33,3.0,,1.0,,,,[],,112,51,24,2,282,99,70,14,0.0,0.0,0.09,0.09,1.49,0.81,613,174,54,23,61,26,106,40,1.01,0.61,4.86
True,True,,,661800,0,0,0,0,0.4,-1,"[{'offset': 0, 'projected_percent': '0.4', 'likelihood': 1}, {'offset': 1, 'projected_percent': '0.4', 'likelihood': 1}, {'offset': 2, 'projected_percent': '0.4', 'likelihood': 1}]",,False,0,2,0.0,0.0,0,Cathal,0.0,284,False,,,40,661800.jpg,0.0,False,McCarthy,0.1,False,,a,11,88,0,4824,290,4482,330,0.0,0.0,McCarthy,,,,,False,p661800,0,0,0,0,0,0,0,0,0,0,0,0,0,0.0,0.0,0.0,0.0,0,0,0,0,0,0.00,0.00,0.00,0.00,,,,,,,[],,465,181,456,180,401,166,470,181,0.0,0.0,0.0,0.0,0.0,0.0,661,211,461,175,479,181,423,153,0.0,0.0,0.0
True,True,100.0,100.0,160817,0,0,0,0,-37.3,0,"[{'offset': 0, 'projected_percent': '-37.3', 'likelihood': -2}, {'offset': 1, 'projected_percent': '-37.3', 'likelihood': -2}, {'offset': 2, 'projected_percent': '-37.3', 'likelihood': -2}]",,False,0,2,0.0,0.0,0,Paddy,0.0,285,False,,2026-09-09T13:30:08.327907Z,40,160817.jpg,1.0,False,McNair,0.1,False,,a,11,88,1,3095,142,4620,311,0.0,0.2,McNair,,242.0,2026-01-28,1995-04-27,False,p160817,26,0,0,0,0,0,0,0,0,0,0,0,3,4.2,0.0,0.0,0.4,2,1,0,2,0,0.00,0.00,0.00,0.96,,,,,,,[],,367,137,411,149,355,134,389,139,0.0,0.0,0.0,0.0,3.32,0.0,600,164,417,145,298,105,397,148,0.0,0.0,6.92
True,True,,,540324,0,0,1,-1,30.0,132,"[{'offset': 0, 'projected_percent': '30.6', 'likelihood': 2}, {'offset': 1, 'projected_percent': '32.4', 'likelihood': 2}, {'offset': 2, 'projected_percent': '34.2', 'likelihood': 2}]",,False,1,3,7.0,7.0,4,Mohamed,7.0,286,False,,,51,540324.jpg,6.2,False,Belloumi,4.8,False,,a,11,88,31,486439,56503,77949,17911,1.4,6.1,Belloumi,,3.0,2024-08-30,2002-06-01,False,p540324,394,2,2,3,3,0,0,0,1,0,0,2,111,157.8,67.5,100.0,32.5,14,14,16,44,5,0.72,0.43,1.15,6.44,2.0,,2.0,,,,[],,11,7,83,60,34,19,25,18,0.16,0.0,0.1,0.26,1.47,0.69,239,150,9,5,21,9,76,26,1.14,0.69,10.05
True,True,,,171270,0,0,0,0,-83.9,-7,"[{'offset': 0, 'projected_percent': '-84.9', 'likelihood': -3}, {'offset': 1, 'projected_percent': '-88.1', 'likelihood': -3}, {'offset': 2, 'projected_percent': '-91.2', 'likelihood': -3}]",,False,0,3,0.0,0.0,0,Kieran,0.0,288,False,,,45,171270.jpg,0.0,False,Dowell,0.3,False,,a,11,88,0,12192,435,21111,1528,0.0,0.0,Dowell,,241.0,2026-01-23,1997-10-10,False,p171270,0,0,0,0,0,0,0,0,0,0,0,0,0,0.0,0.0,0.0,0.0,0,0,0,0,0,0.00,0.00,0.00,0.00,,,,,,,[],,485,198,480,204,430,176,490,199,0.0,0.0,0.0,0.0,0.0,0.0,444,258,485,199,499,206,292,99,0.0,0.0,0.0
True,True,100.0,100.0,101282,-1,1,-1,1,0.5,4,"[{'offset': 0, 'projected_percent': '0.6', 'likelihood': 1}, {'offset': 1, 'projected_percent': '0.6', 'likelihood': 1}, {'offset': 2, 'projected_percent': '0.7', 'likelihood': 1}]",,False,0,3,0.2,0.2,0,Matt,0.2,289,False,,2026-08-29T15:00:08.569326Z,44,101282.jpg,1.0,False,Crooks,0.5,False,,a,11,88,3,23297,3938,39396,3167,0.0,0.7,Crooks,,241.0,2025-01-10,1994-01-20,False,p101282,203,0,0,1,4,0,0,0,3,0,0,0,17,37.8,17.3,0.0,5.4,9,4,8,21,3,0.00,0.12,0.12,3.57,,,,,,,[],,225,96,228,124,403,168,281,127,0.0,0.0,0.05,0.05,1.58,1.77,548,290,364,169,307,136,250,81,1.33,0.44,9.31
True,True,,,243413,0,0,0,0,71.1,-45,"[{'offset': 0, 'projected_percent': '70.9', 'likelihood': 3}, {'offset': 1, 'projected_percent': '70.3', 'likelihood': 3}, {'offset': 2, 'projected_percent': '69.6', 'likelihood': 3}]",,False,0,3,2.2,2.2,2,Regan,2.2,290,False,,,45,243413.jpg,3.0,False,Slater,5.3,False,,a,11,88,15,494822,11889,270223,29224,0.5,3.3,Slater,,241.0,2022-01-27,1999-09-11,False,p243413,437,0,1,3,4,0,0,0,1,0,0,0,67,62.2,85.1,26.0,17.4,9,15,9,33,5,0.21,0.59,0.80,7.27,1.0,,,,,,[],,158,60,55,45,161,85,113,60,0.04,0.0,0.12,0.16,1.5,0.82,465,260,170,72,135,54,73,25,1.03,0.62,6.8
True,True,0.0,0.0,465525,0,0,0,0,-13.7,0,"[{'offset': 0, 'projected_percent': '-13.7', 'likelihood': -1}, {'offset': 1, 'projected_percent': '-13.7', 'likelihood': -1}, {'offset': 2, 'projected_percent': '-13.7', 'likelihood': -1}]",,False,0,3,0.0,0.0,0,Eliot,0.0,291,False,Knee injury - Unknown return date,2026-07-23T12:01:23.532635Z,45,465525.jpg,0.0,False,Matazo,0.0,False,,i,11,88,0,374,23,484,46,0.0,0.0,Matazo,,21.0,2025-01-23,2002-02-15,False,p465525,0,0,0,0,0,0,0,0,0,0,0,0,0,0.0,0.0,0.0,0.0,0,0,0,0,0,0.00,0.00,0.00,0.00,,,,,,,[],,500,200,497,206,451,178,505,201,0.0,0.0,0.0,0.0,0.0,0.0,481,261,500,201,514,208,632,271,0.0,0.0,0.0
True,True,,,208481,0,0,-1,1,-3.9,0,"[{'offset': 0, 'projected_percent': '-3.9', 'likelihood': -1}, {'offset': 1, 'projected_percent': '-3.9', 'likelihood': -1}, {'offset': 2, 'projected_percent': '-3.9', 'likelihood': -1}]",,False,0,3,0.0,0.0,0,Abdülkadir,0.0,292,False,,,49,208481.jpg,0.0,False,Ömür,0.0,False,,a,11,88,0,1183,65,1587,106,0.0,0.0,Ömür,,219.0,2024-02-01,1999-06-25,False,p208481,0,0,0,0,0,0,0,0,0,0,0,0,0,0.0,0.0,0.0,0.0,0,0,0,0,0,0.00,0.00,0.00,0.00,,,,,,,[],,564,233,560,238,525,213,569,234,0.0,0.0,0.0,0.0,0.0,0.0,352,213,563,233,575,240,580,238,0.0,0.0,0.0
True,True,100.0,100.0,553783,0,0,0,0,-17.2,-1,"[{'offset': 0, 'projected_percent': '-17.7', 'likelihood': -1}, {'offset': 1, 'projected_percent': '-19.3', 'likelihood': -1}, {'offset': 2, 'projected_percent': '-20.9', 'likelihood': -2}]",,False,0,3,0.0,0.0,0,Óscar,0.0,294,False,,2026-08-04T18:30:11.016909Z,45,553783.jpg,0.0,False,Zambrano,0.1,False,,a,11,88,0,3840,111,6704,375,0.0,0.0,Zambrano,,62.0,2026-07-21,2004-04-20,False,p553783,0,0,0,0,0,0,0,0,0,0,0,0,0,0.0,0.0,0.0,0.0,0,0,0,0,0,0.00,0.00,0.00,0.00,,,,,,,[],,518,205,515,211,472,183,523,206,0.0,0.0,0.0,0.0,0.0,0.0,506,266,518,206,532,213,428,162,0.0,0.0,0.0
True,True,,,169432,0,0,0,0,26.4,-27,"[{'offset': 0, 'projected_percent': '26.3', 'likelihood': 2}, {'offset': 1, 'projected_percent': '25.9', 'likelihood': 2}, {'offset': 2, 'projected_percent': '25.5', 'likelihood': 2}]",,False,0,4,2.0,2.0,1,Oli,2.0,295,False,,,55,169432.jpg,2.6,False,McBurnie,1.9,False,,a,11,88,13,186727,5741,149667,14320,0.4,2.4,McBurnie,,243.0,2025-08-06,1996-06-04,False,p169432,441,0,2,3,4,0,0,0,3,0,0,0,52,47.2,69.1,114.0,23.0,9,9,3,21,5,1.23,0.13,1.36,7.21,,,,,1.0,,[],,201,16,76,5,26,11,63,13,0.25,0.0,0.03,0.28,1.47,0.82,128,34,196,17,184,18,128,21,1.02,0.61,4.29
True,True,0.0,0.0,470294,0,0,0,0,-100.3,0,"[{'offset': 0, 'projected_percent': '-100.3', 'likelihood': -5}, {'offset': 1, 'projected_percent': '-100.3', 'likelihood': -5}, {'offset': 2, 'projected_percent': '-100.3', 'likelihood': -5}]",,False,0,3,0.0,0.0,0,Darko,0.0,297,False,Thigh injury - Unknown return date,2026-08-04T18:30:11.027155Z,45,470294.jpg,0.0,False,Gyabi,0.0,False,,i,11,88,0,415,26,1560,92,0.0,0.0,Gyabi,,241.0,2025-09-01,2004-02-18,False,p470294,0,0,0,0,0,0,0,0,0,0,0,0,0,0.0,0.0,0.0,0.0,0,0,0,0,0,0.00,0.00,0.00,0.00,,,,,,,[],,501,201,498,207,452,179,506,202,0.0,0.0,0.0,0.0,0.0,0.0,482,262,501,202,515,209,581,239,0.0,0.0,0.0
True,True,100.0,100.0,462635,0,0,0,0,0.0,0,"[{'offset': 0, 'projected_percent': '0.0', 'likelihood': 0}, {'offset': 1, 'projected_percent': '0.0', 'likelihood': 0}, {'offset': 2, 'projected_percent': '0.0', 'likelihood': 0}]",,False,0,3,0.2,0.2,1,Joe,0.2,340,False,,2026-08-17T21:30:07.799839Z,50,462635.jpg,1.0,False,Gelhardt,0.0,False,,a,11,88,1,675,65,987,80,0.0,0.2,Gelhardt,,241.0,2026-08-15,2002-05-04,False,p462635,7,0,0,0,0,0,0,0,0,0,0,0,5,1.6,1.3,12.0,1.5,0,1,0,1,0,0.10,0.02,0.12,0.13,,,,,,,[],,389,181,353,176,238,124,362,173,1.29,0.0,0.26,1.55,1.67,0.0,285,172,379,179,352,157,603,253,0.0,0.0,12.86
True,True,75.0,75.0,169359,0,0,0,0,-65.0,-28,"[{'offset': 0, 'projected_percent': '-65.4', 'likelihood': -3}, {'offset': 1, 'projected_percent': '-66.7', 'likelihood': -3}, {'offset': 2, 'projected_percent': '-68.0', 'likelihood': -3}]",,False,0,2,0.0,0.0,0,Matt,0.0,556,False,Ankle injury - 75% chance of playing,2026-09-17T14:00:26.419938Z,40,169359.jpg,1.0,False,Targett,1.7,False,,d,11,88,1,24807,83,84794,7518,0.0,0.2,Targett,,241.0,2026-07-23,1995-09-18,False,p169359,5,0,0,0,0,0,0,0,0,0,0,0,3,0.4,0.0,0.0,0.0,0,1,0,0,0,0.00,0.00,0.00,0.07,,,,,,,[],,402,146,413,150,357,135,428,152,0.0,0.0,0.0,0.0,1.26,0.0,602,165,419,146,299,106,140,55,0.0,0.0,0.0
True,True,0.0,0.0,445028,0,0,0,0,-88.5,0,"[{'offset': 0, 'projected_percent': '-88.5', 'likelihood': -3}, {'offset': 1, 'projected_percent': '-88.5', 'likelihood': -3}, {'offset': 2, 'projected_percent': '-88.5', 'likelihood': -3}]",,False,0,3,0.0,0.0,0,Hidemasa,0.2,563,False,Calf injury - Expected back 11 Oct,2026-09-09T14:00:08.474217Z,50,445028.jpg,1.0,False,Morita,0.0,False,,i,11,88,1,712,9,1707,111,0.0,0.2,Morita,,108.0,2026-07-24,1995-05-10,False,p445028,45,0,0,0,0,0,0,0,0,0,0,0,6,11.0,13.4,0.0,2.4,2,1,0,3,1,0.00,0.00,0.00,1.09,,,,,,,[],,319,142,258,134,575,243,340,160,0.0,0.0,0.0,0.0,2.18,0.0,281,170,377,178,350,156,587,243,2.0,0.0,6.0
True,True,,,473284,0,0,1,-1,96.0,184,"[{'offset': 0, 'projected_percent': '96.8', 'likelihood': 4}, {'offset': 1, 'projected_percent': '99.4', 'likelihood': 4}, {'offset': 2, 'projected_percent': '101.9', 'likelihood': 5}]",,False,2,1,6.0,6.0,6,Konstantinos,6.0,572,True,,,46,473284.jpg,6.8,False,Tzolakis,12.4,False,,a,11,88,34,956112,84784,209933,14283,1.3,7.4,Tzolakis,,83.0,2026-08-05,2002-11-08,False,p473284,450,0,0,3,4,0,1,0,1,0,17,6,129,150.0,0.0,0.0,15.0,2,69,1,0,5,0.00,0.00,0.00,7.40,,,,,,,[],,16,2,546,54,507,52,141,3,0.0,3.4,0.0,0.0,1.48,0.8,426,22,20,1,13,1,34,5,1.0,0.6,0.0
True,True,,,552946,0,0,-1,1,-63.7,-1,"[{'offset': 0, 'projected_percent': '-64.8', 'likelihood': -3}, {'offset': 1, 'projected_percent': '-67.9', 'likelihood': -3}, {'offset': 2, 'projected_percent': '-71.0', 'likelihood': -3}]",,False,0,3,0.2,0.2,0,Jens,0.2,574,False,,,49,552946.jpg,1.0,False,Hjertø-Dahl,0.1,False,,a,11,88,1,1421,60,4360,240,0.0,0.2,Hjertø-Dahl,,161.0,2026-08-07,2005-10-31,False,p552946,8,0,0,0,0,0,0,0,0,0,0,0,4,0.0,0.0,0.0,0.0,0,1,0,1,0,0.00,0.00,0.00,0.00,,,,,,,[],,579,244,579,250,545,226,585,246,0.0,0.0,0.0,0.0,0.0,0.0,395,238,374,175,341,149,490,192,0.0,0.0,11.25
True,True,,,608227,0,0,0,0,-44.8,-1,"[{'offset': 0, 'projected_percent': '-45.1', 'likelihood': -3}, {'offset': 1, 'projected_percent': '-46.1', 'likelihood': -3}, {'offset': 2, 'projected_percent': '-47.0', 'likelihood': -3}]",,False,0,3,1.0,1.0,0,Elliot,1.0,576,False,,,50,608227.jpg,1.8,False,Stroud,0.1,False,,a,11,88,7,3619,97,4575,352,0.2,1.4,Stroud,,206.0,2026-08-09,2002-06-22,False,p608227,249,0,0,2,1,0,0,0,1,0,0,0,17,8.4,22.7,12.0,3.8,3,12,5,20,4,0.06,0.05,0.11,4.32,,,,,,,[],,335,155,207,117,239,125,312,141,0.02,0.0,0.02,0.04,1.56,0.36,327,198,265,121,255,112,439,168,1.45,0.72,7.23
True,True,,,597462,0,0,0,0,-24.2,-2,"[{'offset': 0, 'projected_percent': '-24.4', 'likelihood': -2}, {'offset': 1, 'projected_percent': '-25.0', 'likelihood': -2}, {'offset': 2, 'projected_percent': '-25.6', 'likelihood': -2}]",,False,0,2,1.0,1.0,1,Lucas,1.0,585,False,,,40,597462.jpg,1.0,False,Herrington,0.6,False,,a,11,88,5,12575,776,18092,1205,0.2,1.2,Herrington,,13.0,2026-08-12,2007-09-05,False,p597462,197,0,0,0,3,0,0,0,0,0,0,0,19,42.8,23.1,11.0,7.7,14,6,2,16,1,0.02,0.04,0.06,3.36,,,,,,,[],,208,84,206,68,244,82,237,87,0.01,0.0,0.02,0.03,1.54,1.37,654,204,256,91,304,111,235,91,0.46,0.0,7.31
True,True,100.0,0.0,606930,0,0,1,-1,-0.2,0,"[{'offset': 0, 'projected_percent': '-0.2', 'likelihood': -1}, {'offset': 1, 'projected_percent': '-0.2', 'likelihood': -1}, {'offset': 2, 'projected_percent': '-0.2', 'likelihood': -1}]",2026-09-27T16:30:09.400433Z,False,1,2,2.5,0.0,0,Nobel,2.5,586,False,,2026-09-12T18:00:09.334142Z,41,606930.jpg,6.2,False,Mendy,6.3,False,,a,11,88,25,681276,4984,353891,28908,0.6,6.1,Mendy,,189.0,2026-08-12,2004-09-03,False,p606930,249,1,0,2,1,0,0,0,0,0,0,1,69,108.2,1.4,54.0,16.4,32,6,7,39,4,0.32,0.00,0.32,4.02,,,,,,,[],,63,27,346,125,88,15,117,38,0.12,0.0,0.0,0.12,1.45,0.36,586,161,150,58,20,8,61,25,1.45,0.72,14.1
True,True,,,469266,0,0,0,0,-68.3,-1,"[{'offset': 0, 'projected_percent': '-70.6', 'likelihood': -3}, {'offset': 1, 'projected_percent': '-77.7', 'likelihood': -3}, {'offset': 2, 'projected_percent': '-84.8', 'likelihood': -3}]",,False,0,3,1.0,1.0,1,Lucas,1.0,589,False,,,50,469266.jpg,1.3,False,Gourna-Douath,0.0,False,,a,11,88,4,697,28,1312,77,0.2,0.8,Gourna-Douath,,73.0,2026-08-15,2003-08-05,False,p469266,138,0,0,1,0,0,0,0,1,0,0,0,18,29.4,33.5,2.0,6.5,5,7,5,17,1,0.03,0.03,0.06,2.26,,,,,,,[],,257,106,174,103,327,163,263,117,0.02,0.0,0.02,0.04,1.47,0.0,289,175,263,119,284,129,558,231,0.65,0.65,11.09
True,True,,,490884,0,0,0,0,0.2,3,"[{'offset': 0, 'projected_percent': '0.2', 'likelihood': 1}, {'offset': 1, 'projected_percent': '0.2', 'likelihood': 1}, {'offset': 2, 'projected_percent': '0.3', 'likelihood': 1}]",,False,0,3,2.2,2.2,6,Mohamed-Ali,2.2,617,False,,,50,490884.jpg,2.2,False,Cho,0.0,False,,a,11,88,9,1707,271,716,104,0.4,1.8,Cho,,73.0,2026-08-27,2004-01-19,False,p490884,72,1,0,0,1,0,0,0,0,0,0,0,36,49.8,43.9,55.0,14.9,1,1,0,2,0,0.79,0.36,1.15,0.98,,,,,,,[],,196,83,142,90,85,51,144,73,0.99,0.0,0.45,1.44,1.22,1.25,299,181,177,75,216,94,588,244,0.0,0.0,2.5
True,True,0.0,0.0,626751,0,0,0,0,-54.1,-4,"[{'offset': 0, 'projected_percent': '-56.5', 'likelihood': -3}, {'offset': 1, 'projected_percent': '-63.8', 'likelihood': -3}, {'offset': 2, 'projected_percent': '-71.1', 'likelihood': -3}]",,False,0,4,0.0,0.0,0,Ilyas,0.0,632,False,Back injury - Unknown return date,2026-09-09T10:00:08.919489Z,50,626751.jpg,0.0,False,Ansah,0.0,False,,i,11,88,0,5094,47,3402,322,0.0,0.0,Ansah,,80.0,2026-09-01,2004-11-08,False,p626751,0,0,0,0,0,0,0,0,0,0,0,0,0,0.0,0.0,0.0,0.0,0,0,0,0,0,0.00,0.00,0.00,0.00,,,,,,,[],,618,66,624,70,602,65,624,70,0.0,0.0,0.0,0.0,0.0,0.0,331,61,620,68,627,71,553,74,0.0,0.0,0.0
True,True,,,631000,0,0,0,0,1.1,2,"[{'offset': 0, 'projected_percent': '1.1', 'likelihood': 1}, {'offset': 1, 'projected_percent': '1.1', 'likelihood': 1}, {'offset': 2, 'projected_percent': '1.1', 'likelihood': 1}]",,False,0,4,0.7,0.7,1,Robinio,0.7,637,False,,,50,631000.jpg,1.0,False,Vaz,0.1,False,,a,11,88,2,11853,1348,3675,854,0.1,0.4,Vaz,,73.0,2026-09-01,2007-02-17,False,p631000,20,0,0,0,0,0,0,0,0,0,0,0,8,2.4,11.7,2.0,1.6,0,2,0,2,0,0.00,0.01,0.01,0.31,,,,,,,[],,383,41,267,34,328,42,358,40,0.0,0.0,0.04,0.04,1.4,0.0,333,63,299,34,360,39,413,62,0.0,0.0,9.0
True,True,75.0,,496181,0,0,0,0,-13.5,-23,"[{'offset': 0, 'projected_percent': '-15.9', 'likelihood': -1}, {'offset': 1, 'projected_percent': '-23.3', 'likelihood': -2}, {'offset': 2, 'projected_percent': '-30.7', 'likelihood': -2}]",,False,0,2,0.2,0.3,0,Brooke,0.3,638,False,Hamstring injury - 75% chance of playing,2026-09-21T08:30:09.561308Z,40,496181.jpg,0.5,False,Norton-Cuffy,0.2,False,,d,11,88,1,26044,428,9511,1685,0.1,0.2,Norton-Cuffy,,241.0,2026-09-01,2004-01-12,False,p496181,34,0,0,0,0,0,0,0,1,0,0,0,3,2.2,0.6,9.0,1.2,1,4,0,1,0,0.05,0.00,0.05,0.30,,,,,,,[],,384,142,366,135,259,89,370,131,0.13,0.0,0.0,0.13,0.79,0.0,632,184,354,123,414,144,311,116,0.0,0.0,2.65
True,True,,,243951,0,0,0,0,0.2,1,"[{'offset': 0, 'projected_percent': '0.2', 'likelihood': 1}, {'offset': 1, 'projected_percent': '0.2', 'likelihood': 1}, {'offset': 2, 'projected_percent': '0.2', 'likelihood': 1}]",,False,0,3,1.3,1.3,2,Sorba,1.3,642,False,,,55,243951.jpg,1.3,False,Thomas,0.0,False,,a,11,88,4,2933,329,1109,260,0.2,0.7,Thomas,,244.0,2026-09-01,1999-01-25,False,p243951,119,0,0,0,3,0,0,0,0,0,0,0,13,8.8,40.9,12.0,5.8,0,7,1,8,1,0.21,0.11,0.32,2.04,,,,,,,[],,333,153,154,99,241,126,275,122,0.16,0.0,0.08,0.24,1.54,2.27,139,84,245,112,285,130,554,227,0.76,0.0,6.05
True,True,,,647839,0,0,0,0,0.0,0,"[{'offset': 0, 'projected_percent': '0.0', 'likelihood': 0}, {'offset': 1, 'projected_percent': '0.0', 'likelihood': 0}, {'offset': 2, 'projected_percent': '0.0', 'likelihood': 0}]",,False,0,3,0.0,0.0,0,Christos,0.0,645,False,,,50,647839.jpg,0.0,False,Mouzakitis,0.0,False,,a,11,88,0,751,59,296,70,0.0,0.0,Mouzakitis,,83.0,2026-09-01,2006-12-25,False,p647839,0,0,0,0,0,0,0,0,0,0,0,0,0,0.0,0.0,0.0,0.0,0,0,0,0,0,0.00,0.00,0.00,0.00,,,,,,,[],,619,267,625,272,604,259,625,269,0.0,0.0,0.0,0.0,0.0,0.0,334,201,621,269,628,272,623,265,0.0,0.0,0.0
True,True,,,219924,0,0,0,0,-47.9,-24,"[{'offset': 0, 'projected_percent': '-48.0', 'likelihood': -3}, {'offset': 1, 'projected_percent': '-48.3', 'likelihood': -3}, {'offset': 2, 'projected_percent': '-48.5', 'likelihood': -3}]",,False,0,2,2.5,2.5,4,Issa,2.5,259,False,,,40,219924.jpg,2.4,False,Diop,12.9,False,,a,12,40,12,134291,5254,495049,42427,0.6,3.0,Diop,,145.0,2026-07-22,1997-01-09,False,p219924,450,0,0,0,11,0,0,0,0,0,0,0,45,121.6,24.2,9.0,15.5,41,21,4,45,5,0.06,0.16,0.22,8.98,,,,,,,[],,41,18,202,66,258,88,131,43,0.01,0.0,0.03,0.04,1.8,2.2,610,171,149,57,192,76,31,11,1.0,0.0,9.0
True,True,,,212314,-1,1,-1,1,-3.5,-4,"[{'offset': 0, 'projected_percent': '-4.5', 'likelihood': -1}, {'offset': 1, 'projected_percent': '-7.5', 'likelihood': -1}, {'offset': 2, 'projected_percent': '-10.5', 'likelihood': -1}]",,False,0,3,1.5,1.5,2,Saša,1.5,267,False,,,49,212314.jpg,2.2,False,Lukić,0.1,False,,a,12,40,11,3375,147,6354,401,0.3,2.2,Lukić,,190.0,2026-08-08,1996-08-13,False,p212314,400,0,1,0,10,0,0,0,2,0,0,0,68,71.0,81.2,6.0,15.8,17,13,7,37,5,0.02,0.41,0.43,7.37,1.0,,,,,,[],,131,44,59,48,287,147,124,65,0.0,0.0,0.09,0.09,1.66,2.25,354,215,232,103,210,91,416,154,1.12,0.0,8.32
True,True,,,108813,0,0,-1,1,-7.4,2,"[{'offset': 0, 'projected_percent': '-7.1', 'likelihood': -1}, {'offset': 1, 'projected_percent': '-6.3', 'likelihood': -1}, {'offset': 2, 'projected_percent': '-5.4', 'likelihood': -1}]",,False,0,1,0.5,0.5,2,Christian,0.5,300,False,,,44,108813.jpg,2.0,False,Walton,0.4,False,,a,12,40,2,2885,1200,14552,639,0.1,0.5,Walton,,241.0,2022-01-19,1995-11-09,False,p108813,90,0,0,0,1,0,0,0,0,0,1,0,10,12.0,0.0,0.0,1.2,2,17,0,0,1,0.00,0.01,0.01,2.24,,,,,,,[],,311,24,457,31,405,26,371,24,0.0,1.0,0.01,0.01,2.24,1.0,550,45,314,22,223,19,269,36,1.0,0.0,0.0
True,True,,,112520,0,0,0,0,-22.9,-12,"[{'offset': 0, 'projected_percent': '-23.1', 'likelihood': -2}, {'offset': 1, 'projected_percent': '-23.5', 'likelihood': -2}, {'offset': 2, 'projected_percent': '-23.9', 'likelihood': -2}]",,False,0,1,0.0,0.0,0,Alex,0.0,301,False,,,40,112520.jpg,0.0,False,Palmer,3.9,False,,a,12,40,0,73478,2882,110005,8766,0.0,0.0,Palmer,,241.0,2025-02-03,1996-08-10,False,p112520,0,0,0,0,0,0,0,0,0,0,0,0,0,0.0,0.0,0.0,0.0,0,0,0,0,0,0.00,0.00,0.00,0.00,,,,,,,[],,420,33,408,14,352,9,424,33,0.0,0.0,0.0,0.0,0.0,0.0,597,57,414,32,434,33,87,14,0.0,0.0,0.0
True,True,,,50093,0,0,0,0,1.1,0,"[{'offset': 0, 'projected_percent': '1.1', 'likelihood': 1}, {'offset': 1, 'projected_percent': '1.1', 'likelihood': 1}, {'offset': 2, 'projected_percent': '1.1', 'likelihood': 1}]",,False,0,1,0.0,0.0,0,David,0.0,302,False,,,40,50093.jpg,0.0,False,Button,0.6,False,,a,12,40,0,31160,1150,14786,934,0.0,0.0,Button,,241.0,2025-07-04,1989-02-27,False,p50093,0,0,0,0,0,0,0,0,0,0,0,0,0,0.0,0.0,0.0,0.0,0,0,0,0,0,0.00,0.00,0.00,0.00,,,,,,,[],,413,28,401,9,345,4,417,28,0.0,0.0,0.0,0.0,0.0,0.0,590,52,407,27,427,28,234,34,0.0,0.0,0.0
True,True,,,183015,0,0,-1,1,3.0,-13,"[{'offset': 0, 'projected_percent': '2.9', 'likelihood': 1}, {'offset': 1, 'projected_percent': '2.8', 'likelihood': 1}, {'offset': 2, 'projected_percent': '2.6', 'likelihood': 1}]",,False,0,2,0.0,0.0,0,Cédric,0.0,303,False,,,39,183015.jpg,0.0,False,Kipré,0.9,False,,a,12,40,0,48043,3422,27915,3168,0.0,0.0,Kipré,,54.0,2026-07-01,1996-12-09,False,p183015,0,0,0,0,0,0,0,0,0,0,0,0,0,0.0,0.0,0.0,0.0,0,0,0,0,0,0.00,0.00,0.00,0.00,,,,,,,[],,407,148,395,144,339,129,411,147,0.0,0.0,0.0,0.0,0.0,0.0,665,215,401,140,421,148,198,76,0.0,0.0,0.0
True,True,,,216616,0,0,0,0,-35.6,-17,"[{'offset': 0, 'projected_percent': '-35.9', 'likelihood': -2}, {'offset': 1, 'projected_percent': '-36.8', 'likelihood': -2}, {'offset': 2, 'projected_percent': '-37.7', 'likelihood': -2}]",,False,0,2,1.5,1.5,2,Dara,1.5,304,False,,,40,216616.jpg,2.0,False,O'Shea,2.7,False,,a,12,40,10,64818,1399,124241,10898,0.4,2.5,O'Shea,,104.0,2024-08-25,1999-03-04,False,p216616,450,0,0,0,11,0,0,0,0,0,0,0,24,130.0,71.0,21.0,22.1,41,18,7,48,5,0.07,0.26,0.33,8.98,,,,,,,[],,31,11,72,12,177,53,71,15,0.01,0.0,0.05,0.06,1.8,2.2,609,170,228,82,222,84,109,42,1.0,0.0,9.6
True,True,,,455084,0,0,0,0,66.3,29,"[{'offset': 0, 'projected_percent': '66.4', 'likelihood': 3}, {'offset': 1, 'projected_percent': '66.8', 'likelihood': 3}, {'offset': 2, 'projected_percent': '67.2', 'likelihood': 3}]",,False,1,2,5.8,5.8,2,Leif,5.8,305,False,,,40,455084.jpg,5.0,False,Davis,6.9,False,,a,12,40,25,357174,36971,176037,18421,1.4,6.2,Davis,,241.0,2022-07-25,1999-12-31,False,p455084,450,2,2,0,11,0,0,0,0,0,0,1,52,144.8,61.9,117.0,32.5,22,10,2,24,5,1.59,0.46,2.05,8.98,,,2.0,,,,[],,25,7,91,20,24,2,24,2,0.32,0.0,0.09,0.41,1.8,2.2,624,180,23,7,56,23,54,21,1.0,0.0,4.8
True,True,,,449429,0,0,0,0,-81.8,-2,"[{'offset': 0, 'projected_percent': '-81.9', 'likelihood': -3}, {'offset': 1, 'projected_percent': '-82.2', 'likelihood': -3}, {'offset': 2, 'projected_percent': '-82.5', 'likelihood': -3}]",,False,0,2,0.2,0.2,0,Jacob,0.2,306,False,,,40,449429.jpg,0.8,False,Greaves,1.1,False,,a,12,40,3,8072,336,37262,2521,0.0,0.8,Greaves,,241.0,2024-07-12,2000-09-12,False,p449429,357,0,0,0,10,1,0,0,1,0,0,0,12,68.6,16.9,4.0,9.0,25,12,5,30,4,0.00,0.06,0.06,6.74,,,,,,,[],,136,62,230,78,301,106,223,81,0.0,0.0,0.02,0.02,1.7,2.52,622,178,361,128,401,137,171,66,1.01,0.0,7.56
True,True,,,176420,0,0,-1,1,1.7,4,"[{'offset': 0, 'projected_percent': '1.7', 'likelihood': 1}, {'offset': 1, 'projected_percent': '1.8', 'likelihood': 1}, {'offset': 2, 'projected_percent': '1.8', 'likelihood': 1}]",,False,0,2,0.2,0.2,0,Darnell,0.2,308,False,,,39,176420.jpg,1.0,False,Furlong,0.6,False,,a,12,40,1,17488,4851,18712,1935,0.1,0.3,Furlong,,241.0,2025-08-28,1995-10-31,False,p176420,17,0,0,0,1,0,0,0,0,0,0,0,-1,5.0,0.5,0.0,0.6,2,0,1,3,0,0.00,0.00,0.00,0.86,,,,,,,[],,359,134,370,138,338,128,386,138,0.0,0.0,0.0,0.0,4.55,5.29,664,214,358,125,297,104,232,89,0.0,0.0,15.88
True,True,,,501390,0,0,-1,1,-27.2,0,"[{'offset': 0, 'projected_percent': '-27.2', 'likelihood': -2}, {'offset': 1, 'projected_percent': '-27.2', 'likelihood': -2}, {'offset': 2, 'projected_percent': '-27.2', 'likelihood': -2}]",,False,0,3,0.5,0.5,0,Marcelino,0.5,309,False,,,49,501390.jpg,3.0,False,Núñez,0.1,False,,a,12,40,6,3077,60,7474,467,0.1,1.2,Núñez,,44.0,2025-08-29,2000-03-01,False,p501390,140,0,0,0,4,0,0,0,0,0,0,0,32,24.6,19.4,6.0,5.0,8,10,3,21,2,0.03,0.05,0.08,3.48,3.0,,1.0,,,,[],,269,113,220,120,288,148,291,130,0.02,0.0,0.03,0.05,2.24,2.57,386,229,328,152,139,55,407,149,1.29,0.0,13.5
True,True,100.0,100.0,241117,0,0,-1,1,0.0,0,"[{'offset': 0, 'projected_percent': '0.0', 'likelihood': 0}, {'offset': 1, 'projected_percent': '0.0', 'likelihood': 0}, {'offset': 2, 'projected_percent': '0.0', 'likelihood': 0}]",,False,0,3,0.0,0.0,0,Azor,0.0,310,False,,2026-07-29T18:00:10.305484Z,49,241117.jpg,0.0,False,Matusiwa,0.0,False,,a,12,40,0,124,13,274,13,0.0,0.0,Matusiwa,,152.0,2025-07-13,1998-04-28,False,p241117,0,0,0,0,0,0,0,0,0,0,0,0,0,0.0,0.0,0.0,0.0,0,0,0,0,0,0.00,0.00,0.00,0.00,,,,,,,[],,566,235,563,240,528,215,571,236,0.0,0.0,0.0,0.0,0.0,0.0,363,218,565,235,577,242,647,282,0.0,0.0,0.0
True,True,0.0,0.0,231899,-1,1,-1,1,0.1,1,"[{'offset': 0, 'projected_percent': '0.1', 'likelihood': 1}, {'offset': 1, 'projected_percent': '0.1', 'likelihood': 1}, {'offset': 2, 'projected_percent': '0.1', 'likelihood': 1}]",,False,0,3,0.0,0.0,0,Jack,0.0,312,False,Knee injury - Unknown return date,2026-07-29T18:00:10.319370Z,44,231899.jpg,0.0,False,Taylor,0.0,False,,i,12,40,0,846,270,2565,184,0.0,0.0,Taylor,,104.0,2023-06-26,1998-06-23,False,p231899,0,0,0,0,0,0,0,0,0,0,0,0,0,0.0,0.0,0.0,0.0,0,0,0,0,0,0.00,0.00,0.00,0.00,,,,,,,[],https://www.itfc.co.uk/news/2026/may/12/midfield-duo-undergo-surgery/,469,193,461,199,410,171,474,194,0.0,0.0,0.0,0.0,0.0,0.0,562,293,466,194,483,201,537,217,0.0,0.0,0.0
True,True,,,443261,0,0,-1,1,-75.4,-4,"[{'offset': 0, 'projected_percent': '-76.4', 'likelihood': -3}, {'offset': 1, 'projected_percent': '-79.7', 'likelihood': -3}, {'offset': 2, 'projected_percent': '-82.9', 'likelihood': -3}]",,False,0,3,1.0,1.0,2,Jack,1.0,313,False,,,54,443261.jpg,2.8,False,Clarke,0.2,False,,a,12,40,11,5445,94,15526,732,0.2,2.0,Clarke,Jack Clarke,241.0,2024-08-24,2000-11-23,False,p443261,170,1,0,0,2,0,0,0,1,0,0,1,48,52.0,55.4,45.0,15.2,3,5,2,10,2,0.30,0.37,0.67,1.97,4.0,,3.0,,1.0,,[],,187,76,104,70,106,60,139,72,0.16,0.0,0.2,0.36,1.04,1.06,193,121,269,124,171,72,343,122,1.06,0.0,5.29
True,True,0.0,,531442,0,0,-1,1,-24.0,-4,"[{'offset': 0, 'projected_percent': '-24.4', 'likelihood': -2}, {'offset': 1, 'projected_percent': '-25.7', 'likelihood': -2}, {'offset': 2, 'projected_percent': '-27.0', 'likelihood': -2}]",,False,0,3,0.0,1.5,-1,Abdul,1.5,315,False,Suspended until 17 Oct,2026-09-19T15:30:10.126897Z,54,531442.jpg,1.6,False,Fatawu,0.2,False,,s,12,40,8,5348,46,12777,1933,0.3,1.5,Fatawu,Abdul Fatawu,81.0,2026-07-21,2004-03-08,False,p531442,352,0,1,0,10,0,0,0,2,1,0,0,71,64.8,133.7,41.0,24.0,8,11,9,28,5,0.17,1.11,1.28,7.79,2.0,,,,,,[],,148,53,23,22,120,67,56,37,0.04,0.0,0.28,0.32,1.99,2.56,207,131,240,108,268,120,359,130,1.28,0.0,7.16
True,True,100.0,100.0,543968,0,0,0,0,77.2,-13,"[{'offset': 0, 'projected_percent': '77.2', 'likelihood': 3}, {'offset': 1, 'projected_percent': '77.0', 'likelihood': 3}, {'offset': 2, 'projected_percent': '76.8', 'likelihood': 3}]",,False,1,4,4.2,4.2,2,Emersonn,4.2,316,False,,2026-08-31T09:30:08.306145Z,55,543968.jpg,5.2,False,Correia da Silva,3.5,False,,a,12,40,26,309556,25858,137020,17746,0.8,4.7,Emersonn,Emersonn,30.0,2026-07-08,2004-07-16,False,p543968,317,2,1,0,6,0,0,0,0,0,0,6,110,98.8,50.4,104.0,25.3,3,4,3,10,5,1.61,0.12,1.73,4.29,,,,,2.0,,[],,80,6,117,10,32,13,52,9,0.46,0.0,0.03,0.49,1.22,1.7,158,39,65,7,54,5,96,13,1.42,0.0,2.84
True,True,100.0,100.0,481624,0,0,-1,1,-6.3,0,"[{'offset': 0, 'projected_percent': '-6.3', 'likelihood': -1}, {'offset': 1, 'projected_percent': '-6.3', 'likelihood': -1}, {'offset': 2, 'projected_percent': '-6.3', 'likelihood': -1}]",,False,0,3,0.5,0.5,1,Jaden,0.5,318,False,,2026-08-25T11:30:07.532993Z,54,481624.jpg,1.0,False,Philogene,0.1,False,,a,12,40,2,288,20,9239,115,0.1,0.4,Philogene,,241.0,2025-01-15,2002-02-08,False,p481624,52,0,0,0,1,0,0,0,0,0,0,0,11,4.8,4.6,13.0,2.2,0,4,0,4,0,0.08,0.01,0.08,0.97,5.0,,,,3.0,,[],,362,168,309,159,235,122,344,162,0.14,0.0,0.02,0.16,1.68,1.73,198,124,341,160,379,177,453,176,0.0,0.0,6.92
True,True,,,147675,0,0,0,0,22.8,-13,"[{'offset': 0, 'projected_percent': '22.8', 'likelihood': 2}, {'offset': 1, 'projected_percent': '22.6', 'likelihood': 2}, {'offset': 2, 'projected_percent': '22.4', 'likelihood': 2}]",,False,0,4,1.5,1.5,1,Chuba,1.5,320,False,,,50,147675.jpg,2.3,False,Akpom,1.2,False,,a,12,40,7,129873,3917,72038,7605,0.3,1.4,Akpom,,241.0,2026-07-01,1995-10-09,False,p147675,78,1,0,0,4,0,0,0,0,0,0,0,36,34.6,2.5,24.0,6.1,0,2,1,3,0,1.14,0.00,1.14,4.20,,,,,,,[],,238,20,326,42,170,29,267,28,1.32,0.0,0.0,1.32,4.85,4.62,246,51,233,26,203,21,165,26,0.0,0.0,3.46
True,True,,,557012,0,0,0,0,37.0,-24,"[{'offset': 0, 'projected_percent': '36.8', 'likelihood': 2}, {'offset': 1, 'projected_percent': '36.5', 'likelihood': 2}, {'offset': 2, 'projected_percent': '36.2', 'likelihood': 2}]",,False,0,4,0.0,0.0,0,Sindre,0.0,321,False,,,45,557012.jpg,1.0,False,Walle Egeli,3.5,False,,a,12,40,1,325990,13369,204910,20423,0.0,0.2,Walle Egeli,,161.0,2025-08-29,2006-06-21,False,p557012,10,0,0,0,0,0,0,0,0,0,0,0,3,0.0,0.1,0.0,0.0,0,0,0,0,0,0.00,0.00,0.00,0.03,,,,,,,[],,520,50,390,49,474,49,525,54,0.0,0.0,0.0,0.0,0.27,0.0,508,71,520,52,321,36,93,12,0.0,0.0,0.0
True,True,,,461587,-1,1,-1,1,-0.2,-6,"[{'offset': 0, 'projected_percent': '-0.3', 'likelihood': -1}, {'offset': 1, 'projected_percent': '-0.8', 'likelihood': -1}, {'offset': 2, 'projected_percent': '-1.3', 'likelihood': -1}]",,False,0,3,0.5,0.5,0,Kasey,0.5,323,False,,,44,461587.jpg,1.0,False,McAteer,1.0,False,,a,12,40,3,27271,527,60856,5009,0.1,0.7,McAteer,,104.0,2025-08-22,2001-11-22,False,p461587,42,0,0,0,0,0,0,0,0,0,0,0,12,4.6,1.8,7.0,1.4,0,4,1,5,0,0.05,0.00,0.05,0.21,,,,,,,[],,363,169,337,169,275,141,366,175,0.11,0.0,0.0,0.11,0.45,0.0,566,294,318,147,313,138,174,55,0.0,0.0,10.71
True,True,,,232457,-1,1,-2,2,-0.9,1,"[{'offset': 0, 'projected_percent': '0.0', 'likelihood': 0}, {'offset': 1, 'projected_percent': '0.0', 'likelihood': 0}, {'offset': 2, 'projected_percent': '0.0', 'likelihood': 0}]",,False,0,3,0.0,0.0,0,Anis,0.0,324,False,,,48,232457.jpg,0.0,False,Mehmeti,0.0,False,,a,12,40,0,376,50,2434,103,0.0,0.0,Mehmeti,,2.0,2026-01-23,2001-01-09,False,p232457,0,0,0,0,0,0,0,0,0,0,0,0,0,0.0,0.0,0.0,0.0,0,0,0,0,0,0.00,0.00,0.00,0.00,,,,,,,[],,553,225,549,231,511,204,558,226,0.0,0.0,0.0,0.0,0.0,0.0,412,251,553,226,565,233,530,213,0.0,0.0,0.0
True,True,,,442967,-1,1,-2,2,-6.9,0,"[{'offset': 0, 'projected_percent': '-6.9', 'likelihood': -1}, {'offset': 1, 'projected_percent': '-6.9', 'likelihood': -1}, {'offset': 2, 'projected_percent': '-6.9', 'likelihood': -1}]",,False,0,3,1.5,1.5,1,Daizen,1.5,562,False,,,53,442967.jpg,1.6,False,Maeda,0.2,False,,a,12,40,8,2826,98,19946,1176,0.3,1.5,Maeda,,108.0,2026-07-25,1997-10-20,False,p442967,259,0,0,0,8,0,0,0,0,0,0,0,32,31.0,5.5,47.0,8.1,8,4,8,20,3,0.71,0.02,0.73,6.05,,,,,,,[],,251,103,300,151,102,57,236,107,0.25,0.0,0.01,0.26,2.1,2.78,223,141,237,106,267,119,318,113,1.04,0.0,6.95
True,True,,,240514,0,0,0,0,-28.1,-4,"[{'offset': 0, 'projected_percent': '-28.5', 'likelihood': -2}, {'offset': 1, 'projected_percent': '-29.5', 'likelihood': -2}, {'offset': 2, 'projected_percent': '-30.5', 'likelihood': -2}]",,False,0,1,1.2,1.2,0,Kjell,1.2,564,False,,,45,240514.jpg,1.8,False,Scherpen,0.6,False,,a,12,40,7,14987,420,22475,1898,0.3,1.6,Scherpen,,152.0,2026-07-28,2000-01-23,False,p240514,360,0,0,0,10,0,0,0,0,0,15,0,40,103.6,0.0,0.0,10.3,8,39,0,0,4,0.00,0.01,0.01,6.74,,,,,,,[],,75,14,489,47,440,42,205,14,0.0,3.75,0.0,0.0,1.68,2.5,463,35,249,20,249,21,239,35,1.0,0.0,0.0
True,True,100.0,100.0,216055,-1,1,-2,2,-1.1,0,"[{'offset': 0, 'projected_percent': '-1.1', 'likelihood': -1}, {'offset': 1, 'projected_percent': '-1.1', 'likelihood': -1}, {'offset': 2, 'projected_percent': '-1.1', 'likelihood': -1}]",,False,0,3,0.5,0.5,1,Florentino Ibrain,0.5,571,False,,2026-08-25T11:30:07.678802Z,48,216055.jpg,1.0,False,Morris Luís,0.1,False,,a,12,40,2,1015,70,6979,248,0.1,0.4,Florentino,Florentino,173.0,2026-08-04,1999-08-19,False,p216055,30,0,0,0,0,0,0,0,0,0,0,0,9,9.0,22.3,2.0,3.2,1,0,1,2,0,0.00,0.01,0.01,0.75,,,,,,,[],,331,151,213,118,323,160,317,145,0.0,0.0,0.03,0.03,2.25,0.0,411,250,322,149,327,141,442,170,0.0,0.0,6.0
True,True,100.0,100.0,474120,0,0,0,0,8.2,-7,"[{'offset': 0, 'projected_percent': '8.1', 'likelihood': 1}, {'offset': 1, 'projected_percent': '8.1', 'likelihood': 1}, {'offset': 2, 'projected_percent': '8.0', 'likelihood': 1}]",,False,0,3,2.5,2.5,2,Julio,2.5,591,False,,2026-08-22T18:00:07.551930Z,55,474120.jpg,3.0,False,Enciso,0.8,False,,a,12,40,15,93109,1546,51213,4924,0.5,2.7,Enciso,,168.0,2026-08-17,2004-01-23,False,p474120,413,0,2,0,11,0,0,0,1,0,0,0,83,60.2,75.6,100.0,23.6,5,24,2,31,5,1.26,0.89,2.15,8.47,,,,,,,[],,164,63,66,54,35,20,59,39,0.27,0.0,0.19,0.46,1.85,2.4,150,92,158,65,152,63,201,63,1.09,0.0,6.76
True,True,,,572584,0,0,0,0,-28.1,-1,"[{'offset': 0, 'projected_percent': '-28.1', 'likelihood': -2}, {'offset': 1, 'projected_percent': '-28.3', 'likelihood': -2}, {'offset': 2, 'projected_percent': '-28.5', 'likelihood': -2}]",,False,0,2,1.2,1.2,2,Abdoul,1.2,592,False,,,40,572584.jpg,1.2,False,Ouattara,0.9,False,,a,12,40,6,13314,529,25671,1535,0.3,1.5,Ouattara,,54.0,2026-08-17,2005-10-22,False,p572584,131,0,0,0,2,0,0,0,0,0,0,0,29,31.6,36.2,9.0,7.6,7,14,4,11,1,0.02,0.03,0.05,3.13,,,,,,,[],,249,104,167,47,260,90,240,90,0.01,0.0,0.02,0.03,2.15,1.37,647,198,248,89,289,100,197,75,0.69,0.0,7.56
True,True,,,218543,0,0,0,0,1.0,-4,"[{'offset': 0, 'projected_percent': '1.0', 'likelihood': 1}, {'offset': 1, 'projected_percent': '0.9', 'likelihood': 1}, {'offset': 2, 'projected_percent': '0.9', 'likelihood': 1}]",,False,0,3,2.8,2.8,2,Exequiel,2.8,619,False,,,50,218543.jpg,2.8,False,Palacios,0.1,False,,a,12,40,11,8884,396,3231,621,0.6,2.2,Palacios,,10.0,2026-08-27,1998-10-05,False,p218543,275,0,0,0,7,0,0,0,0,0,0,0,64,55.4,46.6,4.0,10.6,12,23,9,44,3,0.00,0.09,0.09,5.30,,,,,,,[],,175,70,133,85,307,157,201,97,0.0,0.0,0.03,0.03,1.73,2.29,263,164,132,58,164,68,473,184,0.98,0.0,14.4
True,True,,,431639,0,0,0,0,0.4,0,"[{'offset': 0, 'projected_percent': '0.4', 'likelihood': 1}, {'offset': 1, 'projected_percent': '0.4', 'likelihood': 1}, {'offset': 2, 'projected_percent': '0.4', 'likelihood': 1}]",,False,0,4,2.0,2.0,0,Zian,2.0,640,False,,,55,431639.jpg,2.0,False,Flemming,0.1,False,,a,12,40,6,9018,656,2997,775,0.4,1.1,Flemming,,152.0,2026-09-01,1998-08-01,False,p431639,60,1,0,0,1,0,0,0,1,0,0,0,34,38.2,12.1,55.0,10.5,1,3,1,5,0,0.64,0.01,0.65,0.63,,,,,,,[],,224,19,264,32,86,21,203,22,0.96,0.0,0.02,0.98,0.94,1.5,141,37,197,18,238,24,464,67,0.0,0.0,7.5
True,True,0.0,0.0,153682,0,0,-3,3,-45.7,-115,"[{'offset': 0, 'projected_percent': '-46.9', 'likelihood': -3}, {'offset': 1, 'projected_percent': '-50.3', 'likelihood': -3}, {'offset': 2, 'projected_percent': '-53.7', 'likelihood': -3}]",,False,0,3,0.0,0.0,0,Harry,0.5,260,False,Thigh injury - Unknown return date,2026-09-18T13:30:09.626858Z,62,153682.jpg,1.2,False,Wilson,1.7,False,,i,13,2,5,29019,48,449137,32435,0.1,0.8,Wilson,,244.0,2026-07-08,1997-03-22,False,p153682,145,0,0,1,1,0,0,0,1,0,0,0,19,19.2,52.4,12.0,8.5,3,4,4,11,1,0.01,0.09,0.10,3.28,2.0,,2.0,,,,[],,287,123,111,73,242,127,229,106,0.01,0.0,0.06,0.07,2.04,0.62,54,38,345,163,295,135,136,42,0.62,0.62,6.83
True,True,,,434752,0,0,0,0,5.1,-16,"[{'offset': 0, 'projected_percent': '5.0', 'likelihood': 1}, {'offset': 1, 'projected_percent': '4.8', 'likelihood': 1}, {'offset': 2, 'projected_percent': '4.6', 'likelihood': 1}]",,False,0,2,0.5,0.5,0,Jaka,0.5,327,False,,,50,434752.jpg,4.0,False,Bijol,0.7,False,,a,13,2,12,68894,592,57849,4234,0.1,2.4,Bijol,,195.0,2025-06-23,1999-02-05,False,p434752,164,0,0,1,2,0,0,0,0,0,0,2,29,38.2,0.6,15.0,5.4,18,7,3,21,2,0.11,0.00,0.11,3.16,,,,,,,[],,223,90,369,137,220,71,285,107,0.06,0.0,0.0,0.06,1.73,1.1,279,44,329,119,92,39,215,84,1.1,0.55,11.52
True,True,0.0,0.0,214225,-1,1,-2,2,-4.3,-8,"[{'offset': 0, 'projected_percent': '-4.4', 'likelihood': -1}, {'offset': 1, 'projected_percent': '-4.8', 'likelihood': -1}, {'offset': 2, 'projected_percent': '-5.1', 'likelihood': -1}]",,False,0,2,0.0,0.0,0,Joe,0.2,329,False,Hamstring injury - Expected back 21 Nov,2026-08-30T16:00:08.564382Z,43,214225.jpg,3.5,False,Rodon,0.8,False,,i,13,2,7,26928,34,295082,7077,0.0,1.6,Rodon,,244.0,2024-07-02,1997-10-22,False,p214225,123,0,0,1,0,0,0,0,0,0,0,0,25,23.0,14.7,7.0,4.5,10,2,1,11,2,0.03,0.06,0.09,1.01,,,,,,,[],https://www.leedsunited.com/en/news/daniel-farke-provides-fitness-update-ahead-of-brighton-clash-a,274,112,241,84,274,96,299,112,0.02,0.0,0.04,0.06,0.74,0.0,581,156,363,130,116,46,202,78,1.46,0.73,8.05
True,True,,,226182,0,0,1,-1,44.8,266,"[{'offset': 0, 'projected_percent': '46.0', 'likelihood': 3}, {'offset': 1, 'projected_percent': '49.7', 'likelihood': 3}, {'offset': 2, 'projected_percent': '53.4', 'likelihood': 3}]",,False,2,2,9.0,9.0,5,Jayden,9.0,330,True,,,46,226182.jpg,8.4,False,Bogle,6.8,False,,a,13,2,42,618616,92043,76033,16825,2.0,9.1,Bogle,,241.0,2024-07-20,2000-07-27,False,p226182,365,2,0,4,1,0,0,0,2,0,0,6,122,108.8,34.6,119.0,26.2,11,11,5,16,5,1.38,0.08,1.46,2.89,,,,,,,[],,59,25,171,51,23,1,46,5,0.34,0.0,0.02,0.36,0.71,0.25,425,82,4,2,4,2,58,23,1.23,0.99,3.95
True,True,100.0,100.0,243526,0,0,0,0,0.8,4,"[{'offset': 0, 'projected_percent': '0.9', 'likelihood': 1}, {'offset': 1, 'projected_percent': '0.9', 'likelihood': 1}, {'offset': 2, 'projected_percent': '1.0', 'likelihood': 1}]",,False,0,2,3.5,3.5,6,Gabriel,3.5,331,False,,2026-08-08T20:00:07.546568Z,45,243526.jpg,4.7,False,Gudmundsson,0.1,False,,a,13,2,14,3950,352,2643,213,0.8,3.1,Gudmundsson,,206.0,2025-07-08,1999-04-29,False,p243526,252,0,0,2,1,0,0,0,0,0,0,0,62,38.6,29.5,8.0,7.7,5,12,9,14,3,0.00,0.21,0.21,3.83,,,,,,,[],,222,89,188,59,268,94,238,88,0.0,0.0,0.08,0.08,1.37,0.36,466,106,90,36,69,31,466,165,1.07,0.71,5.0
True,True,,,220627,0,0,0,0,16.8,-2,"[{'offset': 0, 'projected_percent': '16.8', 'likelihood': 1}, {'offset': 1, 'projected_percent': '16.8', 'likelihood': 1}, {'offset': 2, 'projected_percent': '16.7', 'likelihood': 1}]",,False,0,2,4.0,4.0,8,James,4.0,332,False,,,45,220627.jpg,5.2,False,Justin,1.5,False,,a,13,2,26,120163,2891,69205,4292,0.9,5.8,Justin,,241.0,2025-08-25,1998-02-23,False,p220627,450,0,0,2,3,0,0,0,0,0,0,4,91,103.6,56.1,41.0,20.0,28,14,16,44,5,0.22,0.42,0.64,6.46,,,,,,,[],,74,34,102,25,118,29,88,27,0.04,0.0,0.08,0.12,1.29,0.6,456,100,70,30,52,21,152,61,1.0,0.4,8.8
True,True,,,522047,0,0,0,0,35.7,-8,"[{'offset': 0, 'projected_percent': '35.7', 'likelihood': 2}, {'offset': 1, 'projected_percent': '35.6', 'likelihood': 2}, {'offset': 2, 'projected_percent': '35.5', 'likelihood': 2}]",,False,0,2,5.2,5.2,6,Tarik,5.2,334,False,,,50,522047.jpg,5.4,False,Muharemović,4.3,False,,a,13,2,27,289704,18419,164174,15290,1.0,5.4,Muharemović,,27.0,2026-07-17,2003-02-28,False,p522047,450,0,1,2,3,0,0,0,0,0,0,0,101,147.4,13.6,41.0,20.2,53,16,5,58,5,0.49,0.05,0.54,6.46,,,,,,,[],,19,4,255,92,119,30,86,25,0.1,0.0,0.01,0.11,1.29,0.6,313,53,37,14,47,18,79,31,1.0,0.4,11.6
True,True,,,466525,0,0,0,0,15.9,-32,"[{'offset': 0, 'projected_percent': '15.8', 'likelihood': 1}, {'offset': 1, 'projected_percent': '15.4', 'likelihood': 1}, {'offset': 2, 'projected_percent': '14.9', 'likelihood': 1}]",,False,1,3,3.5,3.5,5,Anton,3.5,335,False,,,60,466525.jpg,5.4,False,Stach,2.5,False,,a,13,2,27,200875,3532,160147,15414,0.6,4.5,Stach,,80.0,2025-07-22,1998-11-15,False,p466525,447,1,0,3,2,0,0,0,0,0,0,3,86,116.4,93.3,55.0,26.5,27,21,13,61,5,0.97,0.31,1.28,6.17,1.0,,1.0,,,,[],,47,17,45,38,87,52,45,34,0.2,0.0,0.06,0.26,1.24,0.4,72,49,98,41,50,23,115,35,1.01,0.6,12.28
True,True,,,435997,0,0,-2,2,1.5,-3,"[{'offset': 0, 'projected_percent': '1.4', 'likelihood': 1}, {'offset': 1, 'projected_percent': '1.4', 'likelihood': 1}, {'offset': 2, 'projected_percent': '1.4', 'likelihood': 1}]",,False,0,3,4.2,4.2,3,Noah,4.2,336,False,,,58,435997.jpg,3.6,False,Okafor,0.4,False,,a,13,2,18,26401,1294,34351,2565,0.7,3.1,Okafor,,207.0,2025-08-21,2000-05-24,False,p435997,299,1,0,3,1,0,0,0,0,0,0,1,82,67.0,41.4,40.0,14.8,3,8,7,18,4,0.17,0.27,0.44,2.37,,,,,,,[],,140,47,152,97,124,69,148,75,0.05,0.0,0.08,0.13,0.71,0.3,102,65,66,26,113,45,268,89,1.2,0.9,5.42
True,True,,,427637,-1,1,-2,2,-3.6,-8,"[{'offset': 0, 'projected_percent': '-4.1', 'likelihood': -1}, {'offset': 1, 'projected_percent': '-5.4', 'likelihood': -1}, {'offset': 2, 'projected_percent': '-6.7', 'likelihood': -1}]",,False,0,3,1.0,1.0,1,Brenden,1.0,337,False,,,53,427637.jpg,1.4,False,Aaronson,0.5,False,,a,13,2,7,6713,150,47354,2625,0.2,1.3,Aaronson,,229.0,2022-07-01,2000-10-22,False,p427637,194,0,0,1,3,0,0,0,0,0,0,0,36,11.8,3.7,9.0,2.5,1,11,3,15,2,0.01,0.02,0.03,3.78,,,4.0,,,,[],,313,139,318,161,263,135,337,158,0.0,0.0,0.01,0.01,1.75,1.39,221,139,266,122,277,124,252,82,0.93,0.46,6.96
True,True,,,199598,0,0,-1,1,-24.0,-3,"[{'offset': 0, 'projected_percent': '-24.1', 'likelihood': -2}, {'offset': 1, 'projected_percent': '-24.5', 'likelihood': -2}, {'offset': 2, 'projected_percent': '-24.9', 'likelihood': -2}]",,False,0,3,4.0,4.0,5,Ethan,4.0,338,False,,,54,199598.jpg,4.2,False,Ampadu,0.9,False,,a,13,2,21,17514,1081,59388,3709,0.7,3.9,Ampadu,,244.0,2023-07-19,2000-09-14,False,p199598,450,0,1,2,3,0,0,0,0,0,0,0,87,88.6,67.1,5.0,16.1,24,24,12,60,5,0.08,0.26,0.34,6.46,,,,,,,[],,100,28,85,62,295,153,122,64,0.02,0.0,0.05,0.07,1.29,0.6,176,112,76,29,82,34,188,59,1.0,0.4,12.0
True,True,,,180135,0,0,-1,1,-83.2,-2,"[{'offset': 0, 'projected_percent': '-84.3', 'likelihood': -3}, {'offset': 1, 'projected_percent': '-87.7', 'likelihood': -3}, {'offset': 2, 'projected_percent': '-91.2', 'likelihood': -3}]",,False,0,3,0.2,0.2,0,Sean,0.2,339,False,,,49,180135.jpg,1.0,False,Longstaff,0.1,False,,a,13,2,2,2467,94,7965,481,0.0,0.4,Longstaff,,241.0,2025-07-18,1997-10-30,False,p180135,10,0,0,0,1,0,0,0,0,0,0,0,7,0.0,0.2,0.0,0.0,0,0,0,0,0,0.00,0.00,0.00,0.35,3.0,,3.0,,,,[],,562,231,387,194,523,211,567,232,0.0,0.0,0.0,0.0,3.15,9.0,348,209,371,172,332,143,436,165,0.0,0.0,0.0
True,True,,,200617,0,0,-1,1,-22.3,-1,"[{'offset': 0, 'projected_percent': '-22.9', 'likelihood': -2}, {'offset': 1, 'projected_percent': '-24.7', 'likelihood': -2}, {'offset': 2, 'projected_percent': '-26.6', 'likelihood': -2}]",,False,0,3,0.8,0.8,1,Daniel,0.8,343,False,,,49,200617.jpg,1.0,False,James,0.1,False,,a,13,2,3,4114,145,7888,438,0.2,0.6,James,,244.0,2021-08-31,1997-11-10,False,p200617,52,0,0,0,1,0,0,0,0,0,0,0,9,1.2,1.3,19.0,1.9,1,4,0,5,0,0.35,0.01,0.36,1.61,,,,,,,[],,394,184,351,174,191,104,350,166,0.61,0.0,0.02,0.63,2.79,1.73,350,211,281,129,333,144,425,160,0.0,0.0,8.65
True,True,100.0,100.0,486520,0,0,0,0,0.0,0,"[{'offset': 0, 'projected_percent': '0.0', 'likelihood': 0}, {'offset': 1, 'projected_percent': '0.0', 'likelihood': 0}, {'offset': 2, 'projected_percent': '0.0', 'likelihood': 0}]",,False,0,3,0.0,0.0,0,Ilia,0.0,344,False,,2026-08-14T23:00:06.272027Z,50,486520.jpg,0.0,False,Gruev,0.0,False,,a,13,2,0,115,36,305,10,0.0,0.0,Gruev,,34.0,2023-08-31,2000-05-06,False,p486520,0,0,0,0,0,0,0,0,0,0,0,0,0,0.0,0.0,0.0,0.0,0,0,0,0,0,0.00,0.00,0.00,0.00,,,,,,,[],,599,255,605,260,581,245,605,257,0.0,0.0,0.0,0.0,0.0,0.0,293,176,601,257,608,260,646,281,0.0,0.0,0.0
True,True,,,248056,0,0,-1,1,4.4,4,"[{'offset': 0, 'projected_percent': '4.5', 'likelihood': 1}, {'offset': 1, 'projected_percent': '4.5', 'likelihood': 1}, {'offset': 2, 'projected_percent': '4.6', 'likelihood': 1}]",,False,0,3,3.5,3.5,2,Tanaka,3.5,345,False,,,49,248056.jpg,3.5,False,Ao,0.3,False,,a,13,2,14,22086,1568,16918,1683,0.7,2.9,Tanaka,,108.0,2024-08-30,1998-09-10,False,p248056,255,0,2,2,1,0,0,0,1,0,0,0,48,50.0,18.3,20.0,8.6,11,10,8,29,3,0.73,0.05,0.78,3.24,4.0,,,,,,[],,195,82,222,121,189,102,227,104,0.26,0.0,0.02,0.28,1.14,0.35,365,219,92,37,118,47,287,97,1.06,0.71,10.24
True,True,,,177815,0,0,0,0,64.7,-137,"[{'offset': 0, 'projected_percent': '64.1', 'likelihood': 3}, {'offset': 1, 'projected_percent': '62.2', 'likelihood': 3}, {'offset': 2, 'projected_percent': '60.3', 'likelihood': 3}]",,False,0,4,5.2,5.2,2,Dominic,5.2,346,False,,,60,177815.jpg,4.4,False,Calvert-Lewin,25.0,False,,a,13,2,22,987668,71039,1282560,129618,0.9,3.7,Calvert-Lewin,,241.0,2025-08-15,1997-03-16,False,p177815,419,2,1,3,2,0,0,0,3,0,0,4,73,104.0,29.6,153.0,28.2,9,13,0,22,5,3.00,0.08,3.08,4.85,,,,,1.0,,[],,73,5,187,21,10,5,38,7,0.64,0.0,0.02,0.66,1.04,0.43,65,14,40,6,79,7,13,3,1.07,0.64,4.73
True,True,,,174594,0,0,-1,1,-22.1,-9,"[{'offset': 0, 'projected_percent': '-23.0', 'likelihood': -2}, {'offset': 1, 'projected_percent': '-25.9', 'likelihood': -2}, {'offset': 2, 'projected_percent': '-28.7', 'likelihood': -2}]",,False,0,4,1.8,1.8,1,Lukas,1.8,347,False,,,54,174594.jpg,1.8,False,Nmecha,0.5,False,,a,13,2,7,21565,1371,36274,2853,0.3,1.3,Nmecha,,80.0,2025-07-01,1998-12-14,False,p174594,64,0,1,0,1,0,0,0,0,0,0,0,28,20.4,22.4,15.0,5.7,0,3,1,4,0,0.27,0.15,0.42,2.90,,,,,2.0,,[],,284,26,210,24,222,32,278,31,0.38,0.0,0.21,0.59,4.08,1.41,171,41,215,22,256,31,256,43,0.0,0.0,5.62
True,True,0.0,0.0,565297,0,0,0,0,-37.0,-2,"[{'offset': 0, 'projected_percent': '-37.8', 'likelihood': -2}, {'offset': 1, 'projected_percent': '-40.1', 'likelihood': -3}, {'offset': 2, 'projected_percent': '-42.5', 'likelihood': -3}]",,False,0,4,0.0,0.0,0,Mateo,0.0,349,False,Knee injury - Unknown return date,2026-07-29T18:00:10.338170Z,45,565297.jpg,0.0,False,Joseph Fernández-Regatillo,0.1,False,,i,13,2,0,3016,230,4335,361,0.0,0.0,Mateo Joseph,,200.0,2022-11-04,2003-10-19,False,p565297,0,0,0,0,0,0,0,0,0,0,0,0,0,0.0,0.0,0.0,0.0,0,0,0,0,0,0.00,0.00,0.00,0.00,,,,,,,[],,521,51,517,55,475,50,526,55,0.0,0.0,0.0,0.0,0.0,0.0,509,72,521,53,534,56,494,69,0.0,0.0,0.0
True,True,,,432720,0,0,0,0,30.1,31,"[{'offset': 0, 'projected_percent': '30.2', 'likelihood': 2}, {'offset': 1, 'projected_percent': '30.6', 'likelihood': 2}, {'offset': 2, 'projected_percent': '31.1', 'likelihood': 2}]",,False,0,1,4.8,4.8,10,James,4.8,385,False,,,50,432720.jpg,5.6,False,Trafford,5.5,False,,a,13,2,28,255964,13993,154628,10283,1.0,5.6,Trafford,,241.0,2026-08-06,2002-10-10,False,p432720,450,0,0,2,3,0,0,0,0,0,20,5,117,148.6,0.0,0.0,14.9,6,55,0,0,5,0.00,0.00,0.00,6.46,,,,,,,[],,18,3,598,67,573,66,143,4,0.0,4.0,0.0,0.0,1.29,0.6,277,11,49,4,39,3,70,10,1.0,0.4,0.0
True,True,,,173774,0,0,0,0,0.6,-1,"[{'offset': 0, 'projected_percent': '0.6', 'likelihood': 1}, {'offset': 1, 'projected_percent': '0.6', 'likelihood': 1}, {'offset': 2, 'projected_percent': '0.6', 'likelihood': 1}]",,False,0,2,3.2,3.2,6,Nico,3.2,598,False,,,45,173774.jpg,3.2,False,Elvedi,0.1,False,,a,13,2,13,5274,159,2715,156,0.7,2.9,Elvedi,,207.0,2026-08-19,1996-09-30,False,p173774,326,0,0,1,3,0,0,0,0,0,0,0,56,83.0,25.4,39.0,14.8,27,8,2,29,3,0.12,0.58,0.70,5.45,,,,,,,[],,110,49,196,63,126,34,145,50,0.03,0.0,0.16,0.19,1.5,0.83,446,93,102,41,125,53,491,175,0.83,0.28,8.01
True,True,,,643970,0,0,0,0,0.2,-2,"[{'offset': 0, 'projected_percent': '0.2', 'likelihood': 1}, {'offset': 1, 'projected_percent': '0.1', 'likelihood': 1}, {'offset': 2, 'projected_percent': '0.1', 'likelihood': 1}]",,False,0,2,0.0,0.0,0,Jayden,0.0,603,False,,,40,643970.jpg,0.0,False,Lienou,0.1,False,,a,13,2,0,6856,183,3840,373,0.0,0.0,Lienou,,244.0,2026-05-10,2008-04-08,False,p643970,0,0,0,0,0,0,0,0,0,0,0,0,0,0.0,0.0,0.0,0.0,0,0,0,0,0,0.00,0.00,0.00,0.00,,,,,,,[],,463,179,454,178,399,164,468,179,0.0,0.0,0.0,0.0,0.0,0.0,659,209,459,173,477,179,411,152,0.0,0.0,0.0
True,True,,,592740,0,0,0,0,-5.5,-2,"[{'offset': 0, 'projected_percent': '-6.2', 'likelihood': -1}, {'offset': 1, 'projected_percent': '-8.4', 'likelihood': -1}, {'offset': 2, 'projected_percent': '-10.6', 'likelihood': -1}]",,False,0,3,0.0,0.0,0,Alfie,0.0,604,False,,,45,592740.jpg,0.0,False,Cresswell,0.1,False,,a,13,2,0,13986,230,7704,676,0.0,0.0,Cresswell,,241.0,2026-05-16,2007-07-15,False,p592740,0,0,0,0,0,0,0,0,0,0,0,0,0,0.0,0.0,0.0,0.0,0,0,0,0,0,0.00,0.00,0.00,0.00,,,,,,,[],,528,210,524,216,482,188,533,211,0.0,0.0,0.0,0.0,0.0,0.0,519,272,528,211,541,218,376,137,0.0,0.0,0.0
True,True,,,97846,0,0,0,0,0.4,-7,"[{'offset': 0, 'projected_percent': '0.3', 'likelihood': 1}, {'offset': 1, 'projected_percent': '0.2', 'likelihood': 1}, {'offset': 2, 'projected_percent': '0.1', 'likelihood': 1}]",,False,0,1,0.0,0.0,0,Alex,0.0,625,False,,,40,97846.jpg,0.0,False,Cairns,0.2,False,,a,13,2,0,19608,649,5709,551,0.0,0.0,Cairns,,241.0,2024-07-08,1993-01-04,False,p97846,0,0,0,0,0,0,0,0,0,0,0,0,0,0.0,0.0,0.0,0.0,0,0,0,0,0,0.00,0.00,0.00,0.00,,,,,,,[],,418,32,406,13,350,8,422,32,0.0,0.0,0.0,0.0,0.0,0.0,595,56,412,31,432,32,328,39,0.0,0.0,0.0
True,True,,,155465,0,0,0,0,2.2,-10,"[{'offset': 0, 'projected_percent': '2.1', 'likelihood': 1}, {'offset': 1, 'projected_percent': '2.0', 'likelihood': 1}, {'offset': 2, 'projected_percent': '1.9', 'likelihood': 1}]",,False,0,1,0.0,0.0,0,Michael,0.0,629,False,,,40,155465.jpg,0.0,False,Zetterer,0.7,False,,a,13,2,0,57738,2298,13361,1986,0.0,0.0,Zetterer,,80.0,2026-08-29,1995-07-12,False,p155465,0,0,0,0,0,0,0,0,0,0,0,0,0,0.0,0.0,0.0,0.0,0,0,0,0,0,0.00,0.00,0.00,0.00,,,,,,,[],,421,34,409,15,353,10,425,34,0.0,0.0,0.0,0.0,0.0,0.0,598,58,415,33,435,34,220,32,0.0,0.0,0.0
True,True,,,437497,0,0,0,0,0.0,0,"[{'offset': 0, 'projected_percent': '0.0', 'likelihood': 0}, {'offset': 1, 'projected_percent': '0.0', 'likelihood': 0}, {'offset': 2, 'projected_percent': '0.0', 'likelihood': 0}]",,False,0,2,0.3,0.3,0,Melvin,0.3,641,False,,,45,437497.jpg,1.0,False,Bard,0.0,False,,a,13,2,1,936,74,338,62,0.1,0.2,Bard,,73.0,2026-09-01,2000-11-06,False,p437497,18,0,0,0,1,0,0,0,0,0,0,0,1,4.4,10.3,0.0,1.5,1,2,1,2,0,0.00,0.00,0.00,0.30,,,,,,,[],,365,136,279,100,446,183,361,126,0.0,0.0,0.0,0.0,1.5,5.0,473,112,355,124,319,122,616,208,0.0,0.0,10.0
True,True,,,587982,0,0,0,0,-45.7,0,"[{'offset': 0, 'projected_percent': '-45.7', 'likelihood': -3}, {'offset': 1, 'projected_percent': '-45.7', 'likelihood': -3}, {'offset': 2, 'projected_percent': '-45.7', 'likelihood': -3}]",,False,0,3,0.3,0.3,1,Jean-Mattéo,0.3,648,False,,,50,587982.jpg,1.0,False,Bahoya,0.0,False,,a,13,2,1,2210,78,1106,138,0.1,0.2,Bahoya,,73.0,2026-09-01,2005-05-07,False,p587982,1,0,0,0,0,0,0,0,0,0,0,0,5,1.0,0.3,0.0,0.1,0,0,0,0,0,0.00,0.00,0.00,0.00,,,,,,,[],,397,186,382,191,600,257,405,190,0.0,0.0,0.0,0.0,0.0,0.0,324,196,356,167,357,161,595,248,0.0,0.0,0.0
True,True,,,116535,0,0,0,0,1.1,-8,"[{'offset': 0, 'projected_percent': '1.0', 'likelihood': 1}, {'offset': 1, 'projected_percent': '0.9', 'likelihood': 1}, {'offset': 2, 'projected_percent': '0.8', 'likelihood': 1}]",,False,0,1,5.4,5.4,8,Alisson,5.4,350,False,,,55,116535.jpg,5.4,False,Becker,3.9,False,,a,14,14,27,141293,7975,141617,8093,1.0,4.9,A.Becker,Alisson Becker,30.0,2018-07-19,1992-10-02,False,p116535,450,0,0,3,4,0,0,0,1,0,14,5,96,99.2,0.0,0.0,9.9,10,47,0,0,5,0.00,0.00,0.00,6.12,,,,,,,[],,79,15,641,72,628,71,211,16,0.0,2.8,0.0,0.0,1.22,0.8,126,3,32,3,48,4,85,13,1.0,0.6,0.0
True,True,,,449027,0,0,-1,1,-86.5,0,"[{'offset': 0, 'projected_percent': '-86.5', 'likelihood': -3}, {'offset': 1, 'projected_percent': '-86.5', 'likelihood': -3}, {'offset': 2, 'projected_percent': '-86.5', 'likelihood': -3}]",,False,0,1,0.0,0.0,0,Giorgi,0.0,351,False,,,49,449027.jpg,0.0,False,Mamardashvili,0.1,False,,a,14,14,0,2792,180,8460,442,0.0,0.0,Mamardashvili,,79.0,2024-08-27,2000-09-29,False,p449027,0,0,0,0,0,0,0,0,0,0,0,0,0,0.0,0.0,0.0,0.0,0,0,0,0,0,0.00,0.00,0.00,0.00,,,,,,,[],,570,70,568,59,533,57,576,70,0.0,0.0,0.0,0.0,0.0,0.0,371,19,569,70,581,70,379,41,0.0,0.0,0.0
True,True,,,155503,0,0,0,0,-27.8,-6,"[{'offset': 0, 'projected_percent': '-28.0', 'likelihood': -2}, {'offset': 1, 'projected_percent': '-28.8', 'likelihood': -2}, {'offset': 2, 'projected_percent': '-29.6', 'likelihood': -2}]",,False,0,1,0.0,0.0,0,Freddie,0.0,352,False,,,40,155503.jpg,0.0,False,Woodman,1.0,False,,a,14,14,0,18073,579,26585,1727,0.0,0.0,Woodman,,241.0,2025-07-01,1997-03-04,False,p155503,0,0,0,0,0,0,0,0,0,0,0,0,0,0.0,0.0,0.0,0.0,0,0,0,0,0,0.00,0.00,0.00,0.00,,,,,,,[],,422,35,410,16,354,11,426,35,0.0,0.0,0.0,0.0,0.0,0.0,599,59,416,34,436,35,176,26,0.0,0.0,0.0
True,True,0.0,0.0,432987,0,0,0,0,0.0,0,"[{'offset': 0, 'projected_percent': '0.0', 'likelihood': 0}, {'offset': 1, 'projected_percent': '0.0', 'likelihood': 0}, {'offset': 2, 'projected_percent': '0.0', 'likelihood': 0}]",,False,0,1,0.0,0.0,0,Vitezslav,0.0,354,False,Knee injury - Unknown return date,2026-07-29T18:00:10.351066Z,40,432987.jpg,0.0,False,Jaros,0.0,False,,i,14,14,0,1707,160,1194,108,0.0,0.0,Jaros,,57.0,2019-07-10,2001-07-23,False,p432987,0,0,0,0,0,0,0,0,0,0,0,0,0,0.0,0.0,0.0,0.0,0,0,0,0,0,0.00,0.00,0.00,0.00,,,,,,,[],https://www.liverpoolfc.com/news/ajax-issue-vitezslav-jaros-injury-update,431,41,422,22,366,17,436,41,0.0,0.0,0.0,0.0,0.0,0.0,616,65,427,40,445,41,571,68,0.0,0.0,0.0
True,True,,,464353,0,0,0,0,0.1,0,"[{'offset': 0, 'projected_percent': '0.1', 'likelihood': 1}, {'offset': 1, 'projected_percent': '0.1', 'likelihood': 1}, {'offset': 2, 'projected_percent': '0.1', 'likelihood': 1}]",,False,0,1,0.0,0.0,0,Harvey,0.0,355,False,,,40,464353.jpg,0.0,False,Davies,0.2,False,,a,14,14,0,4669,217,4114,334,0.0,0.0,Davies,,241.0,2021-03-09,2003-09-03,False,p464353,0,0,0,0,0,0,0,0,0,0,0,0,0,0.0,0.0,0.0,0.0,0,0,0,0,0,0.00,0.00,0.00,0.00,,,,,,,[],,436,44,427,25,371,20,441,44,0.0,0.0,0.0,0.0,0.0,0.0,626,68,432,43,450,44,363,40,0.0,0.0,0.0
True,True,,,97032,0,0,0,0,-54.9,-50,"[{'offset': 0, 'projected_percent': '-55.0', 'likelihood': -3}, {'offset': 1, 'projected_percent': '-55.5', 'likelihood': -3}, {'offset': 2, 'projected_percent': '-55.9', 'likelihood': -3}]",,False,0,2,5.0,5.0,8,Virgil,5.0,356,False,,,65,97032.jpg,5.0,False,van Dijk,16.2,False,,a,14,14,25,271813,14797,604750,32117,0.8,3.8,Virgil,,152.0,2018-01-01,1991-07-08,False,p97032,450,0,0,3,4,0,0,0,1,0,0,0,96,125.0,22.3,26.0,17.4,43,18,5,48,5,0.25,0.08,0.33,6.12,,,,,,,[],,36,15,214,71,164,49,114,37,0.05,0.0,0.02,0.07,1.22,0.8,34,2,44,18,58,24,25,8,1.0,0.6,9.6
True,True,,,216094,0,0,-2,2,-28.4,-32,"[{'offset': 0, 'projected_percent': '-29.3', 'likelihood': -2}, {'offset': 1, 'projected_percent': '-31.8', 'likelihood': -2}, {'offset': 2, 'projected_percent': '-34.4', 'likelihood': -2}]",,False,0,2,0.4,0.4,0,Jeremie,0.4,357,False,,,53,216094.jpg,0.7,False,Frimpong,1.8,False,,a,14,14,2,58504,1161,242970,9585,0.1,0.4,Frimpong,,152.0,2025-06-01,2000-12-10,False,p216094,178,0,0,0,4,0,0,0,1,0,0,0,24,39.4,76.5,16.0,13.2,8,7,4,12,2,0.01,0.23,0.24,3.91,,,,,,,[],,219,87,65,10,211,65,168,59,0.01,0.0,0.12,0.13,1.98,2.02,216,30,352,122,412,143,134,54,1.01,0.0,6.07
True,True,,,544877,0,0,-1,1,-92.1,-12,"[{'offset': 0, 'projected_percent': '-92.3', 'likelihood': -3}, {'offset': 1, 'projected_percent': '-93.1', 'likelihood': -3}, {'offset': 2, 'projected_percent': '-93.9', 'likelihood': -3}]",,False,0,2,2.6,2.6,6,Milos,2.6,358,False,,,54,544877.jpg,2.6,False,Kerkez,2.2,False,,a,14,14,13,46842,1825,185052,7680,0.5,2.4,Kerkez,,98.0,2025-06-26,2003-11-07,False,p544877,385,0,0,2,4,0,0,0,2,0,0,0,63,75.4,47.3,14.0,13.7,22,10,8,30,4,0.07,0.08,0.15,5.65,,,,,,,[],,122,55,129,34,227,74,160,56,0.02,0.0,0.02,0.04,1.32,0.94,209,27,145,55,183,71,121,48,0.94,0.47,7.01
True,True,100.0,100.0,171287,0,0,-1,1,0.0,0,"[{'offset': 0, 'projected_percent': '0.0', 'likelihood': 0}, {'offset': 1, 'projected_percent': '0.0', 'likelihood': 0}, {'offset': 2, 'projected_percent': '0.0', 'likelihood': 0}]",,False,0,2,0.0,0.0,0,Joe,0.0,359,False,,2026-07-26T08:30:10.078473Z,49,171287.jpg,0.0,False,Gomez,0.0,False,,a,14,14,0,648,228,1144,80,0.0,0.0,Gomez,,241.0,2015-06-20,1997-05-23,False,p171287,0,0,0,0,0,0,0,0,0,0,0,0,0,0.0,0.0,0.0,0.0,0,0,0,0,0,0.00,0.00,0.00,0.00,,,,,,,[],,561,205,558,204,522,201,566,205,0.0,0.0,0.0,0.0,0.0,0.0,347,59,561,202,573,204,573,194,0.0,0.0,0.0
True,True,0.0,0.0,492777,0,0,0,0,-79.5,0,"[{'offset': 0, 'projected_percent': '-79.5', 'likelihood': -3}, {'offset': 1, 'projected_percent': '-79.5', 'likelihood': -3}, {'offset': 2, 'projected_percent': '-79.5', 'likelihood': -3}]",,False,0,2,0.0,0.0,0,Conor,0.0,360,False,Knee injury - Unknown return date,2026-07-23T12:01:23.565711Z,50,492777.jpg,0.0,False,Bradley,0.0,False,,i,14,14,0,351,34,761,49,0.0,0.0,Bradley,,242.0,2023-09-25,2003-07-09,False,p492777,0,0,0,0,0,0,0,0,0,0,0,0,0,0.0,0.0,0.0,0.0,0,0,0,0,0,0.00,0.00,0.00,0.00,,,,,,,[],https://www.liverpoolfc.com/news/fitness-latest-joe-gomez-return-update-conor-bradley,604,212,610,212,586,209,610,212,0.0,0.0,0.0,0.0,0.0,0.0,301,51,606,210,613,211,611,206,0.0,0.0,0.0
True,True,,,519440,0,0,0,0,-45.3,0,"[{'offset': 0, 'projected_percent': '-45.3', 'likelihood': -3}, {'offset': 1, 'projected_percent': '-45.3', 'likelihood': -3}, {'offset': 2, 'projected_percent': '-45.3', 'likelihood': -3}]",,False,0,2,0.0,0.0,0,Wellity,0.0,361,False,,,40,519440.jpg,0.0,False,Lucky,0.1,False,,a,14,14,0,3791,214,5605,380,0.0,0.0,Lucky,,,,,False,p519440,0,0,0,0,0,0,0,0,0,0,0,0,0,0.0,0.0,0.0,0.0,0,0,0,0,0,0.00,0.00,0.00,0.00,,,,,,,[],,445,162,436,161,380,146,450,162,0.0,0.0,0.0,0.0,0.0,0.0,636,187,441,156,459,162,390,147,0.0,0.0,0.0
True,True,100.0,100.0,606702,0,0,0,0,49.3,70,"[{'offset': 0, 'projected_percent': '49.6', 'likelihood': 3}, {'offset': 1, 'projected_percent': '50.6', 'likelihood': 3}, {'offset': 2, 'projected_percent': '51.5', 'likelihood': 3}]",,False,0,2,4.8,4.8,6,Jeremy,4.8,362,False,,2026-07-23T12:01:23.581126Z,50,606702.jpg,4.8,False,Jacquet,3.4,False,,a,14,14,24,220878,22996,119246,9213,1.0,4.8,Jacquet,,73.0,2026-07-01,2005-07-13,False,p606702,415,0,0,3,4,0,0,0,1,0,0,3,112,106.2,44.5,4.0,15.5,25,21,11,36,5,0.00,0.14,0.14,5.51,,,,,,,[],,65,29,139,37,310,114,134,45,0.0,0.0,0.03,0.03,1.19,0.87,325,55,50,21,66,30,98,37,1.08,0.65,7.81
True,True,0.0,0.0,647681,0,0,0,0,-54.1,0,"[{'offset': 0, 'projected_percent': '-54.1', 'likelihood': -3}, {'offset': 1, 'projected_percent': '-54.1', 'likelihood': -3}, {'offset': 2, 'projected_percent': '-54.1', 'likelihood': -3}]",,False,0,2,0.0,0.0,0,Giovanni,0.0,363,False,Knee injury - Unknown return date,2026-07-23T12:01:23.596909Z,40,647681.jpg,0.0,False,Leoni,0.0,False,,i,14,14,0,853,52,2063,132,0.0,0.0,Leoni,,106.0,2025-08-15,2006-12-21,False,p647681,0,0,0,0,0,0,0,0,0,0,0,0,0,0.0,0.0,0.0,0.0,0,0,0,0,0,0.00,0.00,0.00,0.00,,,,,,,[],https://www.liverpoolfc.com/news/liverpools-injury-list-suspensions-and-availability?utm_source=premier-league-web&utm_medium=referral&utm_campaign=pl-referral-always-on&utm_term=injuries&utm_content=club-injury-article,464,180,455,179,400,165,469,180,0.0,0.0,0.0,0.0,0.0,0.0,660,210,460,174,478,180,532,186,0.0,0.0,0.0
True,True,,,214285,0,0,-1,1,-46.8,0,"[{'offset': 0, 'projected_percent': '-46.8', 'likelihood': -3}, {'offset': 1, 'projected_percent': '-46.8', 'likelihood': -3}, {'offset': 2, 'projected_percent': '-46.8', 'likelihood': -3}]",,False,0,2,0.4,0.4,0,Kostas,0.4,364,False,,,49,214285.jpg,1.0,False,Tsimikas,0.1,False,,a,14,14,2,1546,59,4317,291,0.1,0.4,Tsimikas,,83.0,2020-08-10,1996-05-12,False,p214285,64,0,0,0,0,0,0,0,0,0,0,0,6,6.4,2.9,9.0,1.8,2,3,1,3,1,0.04,0.02,0.06,0.47,,,,,,,[],,352,130,322,115,261,91,352,123,0.06,0.0,0.03,0.09,0.66,0.0,355,60,350,121,334,130,458,162,1.41,0.0,4.22
True,True,,,494595,0,0,-2,2,-30.0,-80,"[{'offset': 0, 'projected_percent': '-30.6', 'likelihood': -2}, {'offset': 1, 'projected_percent': '-32.6', 'likelihood': -2}, {'offset': 2, 'projected_percent': '-34.6', 'likelihood': -2}]",,False,0,3,3.6,3.6,6,Florian,3.6,366,False,,,73,494595.jpg,3.6,False,Wirtz,5.8,False,,a,14,14,18,132178,1910,757139,33742,0.5,2.5,Wirtz,,80.0,2025-06-20,2003-05-03,False,p494595,402,0,2,3,4,0,0,0,1,0,0,0,92,65.0,147.3,101.0,31.4,3,25,8,36,5,1.00,0.40,1.40,4.82,3.0,,2.0,,4.0,,[],,147,52,16,15,33,18,29,20,0.22,0.0,0.09,0.31,1.08,0.9,22,14,87,36,115,46,66,21,1.12,0.67,8.06
True,True,100.0,100.0,243298,0,0,2,-2,5.9,-87,"[{'offset': 0, 'projected_percent': '5.5', 'likelihood': 1}, {'offset': 1, 'projected_percent': '4.3', 'likelihood': 1}, {'offset': 2, 'projected_percent': '3.1', 'likelihood': 1}]",,False,2,3,6.4,6.4,3,Cody,6.4,367,False,,2026-09-09T18:30:08.772955Z,72,243298.jpg,6.4,False,Gakpo,12.6,False,,a,14,14,32,1325375,38963,689215,61618,0.9,4.4,Gakpo,,152.0,2023-01-01,1999-05-07,False,p243298,370,1,3,2,4,0,0,0,0,0,0,5,113,133.4,148.8,70.0,35.2,9,15,8,32,4,0.64,1.71,2.35,5.51,2.0,,,,3.0,,[],,28,12,14,13,63,38,20,16,0.16,0.0,0.42,0.58,1.34,0.97,23,15,18,9,18,7,32,12,0.97,0.49,7.78
True,True,,,424876,0,0,0,0,-86.0,-351,"[{'offset': 0, 'projected_percent': '-86.5', 'likelihood': -3}, {'offset': 1, 'projected_percent': '-88.0', 'likelihood': -3}, {'offset': 2, 'projected_percent': '-89.5', 'likelihood': -3}]",,False,0,3,4.0,4.0,2,Dominik,4.0,368,False,,,70,424876.jpg,4.0,False,Szoboszlai,33.2,False,,a,14,14,20,918008,25649,1635146,166988,0.6,2.9,Szoboszlai,,98.0,2023-07-02,2000-10-25,False,p424876,440,1,0,3,4,0,0,0,1,0,0,1,103,108.8,178.0,57.0,34.4,13,22,6,41,5,1.42,0.82,2.24,5.99,1.0,,1.0,,1.0,,[],,60,21,6,6,80,48,21,17,0.29,0.0,0.17,0.46,1.23,0.82,26,17,81,33,99,39,7,3,1.02,0.61,8.39
True,True,,,611922,-1,1,-3,3,-16.8,-13,"[{'offset': 0, 'projected_percent': '-17.6', 'likelihood': -1}, {'offset': 1, 'projected_percent': '-19.9', 'likelihood': -1}, {'offset': 2, 'projected_percent': '-22.2', 'likelihood': -2}]",,False,0,3,0.8,0.8,0,Rio,0.8,369,False,,,57,611922.jpg,1.3,False,Ngumoha,0.5,False,,a,14,14,4,14338,560,88322,3296,0.1,0.7,Ngumoha,,241.0,2024-12-17,2008-08-29,False,p611922,99,0,0,0,2,0,0,0,0,0,0,0,13,4.4,8.1,11.0,2.1,1,2,1,4,1,0.15,0.05,0.20,0.68,,,,,,,[],,366,171,284,142,251,131,347,164,0.14,0.0,0.05,0.19,0.62,1.82,119,77,291,135,286,131,255,84,0.91,0.0,3.64
True,True,0.0,0.0,223541,-1,1,-2,2,-3.8,-2,"[{'offset': 0, 'projected_percent': '-4.2', 'likelihood': -1}, {'offset': 1, 'projected_percent': '-5.3', 'likelihood': -1}, {'offset': 2, 'projected_percent': '-6.4', 'likelihood': -1}]",,False,0,3,0.0,0.0,0,Federico,0.0,370,False,Back injury - Unknown return date,2026-08-27T13:30:07.598926Z,53,223541.jpg,0.0,False,Chiesa,0.0,False,,i,14,14,0,676,11,10010,177,0.0,0.0,Chiesa,,106.0,2024-08-29,1997-10-25,False,p223541,0,0,0,0,0,0,0,0,0,0,0,0,0,0.0,0.0,0.0,0.0,0,0,0,0,0,0.00,0.00,0.00,0.00,,,,,,,[],https://www.liverpoolfc.com/news/federico-chiesa-injury-update-0,622,269,628,274,607,261,628,271,0.0,0.0,0.0,0.0,0.0,0.0,217,135,624,271,631,274,501,198,0.0,0.0,0.0
True,True,,,441266,-1,1,-2,2,-15.7,-33,"[{'offset': 0, 'projected_percent': '-16.5', 'likelihood': -1}, {'offset': 1, 'projected_percent': '-19.0', 'likelihood': -1}, {'offset': 2, 'projected_percent': '-21.5', 'likelihood': -2}]",,False,0,3,1.8,1.8,1,Ryan,1.8,371,False,,,58,441266.jpg,1.8,False,Gravenberch,1.1,False,,a,14,14,9,35402,864,128249,6896,0.3,1.6,Gravenberch,,152.0,2023-09-01,2002-05-16,False,p441266,190,0,1,0,2,0,0,0,0,0,0,0,51,50.6,42.7,6.0,9.9,10,11,4,25,2,0.10,0.08,0.18,2.02,,,,,,,[],,194,81,145,92,292,150,212,100,0.05,0.0,0.04,0.09,0.96,0.95,104,67,221,99,257,113,170,53,0.95,0.0,11.84
True,True,,,243016,0,0,-1,1,-37.4,-10,"[{'offset': 0, 'projected_percent': '-37.7', 'likelihood': -2}, {'offset': 1, 'projected_percent': '-38.8', 'likelihood': -2}, {'offset': 2, 'projected_percent': '-39.8', 'likelihood': -2}]",,False,0,3,2.2,2.2,5,Alexis,2.2,372,False,,,54,243016.jpg,2.2,False,Mac Allister,1.3,False,,a,14,14,11,44433,2813,94776,5062,0.4,2.0,Mac Allister,,10.0,2023-06-14,1998-12-24,False,p243016,306,0,0,2,2,0,0,0,1,0,0,0,59,58.2,50.8,26.0,13.5,11,19,11,41,3,0.10,0.49,0.59,4.85,,,,,5.0,,[],,169,65,114,76,162,86,162,83,0.03,0.0,0.14,0.17,1.43,0.59,185,117,180,78,217,95,160,49,0.88,0.59,12.06
True,True,100.0,100.0,158983,0,0,-1,1,-52.0,-4,"[{'offset': 0, 'projected_percent': '-55.1', 'likelihood': -3}, {'offset': 1, 'projected_percent': '-64.5', 'likelihood': -3}, {'offset': 2, 'projected_percent': '-73.8', 'likelihood': -3}]",,False,0,3,0.0,0.0,0,Endo,0.0,374,False,,2026-07-23T12:01:23.612529Z,49,158983.jpg,0.0,False,Wataru,0.1,False,,a,14,14,0,2274,111,4678,312,0.0,0.0,Endo,,108.0,2023-08-18,1993-02-09,False,p158983,0,0,0,0,0,0,0,0,0,0,0,0,0,0.0,0.0,0.0,0.0,0,0,0,0,0,0.00,0.00,0.00,0.00,,,,,,,[],,560,230,557,236,521,210,565,231,0.0,0.0,0.0,0.0,0.0,0.0,345,207,560,231,572,238,476,186,0.0,0.0,0.0
True,True,,,591386,0,0,-1,1,-76.7,-1,"[{'offset': 0, 'projected_percent': '-78.1', 'likelihood': -3}, {'offset': 1, 'projected_percent': '-82.7', 'likelihood': -3}, {'offset': 2, 'projected_percent': '-87.2', 'likelihood': -3}]",,False,0,3,0.6,0.6,1,Trey,0.6,375,False,,,49,591386.jpg,1.0,False,Nyoni,0.0,False,,a,14,14,3,1312,55,2980,235,0.1,0.6,Nyoni,,241.0,2023-11-11,2007-06-30,False,p591386,38,0,0,0,0,0,0,0,0,0,0,0,9,16.2,2.9,0.0,1.9,6,2,2,10,0,0.00,0.00,0.00,0.36,,,,,,,[],,296,126,324,164,549,230,351,167,0.0,0.0,0.0,0.0,0.85,0.0,400,243,304,140,344,152,516,205,0.0,0.0,23.68
True,True,,,551499,0,0,0,0,6.8,-39,"[{'offset': 0, 'projected_percent': '6.6', 'likelihood': 1}, {'offset': 1, 'projected_percent': '6.0', 'likelihood': 1}, {'offset': 2, 'projected_percent': '5.5', 'likelihood': 1}]",,False,0,3,3.0,3.0,1,Victor,3.0,377,False,,,65,551499.jpg,3.0,False,Munoz,0.9,False,,a,14,14,15,117001,1018,99569,9227,0.5,2.3,Munoz,,200.0,2026-06-18,2003-07-13,False,p551499,257,1,1,1,2,0,0,0,1,0,0,0,60,56.2,42.4,86.0,18.5,5,8,3,16,3,0.52,0.31,0.83,4.63,,,,,,,[],,173,68,147,93,42,25,103,55,0.18,0.0,0.11,0.29,1.62,0.7,43,29,130,56,157,66,189,60,1.05,0.35,5.6
True,True,,,491501,0,0,-1,1,-0.6,-2,"[{'offset': 0, 'projected_percent': '-1.0', 'likelihood': -1}, {'offset': 1, 'projected_percent': '-2.2', 'likelihood': -1}, {'offset': 2, 'projected_percent': '-3.4', 'likelihood': -1}]",,False,0,3,0.0,0.0,0,James,0.0,378,False,,,44,491501.jpg,0.0,False,McConnell,0.2,False,,a,14,14,0,6665,790,12518,1061,0.0,0.0,McConnell,,241.0,2023-07-18,2004-09-13,False,p491501,0,0,0,0,0,0,0,0,0,0,0,0,0,0.0,0.0,0.0,0.0,0,0,0,0,0,0.00,0.00,0.00,0.00,,,,,,,[],,471,194,463,200,413,172,476,195,0.0,0.0,0.0,0.0,0.0,0.0,570,295,469,195,485,202,315,111,0.0,0.0,0.0
True,True,,,219168,0,0,1,-1,6.0,180,"[{'offset': 0, 'projected_percent': '6.8', 'likelihood': 1}, {'offset': 1, 'projected_percent': '9.3', 'likelihood': 1}, {'offset': 2, 'projected_percent': '11.8', 'likelihood': 1}]",,False,1,4,6.6,6.6,8,Alexander,6.6,379,False,,,91,219168.jpg,6.6,False,Isak,22.3,False,,a,14,14,33,1211146,83984,711952,51983,0.7,3.6,Isak,,206.0,2025-09-01,1999-09-21,False,p219168,413,4,0,3,4,0,0,0,1,0,0,8,133,146.2,47.5,207.0,40.0,3,3,1,7,5,3.54,0.08,3.62,5.82,,,,,2.0,,[],,21,3,128,11,4,3,12,2,0.77,0.0,0.02,0.79,1.27,0.87,5,2,14,4,16,3,15,4,1.09,0.65,1.53
True,True,0.0,0.0,510663,0,0,-1,1,-23.6,-2,"[{'offset': 0, 'projected_percent': '-23.8', 'likelihood': -2}, {'offset': 1, 'projected_percent': '-24.6', 'likelihood': -2}, {'offset': 2, 'projected_percent': '-25.3', 'likelihood': -2}]",,False,0,4,0.0,0.0,0,Hugo,0.0,380,False,Achilles injury - Unknown return date,2026-07-23T12:01:23.643771Z,74,510663.jpg,0.0,False,Ekitiké,0.1,False,,i,14,14,0,2523,251,11049,586,0.0,0.0,Ekitiké,,73.0,2025-07-23,2002-06-20,False,p510663,0,0,0,0,0,0,0,0,0,0,0,0,0,0.0,0.0,0.0,0.0,0,0,0,0,0,0.00,0.00,0.00,0.00,,,,,,,[],https://www.liverpoolfc.com/news/lfc-fitness-update-bajcetic-bradley-ekitike-endo-and-leoni?utm_source=premier-league-web&utm_medium=referral&utm_campaign=pl-referral-always-on&utm_content=injuries-flag&utm_term=injury-news,665,78,665,78,665,78,665,78,0.0,0.0,0.0,0.0,0.0,0.0,20,7,664,78,664,78,405,61,0.0,0.0,0.0
True,True,,,514514,0,0,0,0,-89.6,0,"[{'offset': 0, 'projected_percent': '-89.6', 'likelihood': -3}, {'offset': 1, 'projected_percent': '-89.6', 'likelihood': -3}, {'offset': 2, 'projected_percent': '-89.6', 'likelihood': -3}]",,False,0,3,0.6,0.6,1,Lewis,0.6,381,False,,,50,514514.jpg,1.0,False,Koumas,0.0,False,,a,14,14,3,777,98,1328,127,0.1,0.6,Koumas,,244.0,2026-08-22,2005-09-19,False,p514514,22,0,0,0,0,0,0,0,0,0,0,0,14,4.2,0.5,24.0,2.9,0,1,0,1,0,0.28,0.00,0.28,0.72,,,,,,,[],,368,172,373,186,172,93,323,150,1.15,0.0,0.0,1.15,2.95,0.0,311,187,307,142,353,158,546,224,0.0,0.0,4.09
True,True,100.0,100.0,500058,0,0,0,0,3.2,-2,"[{'offset': 0, 'projected_percent': '3.2', 'likelihood': 1}, {'offset': 1, 'projected_percent': '3.2', 'likelihood': 1}, {'offset': 2, 'projected_percent': '3.2', 'likelihood': 1}]",,False,0,4,0.0,0.0,0,Jayden,0.0,382,False,,2026-07-23T12:01:23.659279Z,45,500058.jpg,0.0,False,Danns,0.2,False,,a,14,14,0,22421,2614,9027,1748,0.0,0.0,Danns,,241.0,2024-02-20,2006-01-16,False,p500058,0,0,0,0,0,0,0,0,0,0,0,0,0,0.0,0.0,0.0,0.0,0,0,0,0,0,0.00,0.00,0.00,0.00,,,,,,,[],,505,46,502,51,459,45,510,50,0.0,0.0,0.0,0.0,0.0,0.0,491,67,505,48,519,52,320,50,0.0,0.0,0.0
True,True,,,445087,0,0,-1,1,30.6,27,"[{'offset': 0, 'projected_percent': '30.8', 'likelihood': 2}, {'offset': 1, 'projected_percent': '31.1', 'likelihood': 2}, {'offset': 2, 'projected_percent': '31.5', 'likelihood': 2}]",,False,0,2,4.4,4.4,7,Ronald,4.4,579,False,,,54,445087.jpg,4.4,False,Araujo,3.0,False,,a,14,14,22,143974,12058,157214,7525,0.8,4.1,Araujo,,230.0,2026-08-10,1999-03-07,False,p445087,284,0,0,3,0,0,0,0,1,0,0,1,81,60.8,10.5,6.0,7.7,19,15,5,24,3,0.00,0.06,0.06,2.75,,,,,,,[],,162,69,275,99,290,103,239,89,0.0,0.0,0.02,0.02,0.87,0.0,195,25,62,26,74,34,105,39,0.95,0.95,7.61
True,True,,,482616,0,0,0,0,-63.5,-32,"[{'offset': 0, 'projected_percent': '-64.3', 'likelihood': -3}, {'offset': 1, 'projected_percent': '-66.8', 'likelihood': -3}, {'offset': 2, 'projected_percent': '-69.3', 'likelihood': -3}]",,False,0,3,2.3,2.3,3,Bradley,2.3,627,False,,,80,482616.jpg,2.3,False,Barcola,1.8,False,,a,14,14,7,283829,6367,125847,14601,0.3,0.9,Barcola,,73.0,2026-08-31,2002-09-02,False,p482616,168,0,0,2,0,0,0,0,0,0,0,0,22,10.8,27.4,31.0,7.0,0,5,3,8,2,0.26,0.13,0.39,1.43,,,,,,,[],,321,144,192,110,153,81,254,113,0.14,0.0,0.07,0.21,0.77,0.0,9,6,168,71,205,88,133,40,1.07,1.07,4.29
True,True,,,448047,0,0,-1,1,-2.0,58,"[{'offset': 0, 'projected_percent': '-1.2', 'likelihood': -1}, {'offset': 1, 'projected_percent': '0.4', 'likelihood': 1}, {'offset': 2, 'projected_percent': '1.2', 'likelihood': 1}]",,False,0,3,2.6,2.6,7,Enzo,2.6,155,False,,,69,448047.jpg,3.2,False,Fernández,3.6,False,,a,15,43,13,164103,22436,316936,10027,0.4,1.9,Enzo,,10.0,2026-09-01,2001-01-17,False,p448047,271,1,0,2,3,0,0,0,1,0,0,0,73,63.8,72.8,42.0,17.8,6,12,3,21,3,0.35,0.53,0.88,5.35,,,,,,,[],,152,56,68,55,116,66,110,59,0.12,0.0,0.18,0.3,1.78,1.0,30,19,148,64,133,53,91,32,1.0,0.66,6.97
True,True,,,440993,-1,1,-2,2,-14.9,-142,"[{'offset': 0, 'projected_percent': '-15.4', 'likelihood': -1}, {'offset': 1, 'projected_percent': '-17.2', 'likelihood': -1}, {'offset': 2, 'projected_percent': '-18.9', 'likelihood': -1}]",,False,0,3,3.2,3.2,5,Iliman,3.2,237,False,,,58,440993.jpg,4.4,False,Ndiaye,6.8,False,,a,15,43,22,296092,5223,1123800,55797,0.6,3.8,Ndiaye,Iliman Ndiaye,189.0,2026-09-01,2000-03-06,False,p440993,385,0,2,2,4,0,0,0,0,0,0,1,110,77.8,102.6,80.0,26.1,10,26,8,44,4,0.38,0.58,0.96,9.42,,,,,,,[],,116,37,41,34,48,30,48,35,0.09,0.0,0.14,0.23,2.2,0.94,103,66,110,45,78,32,55,18,0.94,0.47,10.29
True,True,,,204936,0,0,0,0,-45.0,-52,"[{'offset': 0, 'projected_percent': '-45.3', 'likelihood': -3}, {'offset': 1, 'projected_percent': '-46.3', 'likelihood': -3}, {'offset': 2, 'projected_percent': '-47.3', 'likelihood': -3}]",,False,0,1,4.0,4.0,2,Gianluigi,4.0,384,False,,,55,204936.jpg,3.8,False,Donnarumma,7.6,False,,a,15,43,19,204423,8232,308234,22318,0.7,3.5,Donnarumma,,106.0,2025-09-01,1999-02-25,False,p204936,450,0,0,2,5,1,0,0,0,0,14,0,84,112.6,0.0,0.0,11.4,4,32,0,0,5,0.00,0.00,0.00,7.25,,,,,,,[],,54,11,645,73,632,72,194,12,0.0,2.8,0.0,0.0,1.45,1.0,135,4,77,9,105,10,51,8,1.0,0.4,0.0
True,True,,,122074,0,0,0,0,-78.6,0,"[{'offset': 0, 'projected_percent': '-78.6', 'likelihood': -3}, {'offset': 1, 'projected_percent': '-78.6', 'likelihood': -3}, {'offset': 2, 'projected_percent': '-78.6', 'likelihood': -3}]",,False,0,1,0.0,0.0,0,Marcus,0.0,386,False,,,45,122074.jpg,0.0,False,Bettinelli,0.0,False,,a,15,43,0,552,37,1098,62,0.0,0.0,Bettinelli,,241.0,2025-06-10,1992-05-24,False,p122074,0,0,0,0,0,0,0,0,0,0,0,0,0,0.0,0.0,0.0,0.0,0,0,0,0,0,0.00,0.00,0.00,0.00,,,,,,,[],,483,56,478,41,428,36,488,56,0.0,0.0,0.0,0.0,0.0,0.0,438,29,483,56,497,56,551,64,0.0,0.0,0.0
True,True,100.0,100.0,472769,-1,1,-2,2,-0.7,-158,"[{'offset': 0, 'projected_percent': '-1.1', 'likelihood': -1}, {'offset': 1, 'projected_percent': '-2.3', 'likelihood': -1}, {'offset': 2, 'projected_percent': '-3.5', 'likelihood': -1}]",,False,0,2,1.0,1.0,1,Nico,1.0,387,False,,2026-09-05T18:00:06.379802Z,63,472769.jpg,1.5,False,O'Reilly,11.1,False,,a,15,43,6,191054,3710,1192406,55895,0.2,1.0,O'Reilly,,241.0,2022-12-16,2005-03-21,False,p472769,163,0,0,0,2,0,0,0,0,0,0,0,22,17.8,39.5,33.0,9.0,2,9,3,5,2,0.87,0.43,1.30,2.10,,,,,,,[],,290,115,158,42,145,40,224,82,0.48,0.0,0.24,0.72,1.16,1.1,50,4,274,98,275,99,36,12,1.1,0.0,2.76
True,True,,,209036,0,0,0,0,62.9,-84,"[{'offset': 0, 'projected_percent': '62.5', 'likelihood': 3}, {'offset': 1, 'projected_percent': '61.3', 'likelihood': 3}, {'offset': 2, 'projected_percent': '60.2', 'likelihood': 3}]",,False,0,2,5.0,5.0,4,Marc,5.0,388,False,,,60,209036.jpg,6.0,False,Guéhi,18.3,False,,a,15,43,30,500224,18304,448684,36708,0.8,5.0,Guéhi,,241.0,2026-01-19,2000-07-13,False,p209036,450,1,1,2,5,0,0,0,0,0,0,4,114,146.0,56.6,41.0,24.3,26,19,3,29,5,0.95,0.39,1.34,7.25,,,,,,,[],,22,5,101,24,121,31,55,9,0.19,0.0,0.08,0.27,1.45,1.0,66,6,43,17,31,13,21,6,1.0,0.4,5.8
True,True,100.0,100.0,465351,0,0,-1,1,-29.2,-5,"[{'offset': 0, 'projected_percent': '-29.4', 'likelihood': -2}, {'offset': 1, 'projected_percent': '-30.0', 'likelihood': -2}, {'offset': 2, 'projected_percent': '-30.7', 'likelihood': -2}]",,False,0,2,2.5,2.5,1,Matheus,2.5,389,False,,2026-08-27T11:30:08.171622Z,59,465351.jpg,3.7,False,Nunes,1.0,False,,a,15,43,11,14400,1245,73177,2036,0.4,1.9,Matheus N.,Matheus Nunes,173.0,2023-09-01,1998-08-27,False,p465351,213,0,0,1,3,0,0,0,0,0,0,1,38,60.0,6.3,4.0,7.0,18,10,3,21,2,0.00,0.06,0.06,4.67,,,,,4.0,,[],,165,70,293,106,312,116,253,96,0.0,0.0,0.03,0.03,1.97,1.27,89,9,161,64,109,45,181,69,0.85,0.42,8.87
True,True,,,171314,0,0,0,0,4.0,-7,"[{'offset': 0, 'projected_percent': '3.9', 'likelihood': 1}, {'offset': 1, 'projected_percent': '3.8', 'likelihood': 1}, {'offset': 2, 'projected_percent': '3.7', 'likelihood': 1}]",,False,0,2,3.8,3.8,1,Rúben,3.8,390,False,,,55,171314.jpg,3.4,False,dos Santos Gato Alves Dias,1.9,False,,a,15,43,17,66053,3465,71490,6688,0.7,3.1,Rúben,Rúben Dias,173.0,2020-09-29,1997-05-14,False,p171314,450,0,0,2,5,0,0,0,0,0,0,0,72,94.2,47.3,46.0,18.7,25,16,1,26,5,0.29,0.74,1.03,7.25,,,,,,,[],,87,39,130,35,104,23,101,32,0.06,0.0,0.15,0.21,1.45,1.0,129,13,84,33,122,50,127,52,1.0,0.4,5.2
True,True,,,477424,0,0,2,-2,69.1,161,"[{'offset': 0, 'projected_percent': '69.8', 'likelihood': 3}, {'offset': 1, 'projected_percent': '72.0', 'likelihood': 3}, {'offset': 2, 'projected_percent': '74.3', 'likelihood': 3}]",,False,0,2,7.0,7.0,4,Joško,7.0,391,True,,,57,477424.jpg,7.4,False,Gvardiol,26.5,False,,a,15,43,37,1794504,112472,396903,36687,1.2,6.5,Gvardiol,,97.0,2023-08-05,2002-01-23,False,p477424,434,1,3,2,5,0,0,0,1,0,0,6,135,144.4,63.5,32.0,24.0,20,21,11,31,5,0.22,0.74,0.96,7.25,,,,,,,[],,26,8,88,17,148,43,57,10,0.05,0.0,0.15,0.2,1.5,1.04,114,12,10,4,9,4,11,3,1.04,0.41,6.43
True,True,,,448514,0,0,-2,2,-85.7,-8,"[{'offset': 0, 'projected_percent': '-86.7', 'likelihood': -3}, {'offset': 1, 'projected_percent': '-89.5', 'likelihood': -3}, {'offset': 2, 'projected_percent': '-92.4', 'likelihood': -3}]",,False,0,2,0.0,0.0,0,Rayan,0.0,392,False,,,53,448514.jpg,0.0,False,Aït-Nouri,0.4,False,,a,15,43,0,7736,384,61038,1629,0.0,0.0,Aït-Nouri,,3.0,2025-06-09,2001-06-06,False,p448514,0,0,0,0,0,0,0,0,0,0,0,0,0,0.0,0.0,0.0,0.0,0,0,0,0,0,0.00,0.00,0.00,0.00,,,,,,,[],,623,214,629,214,609,211,629,214,0.0,0.0,0.0,0.0,0.0,0.0,224,31,625,212,632,213,263,97,0.0,0.0,0.0
True,True,,,578153,0,0,-1,1,-26.7,-39,"[{'offset': 0, 'projected_percent': '-28.1', 'likelihood': -2}, {'offset': 1, 'projected_percent': '-32.2', 'likelihood': -2}, {'offset': 2, 'projected_percent': '-36.3', 'likelihood': -2}]",,False,0,2,1.8,1.8,0,Abdukodir,1.8,393,False,,,54,578153.jpg,3.0,False,Khusanov,1.4,False,,a,15,43,9,26478,1042,78716,7070,0.3,1.7,Khusanov,,231.0,2025-01-20,2004-02-29,False,p578153,268,0,0,1,2,0,0,0,1,0,0,0,53,51.6,12.6,4.0,6.8,9,13,8,17,3,0.00,0.06,0.06,2.68,,,,,,,[],,188,78,260,95,311,115,256,97,0.0,0.0,0.02,0.02,0.9,0.67,213,29,218,79,148,62,156,63,1.01,0.34,5.71
True,True,,,477064,0,0,-1,1,-54.9,-4,"[{'offset': 0, 'projected_percent': '-55.9', 'likelihood': -3}, {'offset': 1, 'projected_percent': '-58.8', 'likelihood': -3}, {'offset': 2, 'projected_percent': '-61.8', 'likelihood': -3}]",,False,0,2,0.0,0.0,0,Rico,0.0,395,False,,,44,477064.jpg,1.0,False,Lewis,0.2,False,,a,15,43,1,8176,220,15959,893,0.0,0.2,Lewis,,241.0,2022-07-16,2004-11-21,False,p477064,56,0,0,0,1,0,0,0,0,0,0,0,-1,3.8,3.8,39.0,4.7,2,0,0,2,1,0.17,0.02,0.19,0.55,,,,,,,[],,371,138,316,113,125,33,297,110,0.27,0.0,0.03,0.3,0.88,1.61,568,149,468,179,315,119,331,123,1.61,0.0,3.21
True,True,,,616222,0,0,0,0,-74.7,0,"[{'offset': 0, 'projected_percent': '-74.7', 'likelihood': -3}, {'offset': 1, 'projected_percent': '-74.7', 'likelihood': -3}, {'offset': 2, 'projected_percent': '-74.7', 'likelihood': -3}]",,False,0,2,0.2,0.2,0,Vitor,0.2,396,False,,,45,616222.jpg,1.0,False,de Oliveira Nunes dos Reis,0.0,False,,a,15,43,1,535,55,1133,110,0.0,0.2,Vitor Reis,Vitor Reis,30.0,2025-01-21,2006-01-12,False,p616222,1,0,0,0,0,0,0,0,0,0,0,0,3,1.2,0.9,0.0,0.2,0,0,0,0,0,0.00,0.00,0.00,0.00,,,,,,,[],,393,144,359,132,492,194,398,143,0.0,0.0,0.0,0.0,0.0,0.0,531,133,368,134,323,125,526,185,0.0,0.0,0.0
True,True,,,437730,0,0,-1,1,-34.2,493,"[{'offset': 0, 'projected_percent': '-32.6', 'likelihood': -2}, {'offset': 1, 'projected_percent': '-28.0', 'likelihood': -2}, {'offset': 2, 'projected_percent': '-23.4', 'likelihood': -2}]",,False,1,3,7.8,7.8,17,Antoine,7.8,397,True,,,84,437730.jpg,6.6,False,Semenyo,15.4,False,,a,15,43,33,290268,99365,1177376,34676,0.9,3.9,Semenyo,,81.0,2026-01-09,2000-01-07,False,p437730,450,2,3,2,5,0,0,0,0,0,0,2,147,155.4,148.1,130.0,43.4,2,14,6,22,5,0.33,1.16,1.49,7.25,,,,,2.0,,[],,14,9,15,14,16,9,10,9,0.07,0.0,0.23,0.3,1.45,1.0,6,4,6,3,15,6,28,10,1.0,0.4,4.4
True,True,0.0,0.0,209244,0,0,-1,1,-37.7,-70,"[{'offset': 0, 'projected_percent': '-38.3', 'likelihood': -2}, {'offset': 1, 'projected_percent': '-40.3', 'likelihood': -3}, {'offset': 2, 'projected_percent': '-42.2', 'likelihood': -3}]",,False,0,3,0.0,0.0,0,Phil,2.0,398,False,Suspended until 17 Oct,2026-09-13T17:00:09.433455Z,69,209244.jpg,2.2,False,Foden,1.9,False,,s,15,43,9,303371,125,559956,22234,0.3,1.3,Foden,,241.0,2016-12-05,2000-05-28,False,p209244,217,0,2,0,2,0,0,0,1,1,0,1,52,57.6,122.3,45.0,22.3,2,8,4,14,3,1.61,0.88,2.49,1.91,2.0,,2.0,,,,[],,170,66,29,25,107,61,69,43,0.67,0.0,0.36,1.03,0.79,0.83,29,18,204,93,221,98,132,39,1.24,0.0,5.81
True,True,,,466052,0,0,3,-3,-60.6,259,"[{'offset': 0, 'projected_percent': '-59.4', 'likelihood': -3}, {'offset': 1, 'projected_percent': '-55.9', 'likelihood': -3}, {'offset': 2, 'projected_percent': '-52.3', 'likelihood': -3}]",,False,1,3,6.5,6.5,8,Rayan,6.5,399,True,,,78,466052.jpg,6.8,False,Cherki,28.2,False,,a,15,43,34,2630573,83412,935805,68860,0.8,4.4,Cherki,,73.0,2025-06-10,2003-08-17,False,p466052,302,3,2,1,4,0,0,0,1,0,0,5,150,165.8,199.0,108.0,47.3,3,9,0,12,4,0.72,1.54,2.26,5.00,1.0,,1.0,,,,[],,6,3,4,4,30,17,4,4,0.21,0.0,0.46,0.67,1.49,1.19,13,9,16,7,14,5,8,4,1.19,0.3,3.58
True,True,100.0,75.0,248875,0,0,-1,1,-0.1,0,"[{'offset': 0, 'projected_percent': '-0.1', 'likelihood': -1}, {'offset': 1, 'projected_percent': '-0.1', 'likelihood': -1}, {'offset': 2, 'projected_percent': '-0.1', 'likelihood': -1}]",2026-09-26T13:30:09.795433Z,False,0,3,0.2,0.2,1,Jérémy,0.2,400,False,,2026-08-18T17:00:08.385597Z,74,248875.jpg,1.0,False,Doku,0.7,False,,a,15,43,1,3761,2294,127408,1322,0.0,0.1,Doku,,21.0,2023-08-24,2002-05-27,False,p248875,15,0,0,0,0,0,0,0,0,0,0,0,7,3.6,13.8,5.0,2.2,1,1,0,2,0,0.23,0.32,0.55,0.42,,,,,3.0,,[],,373,175,252,132,299,156,345,163,1.38,0.0,1.92,3.3,2.52,0.0,19,12,398,192,400,193,217,67,0.0,0.0,12.0
True,True,,,91651,0,0,-1,1,-85.2,0,"[{'offset': 0, 'projected_percent': '-85.2', 'likelihood': -3}, {'offset': 1, 'projected_percent': '-85.2', 'likelihood': -3}, {'offset': 2, 'projected_percent': '-85.2', 'likelihood': -3}]",,False,0,3,0.2,0.2,0,Mateo,0.2,406,False,,,54,91651.jpg,1.0,False,Kovačić,0.1,False,,a,15,43,2,2213,71,6180,351,0.0,0.4,Kovačić,,97.0,2023-06-27,1994-05-06,False,p91651,42,0,0,0,0,0,0,0,0,0,0,0,12,4.2,5.2,0.0,0.9,0,2,0,2,0,0.00,0.02,0.02,0.10,,,,,,,[],,369,173,302,153,616,266,378,178,0.0,0.0,0.04,0.04,0.21,0.0,168,106,387,184,373,172,446,171,0.0,0.0,4.29
True,True,,,223094,0,0,1,-1,17.0,125,"[{'offset': 0, 'projected_percent': '17.6', 'likelihood': 1}, {'offset': 1, 'projected_percent': '19.3', 'likelihood': 1}, {'offset': 2, 'projected_percent': '21.0', 'likelihood': 2}]",,False,2,4,9.2,9.2,6,Erling,9.2,411,True,,,156,223094.jpg,7.8,False,Haaland,73.6,False,,a,15,43,39,902417,57140,315526,13868,0.6,2.5,Haaland,,161.0,2022-07-01,2000-07-21,False,p223094,450,5,0,2,5,0,0,0,0,0,0,9,167,184.2,22.5,258.0,46.5,10,10,0,20,5,4.42,0.53,4.95,7.25,,,,,1.0,,[],,3,1,209,23,1,1,5,1,0.88,0.0,0.11,0.99,1.45,1.0,1,1,3,1,7,2,1,1,1.0,0.4,4.0
True,True,100.0,100.0,215379,0,0,-2,2,-34.2,-60,"[{'offset': 0, 'projected_percent': '-34.9', 'likelihood': -2}, {'offset': 1, 'projected_percent': '-37.0', 'likelihood': -2}, {'offset': 2, 'projected_percent': '-39.2', 'likelihood': -2}]",,False,0,3,3.2,3.2,2,Elliot,3.2,481,False,,2026-08-23T17:00:07.952697Z,63,215379.jpg,3.0,False,Anderson,4.0,False,,a,15,43,15,103115,5676,439208,21368,0.5,2.4,Anderson,,241.0,2026-07-02,2002-11-06,False,p215379,413,0,0,2,5,0,0,0,1,0,0,0,95,87.4,77.1,19.0,18.4,18,23,13,54,5,0.11,0.67,0.78,7.15,3.0,,,,,,[],,102,30,64,53,199,110,105,56,0.02,0.0,0.15,0.17,1.56,1.09,45,31,112,46,156,65,82,28,1.09,0.44,11.77
True,True,,,106921,0,0,0,0,-84.2,0,"[{'offset': 0, 'projected_percent': '-84.2', 'likelihood': -3}, {'offset': 1, 'projected_percent': '-84.2', 'likelihood': -3}, {'offset': 2, 'projected_percent': '-84.2', 'likelihood': -3}]",,False,0,1,0.0,0.0,0,Gerónimo,0.0,587,False,,,50,106921.jpg,0.0,False,Rulli,0.0,False,,a,15,43,0,577,45,1084,73,0.0,0.0,Rulli,,10.0,2026-08-12,1992-05-20,False,p106921,0,0,0,0,0,0,0,0,0,0,0,0,0,0.0,0.0,0.0,0.0,0,0,0,0,0,0.00,0.00,0.00,0.00,,,,,,,[],,584,71,584,63,558,62,590,71,0.0,0.0,0.0,0.0,0.0,0.0,243,7,586,71,593,71,568,66,0.0,0.0,0.0
True,True,,,637238,0,0,0,0,-22.5,-10,"[{'offset': 0, 'projected_percent': '-25.2', 'likelihood': -2}, {'offset': 1, 'projected_percent': '-33.3', 'likelihood': -2}, {'offset': 2, 'projected_percent': '-41.5', 'likelihood': -3}]",,False,0,3,0.5,0.5,0,Ayyoub,0.5,616,False,,,55,637238.jpg,1.0,False,Bouaddi,0.2,False,,a,15,43,2,20822,623,13087,1648,0.1,0.4,Bouaddi,,145.0,2026-08-26,2007-10-02,False,p637238,22,0,0,0,0,0,0,0,0,0,0,0,8,13.0,4.8,0.0,1.8,3,3,0,6,0,0.00,0.12,0.12,0.37,,,,,,,[],,305,133,306,157,641,282,354,169,0.0,0.0,0.49,0.49,1.51,0.0,166,105,342,161,388,184,354,127,0.0,0.0,24.55
True,True,,,616288,0,0,0,0,-72.3,-2,"[{'offset': 0, 'projected_percent': '-73.1', 'likelihood': -3}, {'offset': 1, 'projected_percent': '-75.4', 'likelihood': -3}, {'offset': 2, 'projected_percent': '-77.7', 'likelihood': -3}]",,False,0,3,0.5,0.5,0,Ryan,0.5,621,False,,,45,616288.jpg,1.0,False,McAidoo,0.1,False,,a,15,43,2,11310,141,6851,828,0.1,0.4,McAidoo,,241.0,2025-09-26,2008-06-24,False,p616288,11,0,0,0,0,0,0,0,0,0,0,0,8,5.2,0.5,3.0,0.8,0,2,2,4,0,0.10,0.00,0.10,0.02,,,,,,,[],,358,166,371,184,314,158,380,179,0.82,0.0,0.0,0.82,0.16,0.0,532,278,321,148,324,139,406,148,0.0,0.0,32.73
True,True,,,554054,0,0,0,0,-27.0,-3,"[{'offset': 0, 'projected_percent': '-27.8', 'likelihood': -2}, {'offset': 1, 'projected_percent': '-30.4', 'likelihood': -2}, {'offset': 2, 'projected_percent': '-33.0', 'likelihood': -2}]",,False,0,2,0.2,0.2,0,Kaden,0.2,622,False,,,40,554054.jpg,1.0,False,Braithwaite,0.2,False,,a,15,43,1,16625,418,8756,1205,0.0,0.2,Braithwaite,,241.0,2024-09-23,2008-02-08,False,p554054,1,0,0,0,0,0,0,0,0,0,0,0,3,0.6,0.8,0.0,0.1,0,1,0,0,0,0.00,0.00,0.00,0.00,,,,,,,[],,399,145,361,133,387,153,403,145,0.0,0.0,0.0,0.0,0.0,0.0,644,195,362,129,303,110,355,134,0.0,0.0,0.0
True,True,,,624777,0,0,0,0,0.1,4,"[{'offset': 0, 'projected_percent': '0.1', 'likelihood': 1}, {'offset': 1, 'projected_percent': '0.2', 'likelihood': 1}, {'offset': 2, 'projected_percent': '0.2', 'likelihood': 1}]",,False,0,3,0.0,0.0,0,Allan,0.0,628,False,,,60,624777.jpg,0.0,False,Andrade Elias,0.0,False,,a,15,43,0,1132,169,634,113,0.0,0.0,Allan,Allan,30.0,2026-08-31,2004-04-19,False,p624777,0,0,0,0,0,0,0,0,0,0,0,0,0,0.0,0.0,0.0,0.0,0,0,0,0,0,0.00,0.00,0.00,0.00,,,,,,,[],,659,293,661,294,656,292,661,294,0.0,0.0,0.0,0.0,0.0,0.0,76,50,659,294,660,294,608,257,0.0,0.0,0.0
True,True,,,595480,0,0,0,0,-24.1,-5,"[{'offset': 0, 'projected_percent': '-31.2', 'likelihood': -2}, {'offset': 1, 'projected_percent': '-52.9', 'likelihood': -3}, {'offset': 2, 'projected_percent': '-74.5', 'likelihood': -3}]",,False,0,3,0.0,0.0,0,Floyd,0.0,653,False,,,45,595480.jpg,0.0,False,Samba,0.0,False,,a,15,43,0,3834,185,2033,350,0.0,0.0,Samba,Floyd Samba,241.0,2026-02-13,2009-01-15,False,p595480,0,0,0,0,0,0,0,0,0,0,0,0,0,0.0,0.0,0.0,0.0,0,0,0,0,0,0.00,0.00,0.00,0.00,,,,,,,[],,530,211,526,217,484,189,535,212,0.0,0.0,0.0,0.0,0.0,0.0,521,273,530,212,543,219,517,206,0.0,0.0,0.0
True,True,100.0,100.0,166989,0,0,-2,2,-29.6,-24,"[{'offset': 0, 'projected_percent': '-30.3', 'likelihood': -2}, {'offset': 1, 'projected_percent': '-32.7', 'likelihood': -2}, {'offset': 2, 'projected_percent': '-35.0', 'likelihood': -2}]",,False,0,3,3.0,3.0,4,Youri,3.0,43,False,,2026-07-23T12:01:23.321726Z,58,166989.jpg,2.8,False,Tielemans,1.5,False,,a,16,1,14,43579,2132,158878,8254,0.5,2.4,Tielemans,,21.0,2026-07-14,1997-05-07,False,p166989,402,0,0,0,8,0,0,0,0,0,0,0,93,87.2,112.6,43.0,24.4,11,25,7,43,5,0.65,0.52,1.17,6.16,,,,,3.0,,[],,103,31,34,29,112,63,54,36,0.15,0.0,0.12,0.27,1.38,1.79,98,62,127,54,173,74,151,47,1.12,0.0,9.63
True,True,100.0,50.0,535301,0,0,-1,1,0.0,0,"[{'offset': 0, 'projected_percent': '0.0', 'likelihood': 0}, {'offset': 1, 'projected_percent': '0.0', 'likelihood': 0}, {'offset': 2, 'projected_percent': '0.0', 'likelihood': 0}]",2026-09-26T13:30:09.440487Z,False,0,3,0.0,0.0,0,Carlos,0.0,131,False,,2026-08-06T16:00:10.997714Z,49,535301.jpg,0.0,False,Baleba,0.1,False,,a,16,1,0,6228,789,14192,551,0.0,0.0,Baleba,,38.0,2026-08-25,2004-01-03,False,p535301,0,0,0,0,0,0,0,0,0,0,0,0,0,0.0,0.0,0.0,0.0,0,0,0,0,0,0.00,0.00,0.00,0.00,,,,,,,[],,575,240,575,246,541,222,581,242,0.0,0.0,0.0,0.0,0.0,0.0,390,233,577,242,586,247,387,143,0.0,0.0,0.0
True,True,,,532605,0,0,-2,2,-38.6,-10,"[{'offset': 0, 'projected_percent': '-39.4', 'likelihood': -2}, {'offset': 1, 'projected_percent': '-41.9', 'likelihood': -3}, {'offset': 2, 'projected_percent': '-44.4', 'likelihood': -3}]",,False,0,3,0.5,0.5,0,Andrey,0.5,162,False,,,48,532605.jpg,1.3,False,Nascimento dos Santos,0.6,False,,a,16,1,4,21964,767,72435,3816,0.1,0.8,Andrey Santos,Andrey Santos,30.0,2026-07-13,2004-05-03,False,p532605,82,0,0,0,4,0,0,0,0,0,0,0,23,24.8,5.5,8.0,3.9,7,7,4,18,1,0.00,0.24,0.24,2.03,,,,,,,[],,267,112,299,150,269,138,309,140,0.0,0.0,0.26,0.26,2.23,4.39,419,256,324,150,281,127,238,75,1.1,0.0,19.76
True,True,75.0,100.0,59735,0,0,0,0,-15.3,0,"[{'offset': 0, 'projected_percent': '-15.3', 'likelihood': -1}, {'offset': 1, 'projected_percent': '-15.3', 'likelihood': -1}, {'offset': 2, 'projected_percent': '-15.3', 'likelihood': -1}]",,False,0,1,0.0,0.0,0,Karl,0.0,325,False,Unspecified injury - 75% chance of playing,2026-09-21T13:30:08.885505Z,45,59735.jpg,0.0,False,Darlow,0.0,False,,d,16,1,0,1060,53,1507,126,0.0,0.0,Darlow,,244.0,2026-06-14,1990-10-08,False,p59735,0,0,0,0,0,0,0,0,0,0,0,0,0,0.0,0.0,0.0,0.0,0,0,0,0,0,0.00,0.00,0.00,0.00,,,,,,,[],https://www.manutd.com/en/news/darlow-mainoo-rashford-withdraw-from-international-duty,479,53,471,35,421,30,484,53,0.0,0.0,0.0,0.0,0.0,0.0,429,23,478,52,493,53,512,58,0.0,0.0,0.0
True,True,,,465247,0,0,-1,1,-13.9,-59,"[{'offset': 0, 'projected_percent': '-14.2', 'likelihood': -1}, {'offset': 1, 'projected_percent': '-15.0', 'likelihood': -1}, {'offset': 2, 'projected_percent': '-15.8', 'likelihood': -1}]",,False,0,1,2.5,2.5,4,Senne,2.5,412,False,,,49,465247.jpg,2.2,False,Lammens,10.0,False,,a,16,1,11,97041,4833,675334,36903,0.5,2.2,Lammens,,21.0,2025-09-01,2002-07-07,False,p465247,450,0,0,0,8,0,0,0,0,0,16,0,58,132.8,0.0,0.0,13.3,5,38,0,0,5,0.00,0.00,0.00,6.80,,,,,,,[],,29,5,571,60,536,58,167,5,0.0,3.2,0.0,0.0,1.36,1.6,375,20,154,15,212,16,39,6,1.0,0.0,0.0
True,True,0.0,0.0,21205,0,0,0,0,-32.1,0,"[{'offset': 0, 'projected_percent': '-32.1', 'likelihood': -2}, {'offset': 1, 'projected_percent': '-32.1', 'likelihood': -2}, {'offset': 2, 'projected_percent': '-32.1', 'likelihood': -2}]",,False,0,1,0.0,0.0,0,Tom,0.0,414,False,Hamstring injury - Unknown return date,2026-08-15T16:00:07.854151Z,40,21205.jpg,0.0,False,Heaton,0.1,False,,i,16,1,0,2069,151,3476,189,0.0,0.0,Heaton,,241.0,2021-07-02,1986-04-15,False,p21205,0,0,0,0,0,0,0,0,0,0,0,0,0,0.0,0.0,0.0,0.0,0,0,0,0,0,0.00,0.00,0.00,0.00,,,,,,,[],,410,25,398,6,342,1,414,25,0.0,0.0,0.0,0.0,0.0,0.0,587,49,404,24,424,25,441,49,0.0,0.0,0.0
True,True,,,596777,0,0,-2,2,-91.9,-3,"[{'offset': 0, 'projected_percent': '-92.1', 'likelihood': -3}, {'offset': 1, 'projected_percent': '-92.9', 'likelihood': -3}, {'offset': 2, 'projected_percent': '-93.7', 'likelihood': -3}]",,False,0,3,2.5,2.5,4,Patrick,2.5,415,False,,,58,596777.jpg,2.0,False,Dorgu,0.5,False,,a,16,1,10,13699,729,96509,2972,0.4,1.7,Dorgu,,58.0,2025-02-02,2004-10-26,False,p596777,171,0,1,0,6,0,0,0,1,0,0,0,27,49.2,44.1,72.0,15.6,8,4,8,20,2,0.78,0.09,0.87,3.38,,,,,,,[],,197,84,141,89,60,37,129,69,0.41,0.0,0.05,0.46,1.78,3.16,111,71,160,66,240,106,245,80,1.05,0.0,10.53
True,True,0.0,0.0,209365,0,0,0,0,-87.7,-1,"[{'offset': 0, 'projected_percent': '-88.6', 'likelihood': -3}, {'offset': 1, 'projected_percent': '-91.3', 'likelihood': -3}, {'offset': 2, 'projected_percent': '-94.0', 'likelihood': -3}]",,False,0,2,0.0,0.0,0,Matthijs,0.0,416,False,Back injury - Unknown return date,2026-07-23T12:01:23.690880Z,50,209365.jpg,0.0,False,de Ligt,0.0,False,,i,16,1,0,431,52,1501,78,0.0,0.0,De Ligt,,152.0,2024-08-13,1999-08-12,False,p209365,0,0,0,0,0,0,0,0,0,0,0,0,0,0.0,0.0,0.0,0.0,0,0,0,0,0,0.00,0.00,0.00,0.00,,,,,,,[],https://www.manutd.com/en/news/team-news-for-man-utd-hull-opener-aug-2026,588,209,590,208,565,205,594,209,0.0,0.0,0.0,0.0,0.0,0.0,259,38,590,207,597,208,563,190,0.0,0.0,0.0
True,True,,,216051,0,0,-1,1,-67.5,-11,"[{'offset': 0, 'projected_percent': '-67.8', 'likelihood': -3}, {'offset': 1, 'projected_percent': '-68.8', 'likelihood': -3}, {'offset': 2, 'projected_percent': '-69.7', 'likelihood': -3}]",,False,0,2,1.8,1.8,2,Diogo,1.8,417,False,,,49,216051.jpg,1.6,False,Dalot Teixeira,1.6,False,,a,16,1,8,25646,867,134089,5594,0.4,1.6,Dalot,Diogo Dalot,173.0,2018-06-08,1999-03-18,False,p216051,346,0,0,0,4,0,0,0,1,0,0,0,46,43.6,107.7,49.0,20.2,10,21,6,16,4,0.24,0.23,0.47,4.70,,,,,,,[],,206,82,38,6,95,20,85,24,0.06,0.0,0.06,0.12,1.22,1.04,357,61,209,76,264,94,142,57,1.04,0.0,4.16
True,True,,,95658,0,0,-1,1,-100.4,-129,"[{'offset': 0, 'projected_percent': '-101.1', 'likelihood': -5}, {'offset': 1, 'projected_percent': '-103.2', 'likelihood': -5}, {'offset': 2, 'projected_percent': '-105.3', 'likelihood': -5}]",,False,0,2,2.2,2.2,2,Harry,2.2,418,False,,,49,95658.jpg,2.0,False,Maguire,8.8,False,,a,16,1,10,136917,2959,989918,60227,0.4,2.0,Maguire,,241.0,2019-08-05,1993-03-05,False,p95658,450,0,1,0,8,0,0,0,2,0,0,0,50,86.0,50.1,50.0,18.6,28,21,3,31,5,0.20,0.46,0.66,6.80,,,,,,,[],,104,47,119,30,92,18,102,33,0.04,0.0,0.09,0.13,1.36,1.6,340,57,173,69,227,87,44,15,1.0,0.0,6.2
True,True,100.0,100.0,221820,0,0,0,0,-87.5,-15,"[{'offset': 0, 'projected_percent': '-88.0', 'likelihood': -3}, {'offset': 1, 'projected_percent': '-89.6', 'likelihood': -3}, {'offset': 2, 'projected_percent': '-91.3', 'likelihood': -3}]",,False,0,2,1.5,1.5,0,Lisandro,1.5,419,False,,2026-07-24T20:00:10.337107Z,50,221820.jpg,1.5,False,Martínez,1.3,False,,a,16,1,6,35645,2719,65587,4734,0.3,1.2,Martinez,Lisandro Martínez,10.0,2022-07-17,1998-01-18,False,p221820,360,0,0,0,6,1,0,0,0,0,0,0,29,66.4,18.8,32.0,11.8,17,14,3,20,4,0.21,0.16,0.37,5.79,,,,,,,[],,142,64,221,75,147,42,184,66,0.05,0.0,0.04,0.09,1.45,1.5,267,42,234,86,272,98,161,64,1.0,0.0,5.0
True,True,,,550864,-1,1,-2,2,-7.4,-8,"[{'offset': 0, 'projected_percent': '-7.9', 'likelihood': -1}, {'offset': 1, 'projected_percent': '-9.4', 'likelihood': -1}, {'offset': 2, 'projected_percent': '-10.9', 'likelihood': -1}]",,False,0,2,0.5,0.5,0,Leny,0.5,420,False,,,48,550864.jpg,1.0,False,Yoro,0.5,False,,a,16,1,2,5150,368,35479,1637,0.1,0.4,Yoro,,73.0,2024-07-19,2005-11-13,False,p550864,22,0,0,0,2,0,0,0,0,0,0,0,-1,7.8,2.4,2.0,1.3,3,1,2,5,0,0.00,0.02,0.02,1.09,,,,,,,[],,341,126,327,117,324,123,368,129,0.0,0.0,0.08,0.08,4.46,8.18,420,78,325,118,330,128,258,95,0.0,0.0,20.45
True,True,,,606745,0,0,-1,1,-88.4,-4,"[{'offset': 0, 'projected_percent': '-89.0', 'likelihood': -3}, {'offset': 1, 'projected_percent': '-91.0', 'likelihood': -3}, {'offset': 2, 'projected_percent': '-92.9', 'likelihood': -3}]",,False,0,2,0.0,0.0,0,Ayden,0.0,421,False,,,44,606745.jpg,1.0,False,Heaven,0.3,False,,a,16,1,1,5937,167,23690,1104,0.0,0.2,Heaven,,241.0,2025-02-01,2006-09-22,False,p606745,90,0,0,0,2,0,0,0,0,0,0,0,5,6.8,2.6,11.0,2.0,1,4,1,2,1,0.12,0.04,0.16,1.01,,,,,,,[],,348,128,325,116,246,84,348,122,0.12,0.0,0.04,0.16,1.01,2.0,577,153,476,182,316,120,301,110,1.0,0.0,2.0
True,True,,,230001,0,0,-1,1,-63.5,-2,"[{'offset': 0, 'projected_percent': '-63.6', 'likelihood': -3}, {'offset': 1, 'projected_percent': '-64.2', 'likelihood': -3}, {'offset': 2, 'projected_percent': '-64.8', 'likelihood': -3}]",,False,0,2,0.5,0.5,0,Noussair,0.5,422,False,,,44,230001.jpg,1.0,False,Mazraoui,0.5,False,,a,16,1,3,14238,454,40299,2212,0.1,0.7,Mazraoui,,145.0,2024-08-13,1997-11-14,False,p230001,97,0,0,0,4,0,0,0,0,0,0,0,6,21.0,31.2,11.0,6.4,4,3,2,6,1,0.22,0.06,0.28,2.08,,,,,,,[],,283,114,183,57,245,83,264,100,0.2,0.0,0.06,0.26,1.93,3.71,560,143,316,113,311,116,249,94,0.93,0.0,5.57
True,True,100.0,50.0,106760,-1,1,-2,2,-2.8,-52,"[{'offset': 0, 'projected_percent': '-3.0', 'likelihood': -1}, {'offset': 1, 'projected_percent': '-3.5', 'likelihood': -1}, {'offset': 2, 'projected_percent': '-4.1', 'likelihood': -1}]",,False,0,2,2.0,1.0,2,Luke,2.0,423,False,,2026-09-11T13:00:09.030120Z,43,106760.jpg,2.2,False,Shaw,7.8,False,,a,16,1,9,99713,2229,1297136,65207,0.5,2.1,Shaw,,241.0,2014-07-01,1995-07-12,False,p106760,335,0,1,0,5,0,0,0,1,0,0,0,54,92.6,91.6,17.0,20.1,17,7,6,23,4,0.03,0.58,0.61,4.63,3.0,,,,,,[],,90,41,48,8,206,62,87,26,0.01,0.0,0.16,0.17,1.24,1.34,579,154,188,73,206,82,48,17,1.07,0.0,6.18
True,True,,,577974,0,0,0,0,-39.7,-4,"[{'offset': 0, 'projected_percent': '-40.5', 'likelihood': -3}, {'offset': 1, 'projected_percent': '-43.1', 'likelihood': -3}, {'offset': 2, 'projected_percent': '-45.7', 'likelihood': -3}]",,False,0,2,0.0,0.0,0,Harry,0.0,424,False,,,40,577974.jpg,0.0,False,Amass,0.2,False,,a,16,1,0,6213,311,8590,560,0.0,0.0,Amass,,241.0,2024-04-06,2007-03-16,False,p577974,0,0,0,0,0,0,0,0,0,0,0,0,0,0.0,0.0,0.0,0.0,0,0,0,0,0,0.00,0.00,0.00,0.00,,,,,,,[],,455,172,446,171,391,157,460,172,0.0,0.0,0.0,0.0,0.0,0.0,650,201,451,166,469,172,332,124,0.0,0.0,0.0
True,True,,,141746,-1,1,-1,1,-0.3,-184,"[{'offset': 0, 'projected_percent': '-0.4', 'likelihood': -1}, {'offset': 1, 'projected_percent': '-0.8', 'likelihood': -1}, {'offset': 2, 'projected_percent': '-1.2', 'likelihood': -1}]",,False,1,3,7.2,7.2,2,Bruno,7.2,426,False,,,119,141746.jpg,6.2,False,Borges Fernandes,38.7,False,,a,16,1,31,638640,27040,1811585,158635,0.6,2.6,B.Fernandes,Bruno Fernandes,173.0,2020-01-30,1994-09-08,False,p141746,450,3,1,0,8,0,0,0,0,0,0,3,148,187.0,241.7,117.0,54.6,3,21,5,29,5,2.56,1.32,3.88,6.80,1.0,,1.0,,1.0,,[],,2,2,1,1,25,13,1,1,0.51,0.0,0.26,0.77,1.36,1.6,2,1,7,4,24,11,6,2,1.0,0.0,5.8
True,True,,,446008,0,0,-1,1,-67.5,-176,"[{'offset': 0, 'projected_percent': '-67.9', 'likelihood': -3}, {'offset': 1, 'projected_percent': '-69.1', 'likelihood': -3}, {'offset': 2, 'projected_percent': '-70.3', 'likelihood': -3}]",,False,0,3,5.8,5.8,2,Bryan,5.8,427,False,,,79,446008.jpg,5.0,False,Mbeumo,20.8,False,,a,16,1,25,451284,24305,1988951,102452,0.7,3.2,Mbeumo,,38.0,2025-07-21,1999-08-07,False,p446008,450,2,1,0,8,0,0,0,1,0,0,3,110,120.8,164.2,156.0,44.2,7,14,5,26,5,3.07,0.80,3.87,6.80,2.0,,2.0,,2.0,,[],,42,15,11,10,9,5,7,6,0.61,0.0,0.16,0.77,1.36,1.6,11,8,27,12,59,25,17,7,1.0,0.0,5.2
True,True,,,430871,0,0,-1,1,-92.0,81,"[{'offset': 0, 'projected_percent': '-91.4', 'likelihood': -3}, {'offset': 1, 'projected_percent': '-89.3', 'likelihood': -3}, {'offset': 2, 'projected_percent': '-87.3', 'likelihood': -3}]",,False,0,3,6.0,6.0,10,Matheus,6.0,428,False,,,79,430871.jpg,5.2,False,Santos Carneiro da Cunha,5.7,False,,a,16,1,26,86861,13115,504796,16765,0.8,3.3,Cunha,Matheus Cunha,30.0,2025-06-01,1999-05-27,False,p430871,407,1,2,1,5,0,0,0,0,0,0,4,95,73.0,111.5,114.0,30.0,1,9,3,13,5,0.63,0.83,1.46,5.44,,,,,,,[],,126,41,35,30,27,14,34,24,0.14,0.0,0.18,0.32,1.2,1.11,10,7,22,10,55,24,68,22,1.11,0.22,2.87
True,True,75.0,,176297,0,0,0,0,-63.0,-107,"[{'offset': 0, 'projected_percent': '-64.8', 'likelihood': -3}, {'offset': 1, 'projected_percent': '-70.3', 'likelihood': -3}, {'offset': 2, 'projected_percent': '-75.7', 'likelihood': -3}]",,False,0,3,1.7,2.2,2,Marcus,2.2,429,False,Unspecified injury - 75% chance of playing,2026-09-21T10:30:09.221479Z,70,176297.jpg,2.0,False,Rashford,1.5,False,,d,16,1,10,84824,3795,122576,11495,0.3,1.4,Rashford,,241.0,2015-07-01,1997-10-31,False,p176297,351,0,0,1,3,0,0,0,0,0,0,0,58,53.4,163.2,157.0,37.3,4,10,4,18,4,0.78,0.43,1.21,4.50,,,3.0,,,,[],https://www.manutd.com/en/news/carrick-reveals-rashford-picked-up-an-issue,179,71,12,11,8,4,14,12,0.2,0.0,0.11,0.31,1.15,0.77,25,16,186,82,244,108,149,46,1.03,0.26,4.62
True,True,100.0,100.0,184341,0,0,-1,1,0.1,1,"[{'offset': 0, 'projected_percent': '0.1', 'likelihood': 1}, {'offset': 1, 'projected_percent': '0.1', 'likelihood': 1}, {'offset': 2, 'projected_percent': '0.1', 'likelihood': 1}]",,False,0,3,0.2,0.2,1,Mason,0.2,430,False,,2026-08-15T16:00:07.879135Z,54,184341.jpg,1.0,False,Mount,0.0,False,,a,16,1,1,849,121,1916,140,0.0,0.2,Mount,,241.0,2023-07-05,1999-01-10,False,p184341,10,0,0,0,0,0,0,0,0,0,0,0,3,0.6,1.1,5.0,0.7,0,1,0,1,0,0.09,0.01,0.10,0.00,,,4.0,,,,[],,400,187,355,178,294,152,384,180,0.81,0.0,0.09,0.9,0.0,0.0,174,110,388,185,374,173,536,216,0.0,0.0,9.0
True,True,0.0,0.0,493250,0,0,-3,3,-12.9,-3,"[{'offset': 0, 'projected_percent': '-13.0', 'likelihood': -1}, {'offset': 1, 'projected_percent': '-13.5', 'likelihood': -1}, {'offset': 2, 'projected_percent': '-13.9', 'likelihood': -1}]",,False,0,3,0.0,0.0,0,Amad,0.0,431,False,Unspecified injury - Unknown return date,2026-08-22T11:00:08.617283Z,57,493250.jpg,0.0,False,Diallo,0.3,False,,i,16,1,0,2126,84,123067,1346,0.0,0.0,Amad,,54.0,2021-01-07,2002-07-11,False,p493250,0,0,0,0,0,0,0,0,0,0,0,0,0,0.0,0.0,0.0,0.0,0,0,0,0,0,0.00,0.00,0.00,0.00,4.0,,,,,,[],https://www.manutd.com/en/news/team-news-for-ipswich-visit-30-august,646,285,652,287,642,283,651,286,0.0,0.0,0.0,0.0,0.0,0.0,116,74,647,286,651,287,293,100,0.0,0.0,0.0
True,True,75.0,,516895,0,0,0,0,15.2,-92,"[{'offset': 0, 'projected_percent': '14.8', 'likelihood': 1}, {'offset': 1, 'projected_percent': '13.5', 'likelihood': 1}, {'offset': 2, 'projected_percent': '12.2', 'likelihood': 1}]",,False,0,3,3.9,5.2,4,Kobbie,5.2,432,False,Unspecified injury - 75% chance of playing,2026-09-21T13:00:09.169862Z,55,516895.jpg,4.4,False,Mainoo,1.6,False,,d,16,1,22,93658,6564,61664,9387,0.9,4.0,Mainoo,,241.0,2022-10-15,2005-04-19,False,p516895,354,0,1,0,4,0,0,0,0,0,0,2,102,83.2,88.8,21.0,19.3,10,40,6,56,4,0.30,0.52,0.82,4.77,,,,,,,[],https://www.manutd.com/en/news/darlow-mainoo-rashford-withdraw-from-international-duty,109,34,53,43,186,99,95,51,0.08,0.0,0.13,0.21,1.21,1.02,156,97,39,16,76,30,143,44,1.02,0.0,14.24
True,True,0.0,0.0,232112,0,0,0,0,-65.5,0,"[{'offset': 0, 'projected_percent': '-65.5', 'likelihood': -3}, {'offset': 1, 'projected_percent': '-65.5', 'likelihood': -3}, {'offset': 2, 'projected_percent': '-65.5', 'likelihood': -3}]",,False,0,3,0.0,0.0,0,Manuel,0.0,433,False,Knee injury - Unknown return date,2026-07-23T12:01:23.706702Z,50,232112.jpg,0.0,False,Ugarte Ribeiro,0.0,False,,i,16,1,0,113,17,260,20,0.0,0.0,Ugarte,,230.0,2024-08-30,2001-04-11,False,p232112,0,0,0,0,0,0,0,0,0,0,0,0,0,0.0,0.0,0.0,0.0,0,0,0,0,0,0.00,0.00,0.00,0.00,,,,,,,[],https://www.manutd.com/en/news/an-official-update-on-manuel-ugarte,594,253,596,258,571,242,600,255,0.0,0.0,0.0,0.0,0.0,0.0,272,167,596,255,603,258,642,278,0.0,0.0,0.0
True,True,,,547037,0,0,-1,1,-38.5,0,"[{'offset': 0, 'projected_percent': '-38.5', 'likelihood': -2}, {'offset': 1, 'projected_percent': '-38.5', 'likelihood': -2}, {'offset': 2, 'projected_percent': '-38.5', 'likelihood': -2}]",,False,0,3,0.0,0.0,0,Jack,0.0,434,False,,,49,547037.jpg,0.0,False,Fletcher,0.0,False,,a,16,1,0,306,26,694,46,0.0,0.0,J.Fletcher,Jack Fletcher,241.0,2024-07-12,2007-03-19,False,p547037,0,0,0,0,0,0,0,0,0,0,0,0,0,0.0,0.0,0.0,0.0,0,0,0,0,0,0.00,0.00,0.00,0.00,,,,,,,[],,578,243,578,249,544,225,584,245,0.0,0.0,0.0,0.0,0.0,0.0,393,236,580,245,589,250,606,255,0.0,0.0,0.0
True,True,,,576628,0,0,-1,1,-4.9,0,"[{'offset': 0, 'projected_percent': '-4.9', 'likelihood': -1}, {'offset': 1, 'projected_percent': '-4.9', 'likelihood': -1}, {'offset': 2, 'projected_percent': '-4.9', 'likelihood': -1}]",,False,0,3,0.0,0.0,0,Shea,0.0,435,False,,,49,576628.jpg,1.0,False,Lacey,0.1,False,,a,16,1,1,1642,289,3211,246,0.0,0.2,Lacey,,241.0,2025-05-26,2007-04-14,False,p576628,10,0,0,0,0,0,0,0,0,0,0,0,3,0.2,0.6,0.0,0.1,0,1,0,1,0,0.00,0.00,0.00,0.00,,,,,,,[],,404,190,368,183,548,229,404,189,0.0,0.0,0.0,0.0,0.0,0.0,398,241,582,247,343,151,489,191,0.0,0.0,9.0
True,True,,,576620,0,0,0,0,-99.4,-4,"[{'offset': 0, 'projected_percent': '-100.6', 'likelihood': -5}, {'offset': 1, 'projected_percent': '-104.1', 'likelihood': -5}, {'offset': 2, 'projected_percent': '-107.6', 'likelihood': -5}]",,False,0,3,0.0,0.0,0,Bendito,0.0,437,False,,,45,576620.jpg,0.0,False,Mantato,0.2,False,,a,16,1,0,4830,166,9385,604,0.0,0.0,Bendito Mantato,,,,,False,p576620,0,0,0,0,0,0,0,0,0,0,0,0,0,0.0,0.0,0.0,0.0,0,0,0,0,0,0.00,0.00,0.00,0.00,,,,,,,[],,525,208,521,214,479,186,530,209,0.0,0.0,0.0,0.0,0.0,0.0,514,269,525,209,538,216,358,129,0.0,0.0,0.0
True,True,,,519913,0,0,-1,1,0.4,6,"[{'offset': 0, 'projected_percent': '0.4', 'likelihood': 1}, {'offset': 1, 'projected_percent': '0.5', 'likelihood': 1}, {'offset': 2, 'projected_percent': '0.5', 'likelihood': 1}]",,False,0,3,0.0,0.0,0,Tyler,0.0,438,False,,,44,519913.jpg,0.0,False,Fletcher,0.3,False,,a,16,1,0,9990,1921,16271,1502,0.0,0.0,Fletcher,Tyler Fletcher,243.0,2025-05-26,2007-03-19,False,p519913,0,0,0,0,0,0,0,0,0,0,0,0,0,0.0,0.0,0.0,0.0,0,0,0,0,0,0.00,0.00,0.00,0.00,,,,,,,[],,474,196,466,202,416,174,479,197,0.0,0.0,0.0,0.0,0.0,0.0,573,297,472,197,488,204,282,95,0.0,0.0,0.0
True,True,75.0,100.0,485711,0,0,0,0,-25.8,-135,"[{'offset': 0, 'projected_percent': '-27.8', 'likelihood': -2}, {'offset': 1, 'projected_percent': '-34.1', 'likelihood': -2}, {'offset': 2, 'projected_percent': '-40.4', 'likelihood': -3}]",,False,0,4,1.4,1.8,0,Benjamin,1.8,439,False,Shin injury - 75% chance of playing,2026-09-20T19:30:08.505755Z,70,485711.jpg,2.0,False,Sesko,1.7,False,,d,16,1,8,103685,6246,126868,17195,0.3,1.1,Šeško,,195.0,2025-08-09,2003-05-31,False,p485711,76,1,0,0,3,0,0,0,0,0,0,0,39,34.6,11.9,36.0,8.2,0,5,0,5,0,0.39,0.01,0.40,2.00,,,,,,,[],https://www.manutd.com/en/news/sesko-withdraws-from-slovenia-squad,239,21,266,33,137,27,235,24,0.46,0.0,0.01,0.47,2.37,3.55,28,10,223,25,246,28,139,22,0.0,0.0,5.92
True,True,,,458249,-1,1,-2,2,-6.7,-4,"[{'offset': 0, 'projected_percent': '-7.0', 'likelihood': -1}, {'offset': 1, 'projected_percent': '-7.9', 'likelihood': -1}, {'offset': 2, 'projected_percent': '-8.7', 'likelihood': -1}]",,False,0,4,0.5,0.5,1,Joshua,0.5,440,False,,,53,458249.jpg,1.0,False,Zirkzee,0.4,False,,a,16,1,2,15144,1264,42851,2298,0.1,0.4,Zirkzee,,152.0,2024-07-17,2001-05-22,False,p458249,20,0,0,0,0,0,0,0,0,0,0,0,8,7.6,14.9,0.0,2.2,2,2,0,4,0,0.00,0.01,0.01,0.02,,,,,,,[],,343,35,239,27,610,68,343,39,0.0,0.0,0.04,0.04,0.09,0.0,225,49,335,38,363,40,266,47,0.0,0.0,18.0
True,True,100.0,0.0,465694,0,0,0,0,0.8,0,"[{'offset': 0, 'projected_percent': '0.8', 'likelihood': 1}, {'offset': 1, 'projected_percent': '0.8', 'likelihood': 1}, {'offset': 2, 'projected_percent': '0.8', 'likelihood': 1}]",2026-09-27T16:30:09.285267Z,False,0,3,1.2,0.0,0,Nico,1.2,405,False,,2026-09-14T21:30:07.343728Z,55,465694.jpg,1.7,False,González Iglesias,0.2,False,,a,17,4,5,17823,360,16759,1590,0.2,0.9,N.Gonzalez,,200.0,2026-08-26,2002-01-03,False,p465694,164,0,0,1,2,0,0,0,1,0,0,0,23,13.4,42.0,2.0,5.8,3,9,0,12,3,0.00,0.21,0.21,2.34,,,,,,,[],,304,132,149,95,334,167,276,123,0.0,0.0,0.12,0.12,1.28,1.1,148,90,254,116,262,116,336,118,1.65,0.55,6.59
True,True,,,98747,0,0,-1,1,-38.5,-8,"[{'offset': 0, 'projected_percent': '-38.9', 'likelihood': -2}, {'offset': 1, 'projected_percent': '-40.1', 'likelihood': -3}, {'offset': 2, 'projected_percent': '-41.3', 'likelihood': -3}]",,False,0,1,0.0,0.0,0,Nick,0.0,442,False,,,49,98747.jpg,0.0,False,Pope,1.0,False,,a,17,4,0,13119,626,53089,2366,0.0,0.0,Pope,,241.0,2022-06-23,1992-04-19,False,p98747,0,0,0,0,0,0,0,0,0,0,0,0,0,0.0,0.0,0.0,0.0,0,0,0,0,0,0.00,0.00,0.00,0.00,,,,,,,[],,557,67,554,55,517,53,562,67,0.0,0.0,0.0,0.0,0.0,0.0,341,15,557,67,569,67,186,29,0.0,0.0,0.0
True,True,,,81441,0,0,0,0,-34.9,-1,"[{'offset': 0, 'projected_percent': '-36.6', 'likelihood': -2}, {'offset': 1, 'projected_percent': '-41.7', 'likelihood': -3}, {'offset': 2, 'projected_percent': '-46.8', 'likelihood': -3}]",,False,0,1,0.0,0.0,0,Mark,0.0,443,False,,,45,81441.jpg,0.0,False,Gillespie,0.0,False,,a,17,4,0,752,27,1178,58,0.0,0.0,Gillespie,,241.0,2020-07-27,1992-03-27,False,p81441,0,0,0,0,0,0,0,0,0,0,0,0,0,0.0,0.0,0.0,0.0,0,0,0,0,0,0.00,0.00,0.00,0.00,,,,,,,[],,480,54,474,38,424,33,485,54,0.0,0.0,0.0,0.0,0.0,0.0,432,26,480,54,494,54,528,61,0.0,0.0,0.0
True,True,50.0,50.0,554578,-1,1,-1,1,-4.8,-1,"[{'offset': 0, 'projected_percent': '-5.6', 'likelihood': -1}, {'offset': 1, 'projected_percent': '-8.2', 'likelihood': -1}, {'offset': 2, 'projected_percent': '-10.8', 'likelihood': -1}]",,False,0,1,0.0,0.0,0,Ewen,0.0,444,False,Ankle injury - 50% chance of playing,2026-09-10T16:00:09.127466Z,44,554578.jpg,0.0,False,Jaouen,0.0,False,,d,17,4,0,448,15,1494,89,0.0,0.0,Jaouen,,73.0,2026-06-15,2005-12-29,False,p554578,0,0,0,0,0,0,0,0,0,0,0,0,0,0.0,0.0,0.0,0.0,0,0,0,0,0,0.00,0.00,0.00,0.00,,,,,,,[],https://www.newcastleunited.com/en/video/1001979?utm_source=premier-league-web&utm_medium=referral&utm_campaign=pl-referral-always-on&utm_term=injury-news,476,52,468,34,418,29,481,52,0.0,0.0,0.0,0.0,0.0,0.0,575,48,474,51,490,52,569,67,0.0,0.0,0.0
True,True,,,465642,0,0,0,0,16.6,9,"[{'offset': 0, 'projected_percent': '16.7', 'likelihood': 1}, {'offset': 1, 'projected_percent': '16.8', 'likelihood': 1}, {'offset': 2, 'projected_percent': '16.9', 'likelihood': 1}]",,False,0,2,2.8,2.8,4,Malick,2.8,445,False,,,50,465642.jpg,2.8,False,Thiaw,2.2,False,,a,17,4,14,175622,6321,120266,7255,0.6,2.8,Thiaw,,80.0,2025-08-12,2001-08-08,False,p465642,450,0,0,1,9,1,0,0,0,0,0,0,32,106.2,16.3,4.0,12.7,45,10,0,45,5,0.00,0.08,0.08,9.14,,,,,,,[],,64,28,233,81,309,113,174,62,0.0,0.0,0.02,0.02,1.83,1.8,287,47,134,50,166,69,123,49,1.0,0.2,9.0
True,True,100.0,100.0,119471,0,0,-1,1,-10.0,-2,"[{'offset': 0, 'projected_percent': '-10.4', 'likelihood': -1}, {'offset': 1, 'projected_percent': '-11.8', 'likelihood': -1}, {'offset': 2, 'projected_percent': '-13.2', 'likelihood': -1}]",,False,0,2,0.4,0.4,1,Fabian,0.4,446,False,,2026-08-15T16:30:07.209742Z,49,119471.jpg,1.0,False,Schär,0.2,False,,a,17,4,2,6925,414,13649,703,0.1,0.4,Schär,,207.0,2018-07-26,1991-12-20,False,p119471,25,0,0,0,2,0,0,0,0,0,0,0,0,25.0,10.5,0.0,3.6,7,0,0,7,0,0.00,0.01,0.01,1.87,,,2.0,,,,[],,266,108,273,98,519,200,314,117,0.0,0.0,0.04,0.04,6.73,7.2,343,58,349,120,331,129,326,121,0.0,0.0,25.2
True,True,,,220237,0,0,0,0,8.9,10,"[{'offset': 0, 'projected_percent': '8.9', 'likelihood': 1}, {'offset': 1, 'projected_percent': '9.1', 'likelihood': 1}, {'offset': 2, 'projected_percent': '9.2', 'likelihood': 1}]",,False,0,2,3.0,3.0,4,Sven,3.0,447,False,,,50,220237.jpg,3.0,False,Botman,0.7,False,,a,17,4,15,46157,3483,27346,2052,0.6,3.0,Botman,,152.0,2022-06-28,2000-01-12,False,p220237,450,0,0,1,9,0,0,0,1,0,0,0,43,136.0,4.1,23.0,16.4,54,14,5,59,5,0.06,0.17,0.23,9.14,,,,,,,[],,27,9,315,112,174,52,118,39,0.01,0.0,0.03,0.04,1.83,1.8,264,40,120,48,140,60,212,82,1.0,0.2,11.8
True,True,0.0,0.0,78916,-1,1,-2,2,-1.6,-20,"[{'offset': 0, 'projected_percent': '-1.9', 'likelihood': -1}, {'offset': 1, 'projected_percent': '-2.7', 'likelihood': -1}, {'offset': 2, 'projected_percent': '-3.5', 'likelihood': -1}]",,False,0,2,0.0,0.0,0,Dan,0.0,448,False,Ankle injury - Expected back 12 Oct,2026-08-23T18:00:08.367241Z,48,78916.jpg,0.0,False,Burn,0.7,False,,i,17,4,0,7284,69,159300,4392,0.0,0.0,Burn,,241.0,2022-01-31,1992-05-09,False,p78916,0,0,0,0,0,0,0,0,0,0,0,0,0,0.0,0.0,0.0,0.0,0,0,0,0,0,0.00,0.00,0.00,0.00,,,,,,,[],https://www.newcastleunited.com/en/news/confimed-line-up-opening-day-debuts-for-hornicek-dedic-and-steur-against-liverpool,550,202,547,201,508,196,555,202,0.0,0.0,0.0,0.0,0.0,0.0,407,73,550,199,563,202,207,80,0.0,0.0,0.0
True,True,,,487838,1,-1,3,-3,1.4,471,"[{'offset': 0, 'projected_percent': '2.2', 'likelihood': 1}, {'offset': 1, 'projected_percent': '4.6', 'likelihood': 1}, {'offset': 2, 'projected_percent': '7.0', 'likelihood': 1}]",,False,2,2,6.2,6.2,13,Lewis,6.2,449,False,,,53,487838.jpg,6.2,False,Hall,16.8,False,,a,17,4,31,1608475,194973,339839,12006,1.2,5.8,Hall,,241.0,2024-07-01,2004-09-08,False,p487838,449,1,1,1,9,0,0,0,0,0,0,6,127,175.6,89.0,38.0,30.2,33,38,13,46,5,0.25,0.79,1.04,9.12,1.0,,1.0,,,,[],,4,1,52,9,129,36,33,4,0.05,0.0,0.16,0.21,1.83,1.8,230,32,19,6,22,9,24,7,1.0,0.2,9.22
True,True,75.0,100.0,441191,0,0,-1,1,1.6,-5,"[{'offset': 0, 'projected_percent': '1.5', 'likelihood': 1}, {'offset': 1, 'projected_percent': '1.5', 'likelihood': 1}, {'offset': 2, 'projected_percent': '1.4', 'likelihood': 1}]",,False,0,2,0.6,0.8,0,Tino,0.8,450,False,Unspecified injury - 75% chance of playing,2026-09-19T14:00:09.046677Z,49,441191.jpg,2.0,False,Livramento,0.1,False,,d,17,4,4,10183,387,5632,1192,0.2,0.8,Livramento,,241.0,2023-08-08,2002-11-12,False,p441191,33,0,1,0,1,0,0,0,1,0,0,0,12,5.0,3.8,4.0,1.3,1,4,2,3,0,0.00,0.01,0.01,0.18,,,,,,,[],,360,135,317,114,306,111,369,130,0.0,0.0,0.03,0.03,0.49,2.73,369,65,282,104,229,88,410,151,0.0,0.0,8.18
True,True,,,201666,1,-1,1,-1,11.7,217,"[{'offset': 0, 'projected_percent': '12.1', 'likelihood': 1}, {'offset': 1, 'projected_percent': '13.2', 'likelihood': 1}, {'offset': 2, 'projected_percent': '14.3', 'likelihood': 1}]",,False,1,3,5.6,5.6,9,Harvey,5.6,453,False,,,61,201666.jpg,5.6,False,Barnes,5.4,False,,a,17,4,28,596138,125035,142000,10092,0.9,4.6,Barnes,,241.0,2023-07-23,1997-12-09,False,p201666,450,1,3,1,9,0,0,0,0,0,0,3,105,105.2,80.9,96.0,28.2,14,16,3,33,5,0.62,0.48,1.10,9.14,3.0,,,,,,[],,67,22,62,51,39,22,39,28,0.12,0.0,0.1,0.22,1.83,1.8,62,43,29,14,41,20,72,24,1.0,0.2,6.6
True,True,0.0,0.0,449434,-1,1,1,-1,-30.1,-385,"[{'offset': 0, 'projected_percent': '-30.9', 'likelihood': -2}, {'offset': 1, 'projected_percent': '-33.4', 'likelihood': -2}, {'offset': 2, 'projected_percent': '-35.8', 'likelihood': -2}]",,False,0,3,0.0,0.0,0,Anthony,3.6,454,False,Unspecified injury - Unknown return date,2026-09-14T20:00:09.505598Z,61,449434.jpg,6.0,False,Elanga,4.8,False,,i,17,4,18,1286078,241,1063240,143279,0.6,3.0,Elanga,,206.0,2025-07-11,2002-04-27,False,p449434,232,2,0,1,3,0,0,0,1,0,0,2,71,82.6,50.6,61.0,19.4,2,3,4,9,3,0.42,0.34,0.76,4.01,2.0,,,,,,[],https://www.newcastleunited.com/en/news/matthias-jaissles-team-news-update-elanga-latest-ahead-of-hull-visit,113,35,115,77,71,43,94,50,0.16,0.0,0.13,0.29,1.56,1.16,63,44,86,35,33,15,78,27,1.16,0.39,3.49
True,True,0.0,0.0,232653,0,0,-1,1,-75.9,-21,"[{'offset': 0, 'projected_percent': '-77.3', 'likelihood': -3}, {'offset': 1, 'projected_percent': '-81.7', 'likelihood': -3}, {'offset': 2, 'projected_percent': '-86.0', 'likelihood': -3}]",,False,0,3,0.0,0.0,0,Jacob,1.4,456,False,Thigh injury - Unknown return date,2026-09-15T09:00:08.191022Z,49,232653.jpg,2.3,False,Ramsey,0.2,False,,i,17,4,7,16570,24,30014,3811,0.3,1.4,J.Ramsey,,241.0,2025-08-17,2001-05-28,False,p232653,69,1,0,0,1,0,0,0,1,0,0,0,26,40.4,6.3,21.0,6.7,3,6,2,11,0,0.17,0.16,0.33,1.92,,,,,,,[],https://www.newcastleunited.com/en/news/matthias-jaissles-team-news-update-elanga-latest-ahead-of-hull-visit,215,92,291,146,181,96,257,114,0.22,0.0,0.21,0.43,2.5,1.3,362,217,244,111,202,87,310,108,0.0,0.0,14.35
True,True,,,114243,0,0,-1,1,-22.9,0,"[{'offset': 0, 'projected_percent': '-22.9', 'likelihood': -2}, {'offset': 1, 'projected_percent': '-22.9', 'likelihood': -2}, {'offset': 2, 'projected_percent': '-22.9', 'likelihood': -2}]",,False,0,3,0.6,0.6,1,Jacob,0.6,457,False,,,59,114243.jpg,0.6,False,Murphy,0.1,False,,a,17,4,3,5762,659,10755,576,0.1,0.5,J.Murphy,Jacob Murphy,241.0,2017-07-19,1995-02-24,False,p114243,181,0,0,0,5,0,0,0,3,0,0,0,21,13.0,26.9,10.0,4.9,4,10,4,18,2,0.03,0.41,0.44,4.96,4.0,,,,,,[],,306,134,193,111,257,133,294,132,0.01,0.0,0.2,0.21,2.47,2.49,79,52,312,145,413,197,375,136,0.99,0.0,8.95
True,True,0.0,0.0,180974,0,0,-1,1,-56.2,-1,"[{'offset': 0, 'projected_percent': '-57.3', 'likelihood': -3}, {'offset': 1, 'projected_percent': '-60.8', 'likelihood': -3}, {'offset': 2, 'projected_percent': '-64.4', 'likelihood': -3}]",,False,0,3,0.0,0.0,0,Joelinton Cássio,0.0,458,False,Unspecified injury - Unknown return date,2026-08-16T08:00:08.074045Z,54,180974.jpg,0.0,False,Apolinário de Lira,0.0,False,,i,17,4,0,220,9,2220,58,0.0,0.0,Joelinton,Joelinton,30.0,2019-07-24,1996-08-14,False,p180974,0,0,0,0,0,0,0,0,0,0,0,0,0,0.0,0.0,0.0,0.0,0,0,0,0,0,0.00,0.00,0.00,0.00,,,,,,,[],https://www.newcastleunited.com/en/news/matthias-jaissles-team-news-update-livramento-and-joelinton-latest-ahead-of-premier-league-opener,629,273,632,275,618,267,634,274,0.0,0.0,0.0,0.0,0.0,0.0,173,109,629,273,635,275,576,237,0.0,0.0,0.0
True,True,100.0,100.0,547719,0,0,0,0,0.6,0,"[{'offset': 0, 'projected_percent': '0.6', 'likelihood': 1}, {'offset': 1, 'projected_percent': '0.6', 'likelihood': 1}, {'offset': 2, 'projected_percent': '0.6', 'likelihood': 1}]",,False,0,3,2.4,2.4,4,Lewis,2.4,459,False,,2026-07-23T12:01:23.785456Z,55,547719.jpg,2.4,False,Miley,0.1,False,,a,17,4,12,6211,347,5334,327,0.4,2.2,L.Miley,,241.0,2023-02-01,2006-05-01,False,p547719,396,0,0,1,8,1,0,0,1,0,0,0,68,58.4,57.3,5.0,12.0,20,26,6,52,5,0.05,0.14,0.19,7.95,5.0,,,,,,[],,167,64,100,69,297,154,182,89,0.01,0.0,0.03,0.04,1.81,1.82,159,99,167,70,198,86,440,169,1.14,0.23,11.82
True,True,,,200089,0,0,0,0,13.7,16,"[{'offset': 0, 'projected_percent': '13.7', 'likelihood': 1}, {'offset': 1, 'projected_percent': '14.0', 'likelihood': 1}, {'offset': 2, 'projected_percent': '14.2', 'likelihood': 1}]",,False,0,3,4.4,4.4,10,Joe,4.4,460,False,,,50,200089.jpg,4.4,False,Willock,0.5,False,,a,17,4,22,62349,7529,29820,1835,0.9,4.4,Willock,,241.0,2021-08-13,1999-08-20,False,p200089,284,2,0,1,5,0,0,0,0,0,0,3,80,92.2,41.0,68.0,19.4,4,9,5,18,3,0.81,0.30,1.11,5.19,,,,,,,[],,93,27,153,98,64,39,93,49,0.26,0.0,0.1,0.36,1.64,1.58,254,158,61,25,73,28,243,78,0.95,0.32,5.7
True,True,,,611665,0,0,-2,2,-5.5,-3,"[{'offset': 0, 'projected_percent': '-6.5', 'likelihood': -1}, {'offset': 1, 'projected_percent': '-9.7', 'likelihood': -1}, {'offset': 2, 'projected_percent': '-12.9', 'likelihood': -1}]",,False,0,3,1.6,1.6,1,Bazoumana,1.6,461,False,,,58,611665.jpg,2.7,False,Touré,0.1,False,,a,17,4,8,3624,241,16246,639,0.3,1.4,Touré,,54.0,2026-07-05,2006-03-02,False,p611665,50,1,0,0,1,0,0,0,0,0,0,0,29,37.6,5.3,21.0,6.4,1,3,0,4,0,0.28,0.01,0.29,0.76,,,,,,,[],,227,98,301,152,187,100,265,118,0.5,0.0,0.02,0.52,1.37,1.8,112,72,227,102,177,76,381,138,0.0,0.0,7.2
True,True,,,636852,0,0,-1,1,-48.8,2,"[{'offset': 0, 'projected_percent': '-47.5', 'likelihood': -3}, {'offset': 1, 'projected_percent': '-43.4', 'likelihood': -3}, {'offset': 2, 'projected_percent': '-39.3', 'likelihood': -2}]",,False,0,3,1.6,1.6,3,Sean,1.6,462,False,,,49,636852.jpg,1.6,False,Steur,0.1,False,,a,17,4,8,2341,185,6088,291,0.3,1.6,Steur,,152.0,2026-07-09,2008-01-11,False,p636852,223,0,0,1,5,0,0,0,0,0,0,0,42,35.4,52.2,0.0,8.8,9,8,4,21,2,0.00,0.06,0.06,4.23,,,,,,,[],,235,101,112,74,553,233,225,103,0.0,0.0,0.02,0.02,1.71,2.02,404,246,225,101,265,117,454,177,0.81,0.4,8.48
True,True,,,216646,0,0,2,-2,58.7,-123,"[{'offset': 0, 'projected_percent': '58.1', 'likelihood': 3}, {'offset': 1, 'projected_percent': '56.4', 'likelihood': 3}, {'offset': 2, 'projected_percent': '54.7', 'likelihood': 3}]",,False,0,4,3.0,3.0,0,Yoane,3.0,464,False,,,62,216646.jpg,3.0,False,Wissa,18.7,False,,a,17,4,15,2258657,63145,699967,112957,0.5,2.4,Wissa,,50.0,2025-09-01,1996-09-03,False,p216646,441,1,1,1,8,0,0,1,2,0,0,2,54,66.6,60.6,106.0,23.3,6,15,6,27,5,2.35,0.06,2.41,7.97,,,,,2.0,,[],,141,11,92,8,31,12,62,12,0.48,0.0,0.01,0.49,1.63,1.63,55,13,129,13,155,15,20,5,1.02,0.2,5.51
True,True,0.0,0.0,538207,-1,1,-2,2,-5.5,-13,"[{'offset': 0, 'projected_percent': '-5.9', 'likelihood': -1}, {'offset': 1, 'projected_percent': '-7.2', 'likelihood': -1}, {'offset': 2, 'projected_percent': '-8.5', 'likelihood': -1}]",,False,0,4,0.0,0.0,0,William,0.8,465,False,Foot injury - Unknown return date,2026-08-25T19:00:08.004915Z,58,538207.jpg,4.0,False,Osula,0.3,False,,i,17,4,4,21404,81,86084,1779,0.1,0.7,Osula,,58.0,2024-08-08,2003-08-04,False,p538207,55,0,1,0,1,0,0,0,0,0,0,0,18,28.2,13.7,8.0,5.0,2,2,1,5,1,0.06,0.14,0.20,1.48,,,4.0,,1.0,,[],,260,25,254,29,273,38,292,33,0.1,0.0,0.23,0.33,2.42,1.64,109,28,294,31,96,9,286,48,1.64,0.0,8.18
True,True,,,632794,0,0,-1,1,-59.6,-2,"[{'offset': 0, 'projected_percent': '-60.5', 'likelihood': -3}, {'offset': 1, 'projected_percent': '-63.0', 'likelihood': -3}, {'offset': 2, 'projected_percent': '-65.5', 'likelihood': -3}]",,False,0,3,0.6,0.6,1,Aladji,0.6,559,False,,,49,632794.jpg,1.0,False,Bamba,0.1,False,,a,17,4,3,2532,92,7439,355,0.1,0.6,Bamba,,73.0,2026-07-24,2006-07-14,False,p632794,27,0,0,0,1,0,0,0,0,0,0,0,12,11.6,0.4,0.0,1.2,3,2,3,8,0,0.00,0.00,0.00,1.29,,,,,,,[],,314,140,378,188,552,232,373,176,0.0,0.0,0.0,0.0,4.3,3.33,403,245,305,141,346,154,421,158,0.0,0.0,26.67
True,True,,,470551,0,0,0,0,22.0,7,"[{'offset': 0, 'projected_percent': '22.0', 'likelihood': 2}, {'offset': 1, 'projected_percent': '22.1', 'likelihood': 2}, {'offset': 2, 'projected_percent': '22.2', 'likelihood': 2}]",,False,0,1,2.8,2.8,3,Lukás,2.8,567,False,,,50,470551.jpg,2.8,False,Hornícek,1.5,False,,a,17,4,14,150012,5362,70010,3457,0.6,2.8,Horníček,,57.0,2026-08-03,2002-07-13,False,p470551,450,0,0,1,9,0,0,0,1,0,19,0,72,155.6,0.0,0.0,15.5,11,31,0,0,5,0.00,0.00,0.00,9.14,,,,,,,[],,12,1,603,69,579,68,133,2,0.0,3.8,0.0,0.0,1.83,1.8,290,13,135,14,167,15,150,22,1.0,0.2,0.0
True,True,0.0,0.0,463726,0,0,0,0,-5.0,-58,"[{'offset': 0, 'projected_percent': '-5.5', 'likelihood': -1}, {'offset': 1, 'projected_percent': '-7.1', 'likelihood': -1}, {'offset': 2, 'projected_percent': '-8.7', 'likelihood': -1}]",,False,1,2,0.0,0.0,0,Amar,2.6,593,False,Unspecified injury - Unknown return date,2026-09-17T14:30:09.823731Z,45,463726.jpg,3.2,False,Dedic,1.9,False,,i,17,4,13,447814,192,301780,31730,0.6,2.9,Dedić,,27.0,2026-08-18,2002-08-18,False,p463726,327,0,1,1,7,0,0,0,0,0,0,2,36,70.0,40.7,15.0,12.6,16,15,8,24,4,0.14,0.08,0.22,7.38,,,3.0,,,,[],https://www.newcastleunited.com/en/news/matthias-jaissles-team-news-update-elanga-latest-ahead-of-hull-visit,133,59,155,41,217,69,175,63,0.04,0.0,0.02,0.06,2.03,1.93,480,117,143,54,126,54,130,53,1.1,0.28,6.61
True,True,,,613221,0,0,0,0,0.5,-1,"[{'offset': 0, 'projected_percent': '0.5', 'likelihood': 1}, {'offset': 1, 'projected_percent': '0.5', 'likelihood': 1}, {'offset': 2, 'projected_percent': '0.5', 'likelihood': 1}]",,False,0,4,1.3,1.3,2,Matias,1.3,634,False,,,60,613221.jpg,1.3,False,Fernandez-Pardo,0.1,False,,a,17,4,4,16325,1254,5963,1063,0.2,0.7,Fernandez-Pardo,,21.0,2026-09-01,2005-02-03,False,p613221,157,0,0,0,4,0,0,0,0,0,0,0,16,3.4,12.5,15.0,3.1,0,3,2,5,2,0.05,0.01,0.06,2.94,,,,,,,[],,374,37,261,30,223,33,319,35,0.03,0.0,0.01,0.04,1.69,2.29,75,19,246,28,288,35,393,58,1.15,0.0,2.87
True,True,,,665243,0,0,0,0,0.0,0,"[{'offset': 0, 'projected_percent': '0.0', 'likelihood': 0}, {'offset': 1, 'projected_percent': '0.0', 'likelihood': 0}, {'offset': 2, 'projected_percent': '0.0', 'likelihood': 0}]",2026-09-27T21:39:41.033165Z,False,0,3,0.0,0.0,0,Mason,0.0,659,False,,,45,665243.jpg,0.0,False,Miley,0.0,False,,a,17,4,0,4554,1116,1071,469,0.0,0.0,Miley,,241.0,2026-07-24,2008-09-29,False,p665243,0,0,0,0,0,0,0,0,0,0,0,0,0,0.0,0.0,0.0,0.0,0,0,0,0,0,0.00,0.00,0.00,0.00,,,,,,,[],,546,221,542,227,503,200,551,222,0.0,0.0,0.0,0.0,0.0,0.0,544,286,546,222,559,229,511,203,0.0,0.0,0.0
True,True,,,578512,0,0,0,0,0.0,0,"[{'offset': 0, 'projected_percent': '0.0', 'likelihood': 0}, {'offset': 1, 'projected_percent': '0.0', 'likelihood': 0}, {'offset': 2, 'projected_percent': '0.0', 'likelihood': 0}]",2026-10-02T19:10:51.639791Z,False,0,2,1.1,1.1,0,Miodrag,0.0,663,False,,,40,578512.jpg,0.0,False,Pivas,0.0,False,,a,17,4,0,255,255,32,32,0.0,0.0,Pivas,,190.0,2026-07-24,2005-05-17,False,p578512,0,0,0,0,0,0,0,0,0,0,0,0,0,0.0,0.0,0.0,0.0,0,0,0,0,0,0.00,0.00,0.00,0.00,,,,,,,[],,456,173,447,172,392,158,461,173,0.0,0.0,0.0,0.0,0.0,0.0,651,202,452,167,470,173,645,214,0.0,0.0,0.0
True,True,,,601767,0,0,0,0,0.0,0,"[{'offset': 0, 'projected_percent': '0.0', 'likelihood': 0}, {'offset': 1, 'projected_percent': '0.0', 'likelihood': 0}, {'offset': 2, 'projected_percent': '0.0', 'likelihood': 0}]",2026-10-02T19:11:17.402697Z,False,0,4,1.0,1.0,0,Vakhtang,0.0,664,False,,,45,601767.jpg,0.0,False,Salia,0.1,False,,a,17,4,0,6223,6223,867,867,0.0,0.0,Salia,,79.0,2026-07-24,2007-08-30,False,p601767,0,0,0,0,0,0,0,0,0,0,0,0,0,0.0,0.0,0.0,0.0,0,0,0,0,0,0.00,0.00,0.00,0.00,,,,,,,[],,534,56,530,60,488,55,539,60,0.0,0.0,0.0,0.0,0.0,0.0,525,77,534,58,547,61,447,65,0.0,0.0,0.0
True,True,,,655585,0,0,0,0,0.0,0,"[{'offset': 0, 'projected_percent': '0.0', 'likelihood': 0}, {'offset': 1, 'projected_percent': '0.0', 'likelihood': 0}, {'offset': 2, 'projected_percent': '0.0', 'likelihood': 0}]",2026-10-02T19:11:39.931907Z,False,0,3,1.1,1.1,0,Michael,0.0,665,False,,,45,655585.jpg,0.0,False,Mills,0.0,False,,a,17,4,0,119,119,19,19,0.0,0.0,Mills,,241.0,2026-09-18,2009-02-18,False,p655585,0,0,0,0,0,0,0,0,0,0,0,0,0,0.0,0.0,0.0,0.0,0,0,0,0,0,0.00,0.00,0.00,0.00,,,,,,,[],,543,219,539,225,500,198,548,220,0.0,0.0,0.0,0.0,0.0,0.0,541,284,543,220,556,227,659,292,0.0,0.0,0.0
True,True,,,671875,0,0,0,0,0.0,0,"[{'offset': 0, 'projected_percent': '0.0', 'likelihood': 0}, {'offset': 1, 'projected_percent': '0.0', 'likelihood': 0}, {'offset': 2, 'projected_percent': '0.0', 'likelihood': 0}]",2026-10-02T19:12:09.032926Z,False,0,3,1.1,1.1,0,Kyran,0.0,666,False,,,45,671875.jpg,0.0,False,Thompson,0.0,False,,a,17,4,0,149,149,12,12,0.0,0.0,Thompson,,241.0,2026-09-18,2009-09-06,False,p671875,0,0,0,0,0,0,0,0,0,0,0,0,0,0.0,0.0,0.0,0.0,0,0,0,0,0,0.00,0.00,0.00,0.00,,,,,,,[],,547,222,543,228,504,201,552,223,0.0,0.0,0.0,0.0,0.0,0.0,545,287,547,223,560,230,652,286,0.0,0.0,0.0
True,True,,,463034,1,-1,1,-1,-18.3,-45,"[{'offset': 0, 'projected_percent': '-19.1', 'likelihood': -1}, {'offset': 1, 'projected_percent': '-21.4', 'likelihood': -2}, {'offset': 2, 'projected_percent': '-23.7', 'likelihood': -2}]",,False,0,4,1.8,1.8,1,Liam,1.8,167,False,,,56,463034.jpg,2.2,False,Delap,2.7,False,,a,18,17,9,309583,22407,75994,22422,0.3,1.6,Delap,,241.0,2026-08-27,2003-02-08,False,p463034,277,1,0,1,3,0,0,0,2,0,0,0,49,40.0,68.6,71.0,17.9,5,10,2,17,3,0.89,0.35,1.24,2.62,,,,,3.0,,[],,217,18,79,7,61,18,109,16,0.29,0.0,0.11,0.4,0.85,0.97,120,30,220,24,219,22,108,17,0.97,0.32,5.52
True,True,,,247348,0,0,-1,1,-40.7,-43,"[{'offset': 0, 'projected_percent': '-41.0', 'likelihood': -3}, {'offset': 1, 'projected_percent': '-42.1', 'likelihood': -3}, {'offset': 2, 'projected_percent': '-43.2', 'likelihood': -3}]",,False,0,2,1.2,1.2,2,Daniel,1.2,201,False,,,54,247348.jpg,1.2,False,Muñoz Mejía,5.8,False,,a,18,17,5,156726,6168,477267,23091,0.2,0.9,Muñoz,,48.0,2026-08-31,1996-05-26,False,p247348,257,0,0,0,4,0,0,0,0,0,0,0,29,39.2,62.3,79.0,18.1,8,8,7,15,3,0.60,0.21,0.81,2.59,,,,,,,[],,220,88,90,19,49,4,106,35,0.21,0.0,0.07,0.28,0.91,1.4,188,22,253,90,293,102,67,28,1.05,0.0,5.25
True,True,,,85633,0,0,0,0,4.5,-10,"[{'offset': 0, 'projected_percent': '4.4', 'likelihood': 1}, {'offset': 1, 'projected_percent': '4.3', 'likelihood': 1}, {'offset': 2, 'projected_percent': '4.1', 'likelihood': 1}]",,False,0,1,3.0,3.0,2,Matz,3.0,467,False,,,50,85633.jpg,2.8,False,Sels,1.6,False,,a,18,17,14,67703,1450,60425,4363,0.6,2.8,Sels,,21.0,2024-02-01,1992-02-26,False,p85633,450,0,0,1,5,0,0,0,0,0,11,0,67,82.0,0.0,0.0,8.2,6,46,0,0,5,0.00,0.01,0.01,4.77,,,,,,,[],,114,19,583,62,556,60,234,19,0.0,2.2,0.0,0.0,0.95,1.0,240,5,118,13,163,14,144,21,1.0,0.2,0.0
True,True,,,221389,0,0,0,0,-67.4,-1,"[{'offset': 0, 'projected_percent': '-68.4', 'likelihood': -3}, {'offset': 1, 'projected_percent': '-71.3', 'likelihood': -3}, {'offset': 2, 'projected_percent': '-74.3', 'likelihood': -3}]",,False,0,1,0.0,0.0,0,John Victor,0.0,468,False,,,45,221389.jpg,0.0,False,Maciel Furtado,0.1,False,,a,18,17,0,849,42,1974,114,0.0,0.0,John,John Victor,30.0,2025-08-31,1996-02-13,False,p221389,0,0,0,0,0,0,0,0,0,0,0,0,0,0.0,0.0,0.0,0.0,0,0,0,0,0,0.00,0.00,0.00,0.00,,,,,,,[],,490,60,485,45,436,40,495,60,0.0,0.0,0.0,0.0,0.0,0.0,457,33,490,60,504,60,483,56,0.0,0.0,0.0
True,True,,,215136,0,0,0,0,24.0,-58,"[{'offset': 0, 'projected_percent': '23.7', 'likelihood': 2}, {'offset': 1, 'projected_percent': '22.9', 'likelihood': 2}, {'offset': 2, 'projected_percent': '22.1', 'likelihood': 2}]",,False,0,2,4.2,4.2,2,Neco,4.2,469,False,,,50,215136.jpg,3.8,False,Williams,8.9,False,,a,18,17,19,322907,8421,338822,33564,0.8,3.8,N.Williams,,244.0,2022-07-11,2001-04-13,False,p215136,450,0,1,1,5,0,0,0,0,0,0,1,85,90.4,123.7,42.0,25.6,15,28,14,29,5,0.41,0.61,1.02,4.77,2.0,,3.0,,,,[],,97,45,28,4,114,27,50,7,0.08,0.0,0.12,0.2,0.95,1.0,262,39,64,27,102,43,43,14,1.0,0.2,5.8
True,True,0.0,0.0,227444,-1,1,-1,1,-9.1,-34,"[{'offset': 0, 'projected_percent': '-9.5', 'likelihood': -1}, {'offset': 1, 'projected_percent': '-10.5', 'likelihood': -1}, {'offset': 2, 'projected_percent': '-11.5', 'likelihood': -1}]",,False,0,2,0.0,0.0,0,Nikola,2.5,471,False,Hamstring injury - Expected back 11 Oct,2026-09-12T14:00:09.705107Z,54,227444.jpg,4.0,False,Milenković,1.0,False,,i,18,17,12,17976,44,104583,9426,0.5,2.2,Milenković,,190.0,2024-07-18,1997-10-12,False,p227444,270,0,0,1,3,0,0,0,1,0,0,0,34,53.2,1.4,16.0,7.0,26,12,5,31,3,0.11,0.03,0.14,3.28,,,,,,,[],https://www.nottinghamforest.co.uk/news/2026/september/14/glasner-s-update-on-milenkovi----jair-cunha/,180,76,347,126,212,66,250,95,0.04,0.0,0.01,0.05,1.09,1.0,184,21,156,62,94,41,173,67,1.0,0.33,10.33
True,True,100.0,100.0,575476,0,0,0,0,22.2,13,"[{'offset': 0, 'projected_percent': '22.3', 'likelihood': 2}, {'offset': 1, 'projected_percent': '22.4', 'likelihood': 2}, {'offset': 2, 'projected_percent': '22.6', 'likelihood': 2}]",,False,0,2,4.8,4.8,4,Murillo,4.8,472,False,,2026-07-23T12:01:23.801183Z,55,575476.jpg,4.6,False,Costa dos Santos,2.1,False,,a,18,17,23,101424,5927,58967,5706,0.9,4.2,Murillo,Murillo,30.0,2023-08-31,2002-07-04,False,p575476,449,0,1,1,5,0,0,0,1,0,0,0,76,124.2,62.6,27.0,21.4,44,18,9,53,5,0.42,0.37,0.79,4.77,,,2.0,,,,[],,38,17,89,18,160,48,80,21,0.08,0.0,0.07,0.15,0.96,1.0,163,18,51,22,72,33,125,50,1.0,0.2,10.62
True,True,,,159506,-1,1,-1,1,-0.7,-34,"[{'offset': 0, 'projected_percent': '-1.1', 'likelihood': -1}, {'offset': 1, 'projected_percent': '-2.2', 'likelihood': -1}, {'offset': 2, 'projected_percent': '-3.4', 'likelihood': -1}]",,False,0,2,0.8,0.8,0,Ola,0.8,473,False,,,44,159506.jpg,2.0,False,Aina,2.4,False,,a,18,17,8,68954,841,166602,16815,0.2,1.8,Aina,,157.0,2023-07-22,1996-10-08,False,p159506,306,0,0,1,3,0,0,0,2,0,0,0,45,58.2,53.3,15.0,12.7,12,14,10,22,4,0.04,0.53,0.57,3.72,,,,,,,[],,168,72,105,26,216,68,173,61,0.01,0.0,0.16,0.17,1.09,0.88,555,138,277,100,224,85,119,46,1.18,0.29,6.47
True,True,100.0,75.0,575458,0,0,0,0,-43.4,-2,"[{'offset': 0, 'projected_percent': '-44.0', 'likelihood': -3}, {'offset': 1, 'projected_percent': '-45.8', 'likelihood': -3}, {'offset': 2, 'projected_percent': '-47.6', 'likelihood': -3}]",,False,0,2,2.5,1.9,1,Jair,2.5,474,False,,2026-09-12T14:00:09.724349Z,45,575458.jpg,2.8,False,Paula da Cunha Filho,0.2,False,,a,18,17,11,9672,166,13026,500,0.6,2.4,Jair Cunha,Jair Cunha,30.0,2025-07-11,2005-03-07,False,p575458,360,0,0,1,4,0,0,0,2,0,0,0,40,69.6,14.2,2.0,8.6,29,8,7,36,4,0.05,0.02,0.07,3.95,,,,,,,[],,134,60,248,88,321,121,226,83,0.01,0.0,0.0,0.01,0.99,1.0,513,128,152,60,161,66,341,128,1.0,0.25,9.0
True,True,0.0,0.0,500151,0,0,0,0,-18.3,0,"[{'offset': 0, 'projected_percent': '-18.3', 'likelihood': -1}, {'offset': 1, 'projected_percent': '-18.3', 'likelihood': -1}, {'offset': 2, 'projected_percent': '-18.3', 'likelihood': -1}]",,False,0,2,0.0,0.0,0,Nicolò,0.0,475,False,Knee injury - Unknown return date,2026-07-23T12:01:23.816304Z,45,500151.jpg,0.0,False,Savona,0.0,False,,i,18,17,0,234,14,271,13,0.0,0.0,Savona,,106.0,2025-08-30,2003-03-19,False,p500151,0,0,0,0,0,0,0,0,0,0,0,0,0,0.0,0.0,0.0,0.0,0,0,0,0,0,0.00,0.00,0.00,0.00,,,,,,,[],https://www.nottinghamforest.co.uk/news/2026/september/10/live-blog---pre-aston-villa-press-conference/,506,194,503,193,460,186,511,194,0.0,0.0,0.0,0.0,0.0,0.0,492,120,506,191,520,194,651,215,0.0,0.0,0.0
True,True,,,204822,0,0,0,0,-60.8,-2,"[{'offset': 0, 'projected_percent': '-61.2', 'likelihood': -3}, {'offset': 1, 'projected_percent': '-62.3', 'likelihood': -3}, {'offset': 2, 'projected_percent': '-63.5', 'likelihood': -3}]",,False,0,2,0.0,0.0,0,Omar,0.0,476,False,,,40,204822.jpg,0.0,False,Richards,0.2,False,,a,18,17,0,3910,210,8090,539,0.0,0.0,O.Richards,,241.0,2022-07-10,1998-02-15,False,p204822,0,0,0,0,0,0,0,0,0,0,0,0,0,0.0,0.0,0.0,0.0,0,0,0,0,0,0.00,0.00,0.00,0.00,,,,,,,[],,425,153,416,152,360,137,430,153,0.0,0.0,0.0,0.0,0.0,0.0,607,169,421,147,439,153,325,120,0.0,0.0,0.0
True,True,,,470315,0,0,-1,1,-4.4,0,"[{'offset': 0, 'projected_percent': '-4.4', 'likelihood': -1}, {'offset': 1, 'projected_percent': '-4.4', 'likelihood': -1}, {'offset': 2, 'projected_percent': '-4.4', 'likelihood': -1}]",,False,0,2,0.5,0.5,1,Luca,0.5,478,False,,,44,470315.jpg,1.0,False,Netz,0.0,False,,a,18,17,3,672,42,1557,86,0.1,0.7,Netz,,80.0,2026-02-02,2003-05-15,False,p470315,27,0,0,0,1,0,0,0,0,0,0,0,8,6.0,17.5,2.0,2.6,0,1,1,1,0,0.00,0.02,0.02,0.13,,,,,,,[],,355,132,226,77,318,118,333,120,0.0,0.0,0.07,0.07,0.43,3.33,567,148,319,115,314,118,539,187,0.0,0.0,3.33
True,True,100.0,100.0,222531,0,0,0,0,47.1,-45,"[{'offset': 0, 'projected_percent': '46.9', 'likelihood': 3}, {'offset': 1, 'projected_percent': '46.3', 'likelihood': 3}, {'offset': 2, 'projected_percent': '45.6', 'likelihood': 3}]",,False,1,3,6.5,6.5,2,Morgan,6.5,480,False,,2026-08-24T15:30:08.350159Z,80,222531.jpg,5.6,False,Gibbs-White,15.7,False,,a,18,17,28,1189963,46281,645623,62929,0.8,3.5,Gibbs-White,,241.0,2022-08-19,2000-01-27,False,p222531,450,1,2,1,5,0,0,0,0,0,0,6,116,123.4,204.7,78.0,40.6,2,14,5,21,5,1.56,1.42,2.98,4.77,,,1.0,,1.0,,[],,39,13,3,3,51,31,11,10,0.31,0.0,0.28,0.59,0.95,1.0,7,5,17,8,42,21,27,9,1.0,0.2,4.2
True,True,100.0,100.0,209046,0,0,-2,2,-29.2,-8,"[{'offset': 0, 'projected_percent': '-31.6', 'likelihood': -2}, {'offset': 1, 'projected_percent': '-38.9', 'likelihood': -2}, {'offset': 2, 'projected_percent': '-46.3', 'likelihood': -3}]",,False,0,3,0.2,0.2,0,Callum,0.2,482,False,,2026-07-23T12:01:23.832709Z,58,209046.jpg,1.0,False,Hudson-Odoi,0.1,False,,a,18,17,1,5203,192,17315,915,0.0,0.2,Hudson-Odoi,,241.0,2023-09-01,2000-11-07,False,p209046,1,0,0,0,0,0,0,0,0,0,0,0,2,0.0,0.3,0.0,0.0,0,0,0,0,0,0.00,0.00,0.00,0.00,,,4.0,,,,[],,647,286,385,193,643,284,652,287,0.0,0.0,0.0,0.0,0.0,0.0,100,64,393,189,390,185,368,132,0.0,0.0,0.0
True,True,,,456512,0,0,0,0,12.8,-16,"[{'offset': 0, 'projected_percent': '12.7', 'likelihood': 1}, {'offset': 1, 'projected_percent': '12.5', 'likelihood': 1}, {'offset': 2, 'projected_percent': '12.3', 'likelihood': 1}]",,False,0,3,3.0,3.0,1,Dan,3.0,483,False,,,55,456512.jpg,3.0,False,Ndoye,0.7,False,,a,18,17,15,72132,536,47858,6695,0.5,2.7,Ndoye,,207.0,2025-07-31,2000-10-25,False,p456512,316,1,0,1,3,0,0,0,1,0,0,2,44,39.0,63.6,90.0,19.0,3,15,2,20,5,1.25,0.93,2.18,3.84,,,,,,,[],,221,95,87,64,41,24,98,53,0.36,0.0,0.26,0.62,1.09,0.85,146,89,125,53,151,62,211,66,1.42,0.28,5.7
True,True,,,432714,0,0,0,0,2.1,-2,"[{'offset': 0, 'projected_percent': '2.1', 'likelihood': 1}, {'offset': 1, 'projected_percent': '2.1', 'likelihood': 1}, {'offset': 2, 'projected_percent': '2.1', 'likelihood': 1}]",,False,0,3,2.2,2.2,2,James,2.2,486,False,,,55,432714.jpg,2.4,False,McAtee,0.1,False,,a,18,17,12,9915,270,5754,708,0.4,2.2,McAtee,,241.0,2025-08-16,2002-10-18,False,p432714,416,0,0,2,4,0,0,0,2,0,0,0,91,62.4,174.8,38.0,27.6,9,21,9,39,5,0.37,0.96,1.33,4.55,1.0,,,,,,[],,157,59,7,7,130,71,43,32,0.08,0.0,0.21,0.29,0.98,0.87,142,86,183,79,195,84,408,150,1.08,0.43,8.44
True,True,,,250199,0,0,-1,1,-58.1,-4,"[{'offset': 0, 'projected_percent': '-61.1', 'likelihood': -3}, {'offset': 1, 'projected_percent': '-70.0', 'likelihood': -3}, {'offset': 2, 'projected_percent': '-78.9', 'likelihood': -3}]",,False,0,3,0.2,0.2,0,Nicolás,0.2,487,False,,,49,250199.jpg,1.0,False,Domínguez,0.1,False,,a,18,17,1,1181,43,4034,232,0.0,0.2,Dominguez,,10.0,2023-09-01,1998-06-28,False,p250199,1,0,0,0,0,0,0,0,0,0,0,0,3,0.2,0.0,0.0,0.0,0,0,0,0,0,0.00,0.00,0.00,0.00,,,,,,,[],,403,189,565,241,530,216,573,237,0.0,0.0,0.0,0.0,0.0,0.0,366,220,372,173,335,145,486,189,0.0,0.0,0.0
True,True,100.0,100.0,210462,0,0,-1,1,-85.1,-7,"[{'offset': 0, 'projected_percent': '-85.9', 'likelihood': -3}, {'offset': 1, 'projected_percent': '-88.2', 'likelihood': -3}, {'offset': 2, 'projected_percent': '-90.5', 'likelihood': -3}]",,False,0,3,0.5,0.5,1,Ibrahim,0.5,488,False,,2026-08-28T09:30:07.471668Z,49,210462.jpg,1.3,False,Sangaré,0.4,False,,a,18,17,4,9126,227,67928,2349,0.1,0.8,I.Sangaré,,54.0,2023-09-01,1997-12-02,False,p210462,105,0,0,0,1,0,0,0,0,0,0,0,15,21.6,13.7,5.0,4.1,4,3,1,8,1,0.09,0.02,0.11,0.56,,,,,,,[],,278,118,253,133,293,151,305,138,0.08,0.0,0.02,0.1,0.48,0.86,353,214,326,151,282,128,261,86,0.86,0.0,6.86
True,True,100.0,100.0,204968,0,0,0,0,-75.9,-13,"[{'offset': 0, 'projected_percent': '-76.4', 'likelihood': -3}, {'offset': 1, 'projected_percent': '-77.9', 'likelihood': -3}, {'offset': 2, 'projected_percent': '-79.5', 'likelihood': -3}]",,False,0,3,0.0,0.0,0,Ryan,0.0,489,False,,2026-08-17T20:30:08.195072Z,45,204968.jpg,0.0,False,Yates,1.2,False,,a,18,17,0,30093,447,92095,5740,0.0,0.0,Yates,,241.0,2018-08-01,1997-11-21,False,p204968,0,0,0,0,0,0,0,0,0,0,0,0,0,0.0,0.0,0.0,0.0,0,0,0,0,0,0.00,0.00,0.00,0.00,,,,,,,[],,488,199,483,205,433,177,493,200,0.0,0.0,0.0,0.0,0.0,0.0,452,259,488,200,502,207,166,51,0.0,0.0,0.0
True,True,,,60689,0,0,-2,2,-31.7,-20,"[{'offset': 0, 'projected_percent': '-32.7', 'likelihood': -2}, {'offset': 1, 'projected_percent': '-35.9', 'likelihood': -2}, {'offset': 2, 'projected_percent': '-39.1', 'likelihood': -2}]",,False,0,4,0.8,0.8,1,Chris,0.8,490,False,,,58,60689.jpg,1.0,False,Wood,0.9,False,,a,18,17,4,23912,1333,114752,4905,0.1,0.7,Wood,,154.0,2023-07-01,1991-12-07,False,p60689,62,0,0,0,1,0,0,0,0,0,0,0,13,1.2,4.8,3.0,0.7,0,1,0,1,0,0.12,0.01,0.13,0.53,,,,,2.0,,[],,395,43,307,39,316,41,385,44,0.17,0.0,0.01,0.18,0.77,1.45,96,25,292,30,389,45,193,31,0.0,0.0,1.45
True,True,,,482973,0,0,-2,2,1.0,-38,"[{'offset': 0, 'projected_percent': '0.8', 'likelihood': 1}, {'offset': 1, 'projected_percent': '0.3', 'likelihood': 1}, {'offset': 2, 'projected_percent': '-1.0', 'likelihood': -1}]",,False,0,4,2.5,2.5,1,Igor Jesus,2.5,491,False,,,58,482973.jpg,2.4,False,Maciel da Cruz,2.7,False,,a,18,17,12,124272,5272,265662,18317,0.4,2.1,Igor Jesus,Igor Jesus,30.0,2025-07-05,2001-02-25,False,p482973,257,1,0,0,3,0,0,0,1,0,0,2,53,54.8,40.7,100.0,19.6,5,8,2,15,2,1.25,0.08,1.33,2.61,,,,,4.0,,[],,177,13,156,16,36,14,90,15,0.44,0.0,0.03,0.47,0.91,1.05,107,27,159,15,199,20,110,18,0.7,0.0,5.25
True,True,,,465680,0,0,-1,1,0.0,0,"[{'offset': 0, 'projected_percent': '0.0', 'likelihood': 0}, {'offset': 1, 'projected_percent': '0.0', 'likelihood': 0}, {'offset': 2, 'projected_percent': '0.0', 'likelihood': 0}]",,False,0,4,0.0,0.0,0,Arnaud,0.0,493,False,,,54,465680.jpg,1.0,False,Kalimuendo,0.1,False,,a,18,17,1,2966,156,4005,305,0.0,0.2,Kalimuendo,,73.0,2025-08-18,2002-01-20,False,p465680,1,0,0,0,0,0,0,0,0,0,0,0,3,0.0,0.0,0.0,0.0,0,0,0,0,0,0.00,0.00,0.00,0.00,,,,,,,[],,632,69,635,73,622,70,637,73,0.0,0.0,0.0,0.0,0.0,0.0,196,45,633,71,378,42,496,71,0.0,0.0,0.0
True,True,,,204561,0,0,0,0,0.5,0,"[{'offset': 0, 'projected_percent': '0.5', 'likelihood': 1}, {'offset': 1, 'projected_percent': '0.5', 'likelihood': 1}, {'offset': 2, 'projected_percent': '0.5', 'likelihood': 1}]",,False,0,3,3.0,3.0,2,Xaver,3.0,558,False,,,50,204561.jpg,2.6,False,Schlager,0.1,False,,a,18,17,13,5833,153,5608,591,0.6,2.6,Schlager,Xaver Schlager,14.0,2026-07-23,1997-09-28,False,p204561,376,0,0,1,5,0,0,0,1,0,0,0,70,68.4,25.0,31.0,12.5,11,21,17,49,4,0.19,0.18,0.37,4.43,3.0,,,,,,[],,137,45,198,112,152,80,177,87,0.05,0.0,0.04,0.09,1.06,1.2,257,160,119,48,180,79,401,147,0.96,0.24,11.73
True,True,,,568420,0,0,-1,1,-45.8,-2,"[{'offset': 0, 'projected_percent': '-45.9', 'likelihood': -3}, {'offset': 1, 'projected_percent': '-46.3', 'likelihood': -3}, {'offset': 2, 'projected_percent': '-46.7', 'likelihood': -3}]",,False,0,2,1.8,1.8,2,Ousmane,1.8,581,False,,,54,568420.jpg,2.3,False,Diomande,0.5,False,,a,18,17,7,13210,1088,41104,1639,0.3,1.3,Diomande,,54.0,2026-08-11,2003-12-04,False,p568420,163,0,0,0,2,0,0,0,0,0,0,0,17,32.4,1.0,19.0,5.2,18,10,1,19,2,0.16,0.01,0.17,1.45,,,,,,,[],,245,100,357,131,196,58,288,108,0.09,0.0,0.01,0.1,0.8,1.1,211,28,217,78,204,81,242,92,1.1,0.0,10.49
True,True,,,428971,0,0,0,0,0.0,-4,"[{'offset': 0, 'projected_percent': '0.0', 'likelihood': 0}, {'offset': 1, 'projected_percent': '-2.9', 'likelihood': -1}, {'offset': 2, 'projected_percent': '-10.2', 'likelihood': -1}]",,False,0,1,0.0,0.0,0,Steven,0.0,590,False,,,45,428971.jpg,0.0,False,Benda,0.1,False,,a,18,17,0,2636,96,2779,178,0.0,0.0,Benda,,80.0,2026-08-15,1998-10-01,False,p428971,0,0,0,0,0,0,0,0,0,0,0,0,0,0.0,0.0,0.0,0.0,0,0,0,0,0,0.00,0.00,0.00,0.00,,,,,,,[],,497,62,493,48,445,43,502,62,0.0,0.0,0.0,0.0,0.0,0.0,472,36,497,62,511,62,462,52,0.0,0.0,0.0
True,True,,,469142,0,0,-1,1,-24.5,-10,"[{'offset': 0, 'projected_percent': '-24.6', 'likelihood': -2}, {'offset': 1, 'projected_percent': '-24.8', 'likelihood': -2}, {'offset': 2, 'projected_percent': '-25.1', 'likelihood': -2}]",,False,0,2,5.8,5.8,6,Jan Paul,5.8,112,False,,,49,469142.jpg,4.8,False,van Hecke,6.6,False,,a,19,6,24,147972,11803,465318,19923,1.2,4.9,Van Hecke,,152.0,2026-06-18,2000-06-08,False,p469142,450,1,0,2,8,0,0,0,1,0,0,2,85,171.8,74.9,70.0,31.6,33,17,10,43,5,0.69,0.42,1.11,7.78,,,,,,,[],,5,2,67,11,62,7,27,3,0.14,0.0,0.08,0.22,1.56,1.6,378,69,25,9,64,29,60,24,1.0,0.4,8.6
True,True,,,109646,0,0,-1,1,-32.9,-3,"[{'offset': 0, 'projected_percent': '-33.8', 'likelihood': -2}, {'offset': 1, 'projected_percent': '-36.5', 'likelihood': -2}, {'offset': 2, 'projected_percent': '-39.3', 'likelihood': -2}]",,False,0,2,0.2,0.2,0,Tosin,0.2,147,False,,,44,109646.jpg,1.0,False,Adarabioyo,0.1,False,,a,19,6,1,1970,78,7775,423,0.0,0.2,Tosin,,241.0,2026-09-01,1997-09-24,False,p109646,5,0,0,0,0,0,0,0,0,0,0,0,5,9.0,0.2,0.0,0.9,2,1,2,4,0,0.00,0.00,0.00,0.03,,,,,,,[],,330,124,386,142,406,168,377,134,0.0,0.0,0.0,0.0,0.54,0.0,551,136,365,131,309,114,365,140,0.0,0.0,72.0
True,True,,,438234,0,0,0,0,35.2,-36,"[{'offset': 0, 'projected_percent': '35.0', 'likelihood': 2}, {'offset': 1, 'projected_percent': '34.5', 'likelihood': 2}, {'offset': 2, 'projected_percent': '34.0', 'likelihood': 2}]",,False,0,4,2.0,2.0,2,Omar,2.0,401,False,,,70,438234.jpg,2.0,False,Marmoush,2.1,False,,a,19,6,8,229643,7164,158040,16907,0.3,1.1,Marmoush,Omar Marmoush,63.0,2026-08-27,1999-02-07,False,p438234,339,0,0,2,5,0,0,0,0,0,0,0,37,18.0,55.5,58.0,12.9,0,11,2,13,4,0.38,0.15,0.53,3.84,,,5.0,,2.0,,"[{'property': 'loan_ineligible', 'notes': 'This player will not be available to face their parent club in Gameweek 25 as part of their loan conditions.', 'gameweek': 25, 'url': None}, {'property': 'loan_ineligible', 'notes': 'This player will not be available to face their parent club in Gameweek 19 as part of their loan conditions.', 'gameweek': 19, 'url': None}]",,289,29,103,9,77,20,170,21,0.1,0.0,0.04,0.14,1.02,1.33,27,9,205,20,245,27,124,20,1.06,0.53,3.45
True,True,100.0,100.0,510281,0,0,0,0,10.2,-12,"[{'offset': 0, 'projected_percent': '10.1', 'likelihood': 1}, {'offset': 1, 'projected_percent': '10.0', 'likelihood': 1}, {'offset': 2, 'projected_percent': '9.8', 'likelihood': 1}]",,False,0,3,2.0,2.0,2,Sávio,2.0,403,False,,2026-08-29T16:30:08.380416Z,65,510281.jpg,2.7,False,Moreira de Oliveira,0.7,False,,a,19,6,8,98894,1982,78041,5278,0.3,1.2,Sávio,Sávio,30.0,2026-08-25,2004-04-10,False,p510281,240,0,0,2,3,0,0,0,0,0,0,0,66,51.4,130.0,96.0,27.8,3,8,0,11,3,0.41,0.70,1.11,2.76,4.0,,,,,,[],,191,79,25,23,40,23,41,30,0.15,0.0,0.26,0.41,1.04,1.12,41,28,202,92,178,77,221,69,1.12,0.75,4.12
True,True,100.0,100.0,432422,-1,1,-2,2,-14.6,-37,"[{'offset': 0, 'projected_percent': '-15.1', 'likelihood': -1}, {'offset': 1, 'projected_percent': '-16.8', 'likelihood': -1}, {'offset': 2, 'projected_percent': '-18.4', 'likelihood': -1}]",,False,0,3,3.0,3.0,2,Sandro,3.0,455,False,,2026-09-14T14:30:07.387706Z,53,432422.jpg,2.8,False,Tonali,1.9,False,,a,19,6,14,47208,1619,266643,12036,0.6,2.6,Tonali,,106.0,2026-07-06,2000-05-08,False,p432422,427,0,0,2,8,0,0,0,0,0,0,0,86,63.0,89.0,28.0,18.0,11,20,11,42,5,0.24,0.61,0.85,7.72,,,,,,,[],,153,57,51,42,157,83,107,57,0.05,0.0,0.13,0.18,1.63,1.69,222,140,122,50,169,70,131,38,1.05,0.42,8.85
True,True,,,214572,0,0,0,0,2.0,8,"[{'offset': 0, 'projected_percent': '2.1', 'likelihood': 1}, {'offset': 1, 'projected_percent': '2.2', 'likelihood': 1}, {'offset': 2, 'projected_percent': '2.3', 'likelihood': 1}]",,False,0,1,0.0,0.0,0,Brandon,0.0,495,False,,,40,214572.jpg,0.0,False,Austin,1.0,False,,a,19,6,0,29076,1425,21282,1597,0.0,0.0,Austin,,241.0,2017-07-22,1999-01-08,False,p214572,0,0,0,0,0,0,0,0,0,0,0,0,0,0.0,0.0,0.0,0.0,0,0,0,0,0,0.00,0.00,0.00,0.00,,,,,,,[],,426,38,417,19,361,14,431,38,0.0,0.0,0.0,0.0,0.0,0.0,608,62,422,37,440,38,178,28,0.0,0.0,0.0
True,True,,,485055,0,0,0,0,-45.0,-84,"[{'offset': 0, 'projected_percent': '-45.2', 'likelihood': -3}, {'offset': 1, 'projected_percent': '-45.9', 'likelihood': -3}, {'offset': 2, 'projected_percent': '-46.6', 'likelihood': -3}]",,False,0,1,4.0,4.0,2,Antonín,4.0,496,False,,,45,485055.jpg,3.6,False,Kinský,17.5,False,,a,19,6,18,340840,11686,769981,87754,0.9,4.0,Kinsky,,57.0,2025-01-05,2003-03-13,False,p485055,450,0,0,2,8,0,0,0,0,0,12,0,77,104.8,10.0,0.0,11.5,10,34,0,0,5,0.00,0.00,0.00,7.78,,,,,,,[],,68,12,282,3,454,47,190,11,0.0,2.4,0.0,0.0,1.56,1.6,485,40,72,7,111,12,22,3,1.0,0.4,0.0
True,True,,,67089,0,0,0,0,-21.8,-43,"[{'offset': 0, 'projected_percent': '-21.9', 'likelihood': -2}, {'offset': 1, 'projected_percent': '-22.3', 'likelihood': -2}, {'offset': 2, 'projected_percent': '-22.6', 'likelihood': -2}]",,False,0,1,0.0,0.0,0,Martin,0.0,497,False,,,40,67089.jpg,0.0,False,Dubravka,17.2,False,,a,19,6,0,389493,18854,427919,35269,0.0,0.0,Dubravka,,194.0,2026-07-01,1989-01-15,False,p67089,0,0,0,0,0,0,0,0,0,0,0,0,0,0.0,0.0,0.0,0.0,0,0,0,0,0,0.00,0.00,0.00,0.00,,,,,,,[],,414,29,402,10,346,5,418,29,0.0,0.0,0.0,0.0,0.0,0.0,591,53,408,28,428,29,23,4,0.0,0.0,0.0
True,True,,,221466,0,0,-2,2,-44.2,-56,"[{'offset': 0, 'projected_percent': '-44.9', 'likelihood': -3}, {'offset': 1, 'projected_percent': '-47.2', 'likelihood': -3}, {'offset': 2, 'projected_percent': '-49.4', 'likelihood': -3}]",,False,0,2,0.0,0.0,0,Marcos,0.0,498,False,,,58,221466.jpg,3.0,False,Senesi Barón,3.6,False,,a,19,6,3,28967,823,452899,16436,0.0,0.5,Senesi,,10.0,2026-07-01,1997-05-10,False,p221466,90,0,0,0,3,0,0,0,0,0,0,0,10,36.6,2.2,0.0,3.9,11,2,5,16,1,0.00,0.02,0.02,3.87,,,,,,,[],,231,92,328,118,644,215,310,116,0.0,0.0,0.02,0.02,3.87,3.0,101,10,648,215,153,63,92,35,1.0,0.0,16.0
True,True,75.0,100.0,441164,0,0,-1,1,-21.8,-201,"[{'offset': 0, 'projected_percent': '-22.4', 'likelihood': -2}, {'offset': 1, 'projected_percent': '-24.4', 'likelihood': -2}, {'offset': 2, 'projected_percent': '-26.5', 'likelihood': -2}]",,False,0,2,1.7,2.2,1,Pedro,2.2,499,False,Hamstring injury - 75% chance of playing,2026-09-19T12:00:08.823872Z,54,441164.jpg,3.0,False,Porro Sauceda,7.8,False,,d,19,6,9,124246,1472,974619,56871,0.4,1.7,Pedro Porro,,200.0,2023-07-01,1999-09-13,False,p441164,198,0,0,1,2,0,0,0,0,0,0,1,33,22.6,47.6,28.0,9.8,6,5,3,9,3,0.37,0.16,0.53,1.68,3.0,,1.0,,,,[],,276,113,127,33,158,47,213,75,0.17,0.0,0.07,0.24,0.76,0.91,192,24,181,70,146,61,49,18,1.36,0.45,4.09
True,True,,,122798,0,0,-1,1,0.6,-11,"[{'offset': 0, 'projected_percent': '0.6', 'likelihood': 1}, {'offset': 1, 'projected_percent': '0.4', 'likelihood': 1}, {'offset': 2, 'projected_percent': '0.3', 'likelihood': 1}]",,False,0,2,3.5,3.5,4,Andrew,3.5,502,False,,,44,122798.jpg,3.4,False,Robertson,2.6,False,,a,19,6,17,65665,3993,180268,9592,0.8,3.9,Robertson,,243.0,2026-07-01,1994-03-11,False,p122798,366,0,1,1,7,0,0,0,0,0,0,1,68,89.6,123.9,41.0,25.4,15,15,5,20,4,0.13,0.43,0.56,7.05,1.0,,,,,,[],,98,46,27,3,117,28,51,8,0.03,0.0,0.11,0.14,1.73,1.72,553,137,88,34,120,49,111,43,0.98,0.25,4.92
True,True,100.0,100.0,491279,0,0,0,0,-17.5,-36,"[{'offset': 0, 'projected_percent': '-17.9', 'likelihood': -1}, {'offset': 1, 'projected_percent': '-19.3', 'likelihood': -1}, {'offset': 2, 'projected_percent': '-20.6', 'likelihood': -2}]",,False,0,2,4.0,4.0,1,Micky,4.0,503,False,,2026-08-21T15:00:07.610517Z,50,491279.jpg,4.0,False,van de Ven,3.8,False,,a,19,6,16,92475,4019,262621,15380,0.8,3.2,Van de Ven,,152.0,2023-08-08,2001-04-19,False,p491279,360,0,0,2,5,0,0,0,1,0,0,3,69,75.8,8.7,18.0,10.3,24,17,5,29,4,0.59,0.05,0.64,3.91,,,,,,,[],,121,54,283,102,203,61,206,73,0.15,0.0,0.01,0.16,0.98,1.25,300,50,74,32,93,40,88,34,1.0,0.5,7.25
True,True,100.0,100.0,487053,0,0,-1,1,-15.9,-4,"[{'offset': 0, 'projected_percent': '-16.5', 'likelihood': -1}, {'offset': 1, 'projected_percent': '-18.2', 'likelihood': -1}, {'offset': 2, 'projected_percent': '-19.9', 'likelihood': -1}]",,False,0,2,1.5,1.5,0,Destiny,1.5,506,False,,2026-09-11T18:00:09.092110Z,44,487053.jpg,2.3,False,Udogie,0.3,False,,a,19,6,7,5485,246,22072,1242,0.3,1.6,Udogie,,106.0,2022-08-16,2002-11-28,False,p487053,86,0,0,1,1,0,0,0,1,0,0,0,21,9.8,13.5,4.0,2.7,3,4,1,4,1,0.00,0.23,0.23,1.17,,,,,,,[],,326,123,256,93,303,108,328,118,0.0,0.0,0.24,0.24,1.22,1.05,569,150,230,84,200,79,281,103,1.05,1.05,4.19
True,True,,,115556,-1,1,-1,1,1.0,7,"[{'offset': 0, 'projected_percent': '1.1', 'likelihood': 1}, {'offset': 1, 'projected_percent': '1.2', 'likelihood': 1}, {'offset': 2, 'projected_percent': '1.3', 'likelihood': 1}]",,False,0,2,0.0,0.0,0,Ben,0.0,508,False,,,39,115556.jpg,0.0,False,Davies,0.9,False,,a,19,6,0,17077,5281,40132,2689,0.0,0.0,Davies,,244.0,2014-07-23,1993-04-24,False,p115556,0,0,0,0,0,0,0,0,0,0,0,0,0,0.0,0.0,0.0,0.0,0,0,0,0,0,0.00,0.00,0.00,0.00,,,,,,,[],,406,147,394,143,337,127,410,146,0.0,0.0,0.0,0.0,0.0,0.0,662,212,399,138,420,147,196,74,0.0,0.0,0.0
True,True,,,640419,0,0,0,0,-0.7,0,"[{'offset': 0, 'projected_percent': '-0.7', 'likelihood': -1}, {'offset': 1, 'projected_percent': '-0.7', 'likelihood': -1}, {'offset': 2, 'projected_percent': '-0.7', 'likelihood': -1}]",,False,0,2,0.0,0.0,0,Jun'ai,0.0,509,False,,,40,640419.jpg,0.0,False,Byfield,0.1,False,,a,19,6,0,2308,93,2524,180,0.0,0.0,Byfield,,,,,False,p640419,0,0,0,0,0,0,0,0,0,0,0,0,0,0.0,0.0,0.0,0.0,0,0,0,0,0,0.00,0.00,0.00,0.00,,,,,,,[],,462,178,453,177,398,163,467,178,0.0,0.0,0.0,0.0,0.0,0.0,658,208,458,172,476,178,481,172,0.0,0.0,0.0
True,True,,,499716,0,0,0,0,-13.2,0,"[{'offset': 0, 'projected_percent': '-13.2', 'likelihood': -1}, {'offset': 1, 'projected_percent': '-13.2', 'likelihood': -1}, {'offset': 2, 'projected_percent': '-13.2', 'likelihood': -1}]",,False,0,2,0.0,0.0,0,James,0.0,510,False,,,40,499716.jpg,0.0,False,Rowswell,0.1,False,,a,19,6,0,2841,112,3378,250,0.0,0.0,Rowswell,,,,,False,p499716,0,0,0,0,0,0,0,0,0,0,0,0,0,0.0,0.0,0.0,0.0,0,0,0,0,0,0.00,0.00,0.00,0.00,,,,,,,[],,443,161,434,160,378,145,448,161,0.0,0.0,0.0,0.0,0.0,0.0,634,186,439,155,457,161,433,159,0.0,0.0,0.0
True,True,100.0,100.0,460842,0,0,0,0,1.8,1,"[{'offset': 0, 'projected_percent': '1.8', 'likelihood': 1}, {'offset': 1, 'projected_percent': '1.8', 'likelihood': 1}, {'offset': 2, 'projected_percent': '1.9', 'likelihood': 1}]",,False,0,3,1.8,1.8,4,Mohammed,1.8,512,False,,2026-07-23T12:01:23.848657Z,65,460842.jpg,1.8,False,Kudus,0.1,False,,a,19,6,7,12397,1603,10746,791,0.3,1.1,Kudus,,81.0,2025-07-10,2000-08-02,False,p460842,123,0,1,0,3,0,0,0,0,0,0,0,49,37.2,48.7,26.0,11.2,0,11,3,14,0,0.11,0.42,0.53,1.46,6.0,,3.0,,3.0,,[],,229,99,123,82,165,88,196,93,0.08,0.0,0.31,0.39,1.07,2.2,40,27,222,100,259,115,367,131,0.0,0.0,10.24
True,True,0.0,0.0,493362,0,0,-1,1,-15.2,0,"[{'offset': 0, 'projected_percent': '-15.2', 'likelihood': -1}, {'offset': 1, 'projected_percent': '-15.2', 'likelihood': -1}, {'offset': 2, 'projected_percent': '-15.2', 'likelihood': -1}]",,False,0,3,0.0,0.0,0,Xavi,0.0,513,False,Knee injury - Unknown return date,2026-07-23T12:01:23.864304Z,59,493362.jpg,0.0,False,Simons,0.0,False,,i,19,6,0,324,32,1094,53,0.0,0.0,Xavi,,152.0,2025-08-29,2003-04-21,False,p493362,0,0,0,0,0,0,0,0,0,0,0,0,0,0.0,0.0,0.0,0.0,0,0,0,0,0,0.00,0.00,0.00,0.00,,,2.0,,4.0,,[],,655,291,659,292,653,290,659,292,0.0,0.0,0.0,0.0,0.0,0.0,91,58,656,291,658,292,599,251,0.0,0.0,0.0
True,True,,,511499,-1,1,-3,3,-19.7,-6,"[{'offset': 0, 'projected_percent': '-20.6', 'likelihood': -2}, {'offset': 1, 'projected_percent': '-23.5', 'likelihood': -2}, {'offset': 2, 'projected_percent': '-26.4', 'likelihood': -2}]",,False,0,3,1.5,1.5,0,Mathys,1.5,514,False,,,57,511499.jpg,2.0,False,Tel,0.2,False,,a,19,6,8,9071,139,46389,1572,0.3,1.4,Tel,,73.0,2025-07-01,2005-04-27,False,p511499,257,0,0,1,4,0,0,0,0,0,0,0,41,21.6,52.7,72.0,14.6,1,11,1,13,3,0.21,0.23,0.44,5.55,5.0,,4.0,,,,[],,280,120,109,72,59,36,150,77,0.07,0.0,0.08,0.15,1.94,1.4,117,75,241,109,239,105,338,119,1.05,0.35,4.55
True,True,100.0,100.0,172780,0,0,-2,2,-62.2,-10,"[{'offset': 0, 'projected_percent': '-63.4', 'likelihood': -3}, {'offset': 1, 'projected_percent': '-67.0', 'likelihood': -3}, {'offset': 2, 'projected_percent': '-70.7', 'likelihood': -3}]",,False,0,3,0.5,0.5,1,James,0.5,515,False,,2026-08-25T14:30:07.623508Z,63,172780.jpg,1.0,False,Maddison,0.4,False,,a,19,6,3,5565,516,95729,1476,0.1,0.5,Maddison,,241.0,2023-06-28,1996-11-23,False,p172780,59,0,0,0,2,0,0,0,0,0,0,0,18,21.8,14.5,19.0,5.6,3,4,4,11,0,0.06,0.04,0.10,1.03,,,,,,,[],,277,117,247,131,198,109,280,126,0.09,0.0,0.06,0.15,1.57,3.05,44,30,346,164,396,190,267,88,0.0,0.0,16.78
True,True,,,202993,0,0,0,0,-65.4,-2,"[{'offset': 0, 'projected_percent': '-66.0', 'likelihood': -3}, {'offset': 1, 'projected_percent': '-67.6', 'likelihood': -3}, {'offset': 2, 'projected_percent': '-69.3', 'likelihood': -3}]",,False,0,3,3.5,3.5,4,Rodrigo,3.5,516,False,,,55,202993.jpg,3.0,False,Bentancur,0.2,False,,a,19,6,15,5016,252,8138,481,0.6,2.7,Bentancur,,230.0,2022-01-31,1997-06-25,False,p202993,370,0,0,2,6,0,0,0,0,0,0,0,69,77.4,39.3,8.0,12.6,22,23,15,60,4,0.02,0.12,0.14,5.59,,,,,,,[],,117,38,159,101,272,140,176,86,0.0,0.0,0.03,0.03,1.36,1.46,134,81,93,38,149,61,351,125,0.97,0.49,14.59
True,True,0.0,0.0,550839,0,0,0,0,0.0,0,"[{'offset': 0, 'projected_percent': '0.0', 'likelihood': 0}, {'offset': 1, 'projected_percent': '0.0', 'likelihood': 0}, {'offset': 2, 'projected_percent': '0.0', 'likelihood': 0}]",,False,0,3,0.0,0.0,0,Wilson,0.0,517,False,Knee injury - Unknown return date,2026-07-23T12:01:23.879434Z,55,550839.jpg,0.0,False,Odobert,0.0,False,,i,19,6,0,115,13,105,10,0.0,0.0,Odobert,,73.0,2024-08-16,2004-11-28,False,p550839,0,0,0,0,0,0,0,0,0,0,0,0,0,0.0,0.0,0.0,0.0,0,0,0,0,0,0.00,0.00,0.00,0.00,,,,,,,[],https://www.tottenhamhotspur.com/news/1008505/odobert-suffers-acl-injury,645,284,651,286,640,281,650,285,0.0,0.0,0.0,0.0,0.0,0.0,162,102,646,285,650,286,661,294,0.0,0.0,0.0
True,True,,,232787,0,0,-2,2,0.1,2,"[{'offset': 0, 'projected_percent': '0.1', 'likelihood': 1}, {'offset': 1, 'projected_percent': '0.1', 'likelihood': 1}, {'offset': 2, 'projected_percent': '0.1', 'likelihood': 1}]",,False,0,3,2.2,2.2,6,Conor,2.2,519,False,,,53,232787.jpg,3.0,False,Gallagher,0.2,False,,a,19,6,9,4472,616,16852,464,0.4,1.7,Gallagher,,241.0,2026-01-14,2000-02-06,False,p232787,134,1,0,1,2,0,0,0,1,0,0,0,48,48.6,12.2,36.0,9.6,1,9,8,18,2,0.37,0.12,0.49,2.65,,,,,,,[],,199,85,263,136,135,73,216,101,0.25,0.0,0.08,0.33,1.78,1.34,219,137,179,77,144,59,339,120,1.34,0.67,12.09
True,True,,,570526,-1,1,-2,2,-0.2,-1,"[{'offset': 0, 'projected_percent': '-0.5', 'likelihood': -1}, {'offset': 1, 'projected_percent': '-1.2', 'likelihood': -1}, {'offset': 2, 'projected_percent': '-1.9', 'likelihood': -1}]",,False,0,3,0.5,0.5,1,Lucas,0.5,520,False,,,53,570526.jpg,1.0,False,Bergvall,0.1,False,,a,19,6,3,1853,73,9395,462,0.1,0.6,Bergvall,,206.0,2024-07-01,2006-02-02,False,p570526,78,0,0,0,2,0,0,0,0,0,0,0,13,11.0,10.8,11.0,2.9,1,9,3,13,1,0.06,0.27,0.33,2.21,,,,,,,[],,320,143,272,139,249,129,324,151,0.07,0.0,0.31,0.38,2.55,2.31,234,147,336,157,369,169,374,135,1.15,0.0,15.0
True,True,0.0,0.0,445044,0,0,0,0,-83.8,0,"[{'offset': 0, 'projected_percent': '-83.8', 'likelihood': -3}, {'offset': 1, 'projected_percent': '-83.8', 'likelihood': -3}, {'offset': 2, 'projected_percent': '-83.8', 'likelihood': -3}]",,False,0,3,0.0,0.0,0,Dejan,0.0,521,False,Knee injury - Unknown return date,2026-07-23T12:01:23.895175Z,65,445044.jpg,0.0,False,Kulusevski,0.0,False,,i,19,6,0,346,40,708,43,0.0,0.0,Kulusevski,,206.0,2023-07-01,2000-04-25,False,p445044,0,0,0,0,0,0,0,0,0,0,0,0,0,0.0,0.0,0.0,0.0,0,0,0,0,0,0.00,0.00,0.00,0.00,,,,,,,[],https://www.tottenhamhotspur.com/news/1089549/team-news-mudryk-injured-kulusevski-still-out,663,297,664,297,662,297,664,297,0.0,0.0,0.0,0.0,0.0,0.0,38,26,663,297,663,297,614,261,0.0,0.0,0.0
True,True,,,547701,0,0,-1,1,-17.4,-6,"[{'offset': 0, 'projected_percent': '-19.1', 'likelihood': -1}, {'offset': 1, 'projected_percent': '-24.3', 'likelihood': -2}, {'offset': 2, 'projected_percent': '-29.4', 'likelihood': -2}]",,False,0,3,1.8,1.8,2,Archie,1.8,522,False,,,49,547701.jpg,2.2,False,Gray,0.2,False,,a,19,6,9,6728,351,13074,903,0.4,1.8,Gray,,241.0,2024-07-02,2006-03-12,False,p547701,307,0,0,1,7,0,0,0,0,0,0,0,51,28.4,14.6,27.0,7.0,10,12,5,27,3,0.23,0.05,0.28,6.11,,,,,,,[],,258,107,245,130,159,84,248,110,0.07,0.0,0.01,0.08,1.79,2.05,394,237,212,96,214,93,347,123,0.88,0.29,7.92
True,True,,,499726,0,0,-1,1,7.4,-7,"[{'offset': 0, 'projected_percent': '7.3', 'likelihood': 1}, {'offset': 1, 'projected_percent': '7.2', 'likelihood': 1}, {'offset': 2, 'projected_percent': '7.2', 'likelihood': 1}]",,False,0,3,0.0,0.0,0,Callum,0.0,524,False,,,44,499726.jpg,0.0,False,Olusesi,1.0,False,,a,19,6,0,54184,4568,47738,5893,0.0,0.0,Olusesi,,,,,False,p499726,0,0,0,0,0,0,0,0,0,0,0,0,0,0.0,0.0,0.0,0.0,0,0,0,0,0,0.00,0.00,0.00,0.00,,,,,,,[],,473,195,465,201,415,173,478,196,0.0,0.0,0.0,0.0,0.0,0.0,572,296,471,196,487,203,182,57,0.0,0.0,0.0
True,True,,,551226,-1,1,-3,3,-4.8,-24,"[{'offset': 0, 'projected_percent': '-5.7', 'likelihood': -1}, {'offset': 1, 'projected_percent': '-8.2', 'likelihood': -1}, {'offset': 2, 'projected_percent': '-10.8', 'likelihood': -1}]",,False,0,3,1.5,1.5,1,Mateus,1.5,525,False,,,57,551226.jpg,1.4,False,Fernandes,0.8,False,,a,19,6,7,14302,321,123336,5249,0.3,1.2,Fernandes,Mateus Fernandes,173.0,2026-07-02,2004-07-10,False,p551226,249,0,0,1,4,0,0,0,1,0,0,0,50,24.2,92.6,34.0,14.6,2,12,7,21,3,0.19,0.28,0.47,4.43,2.0,,,,,,[],,271,114,46,39,142,75,151,78,0.07,0.0,0.1,0.17,1.6,1.45,118,76,242,110,278,125,203,64,1.08,0.36,7.59
True,True,,,154566,0,0,-2,2,-23.4,-18,"[{'offset': 0, 'projected_percent': '-24.4', 'likelihood': -2}, {'offset': 1, 'projected_percent': '-27.6', 'likelihood': -2}, {'offset': 2, 'projected_percent': '-30.7', 'likelihood': -2}]",,False,0,4,1.5,1.5,2,Dominic,1.5,526,False,,,58,154566.jpg,1.4,False,Solanke-Mitchell,0.8,False,,a,19,6,7,28794,1247,93291,4240,0.3,1.2,Solanke,,241.0,2024-08-10,1997-09-14,False,p154566,170,0,0,1,1,0,0,0,0,0,0,0,21,8.4,17.5,37.0,6.1,2,5,2,9,2,0.56,0.01,0.57,2.57,,,,,1.0,,[],,336,33,227,26,134,25,268,29,0.3,0.0,0.01,0.31,1.36,0.53,97,26,243,27,279,32,200,32,1.06,0.53,4.76
True,True,0.0,0.0,465920,-1,1,-2,2,-7.1,0,"[{'offset': 0, 'projected_percent': '-7.1', 'likelihood': -1}, {'offset': 1, 'projected_percent': '-7.1', 'likelihood': -1}, {'offset': 2, 'projected_percent': '-7.1', 'likelihood': -1}]",,False,0,3,0.0,0.0,0,Mykhailo,0.2,578,False,Ankle injury - Unknown return date,2026-09-11T18:00:09.154412Z,53,465920.jpg,1.0,False,Mudryk,0.0,False,,i,19,6,1,5435,15,7479,431,0.0,0.2,Mudryk,,225.0,2026-09-01,2001-01-05,False,p465920,16,0,0,0,0,0,0,0,0,0,0,0,3,0.0,0.1,2.0,0.1,0,0,0,0,0,0.00,0.00,0.00,0.16,,,,,,,"[{'property': 'loan_ineligible', 'notes': 'This player will not be available to face their parent club in Gameweek 35 as part of their loan conditions.', 'gameweek': 35, 'url': None}, {'property': 'loan_ineligible', 'notes': 'This player will not be available to face their parent club in Gameweek 8 as part of their loan conditions.', 'gameweek': 8, 'url': None}]",https://www.tottenhamhotspur.com/news/1089549/team-news-mudryk-injured-kulusevski-still-out,624,270,392,196,330,164,407,191,0.0,0.0,0.0,0.0,0.9,0.0,227,142,384,181,364,164,510,202,0.0,0.0,0.0
True,True,,,611917,0,0,0,0,-43.4,-1,"[{'offset': 0, 'projected_percent': '-43.8', 'likelihood': -3}, {'offset': 1, 'projected_percent': '-44.9', 'likelihood': -3}, {'offset': 2, 'projected_percent': '-46.1', 'likelihood': -3}]",,False,0,3,0.0,0.0,0,Luca,0.0,601,False,,,45,611917.jpg,0.0,False,Williams-Barnett,0.1,False,,a,19,6,0,10208,126,6863,580,0.0,0.0,Williams-Barnett,,241.0,2025-07-25,2008-10-01,False,p611917,0,0,0,0,0,0,0,0,0,0,0,0,0,0.0,0.0,0.0,0.0,0,0,0,0,0,0.00,0.00,0.00,0.00,,,,,,,[],,535,213,531,219,489,191,540,214,0.0,0.0,0.0,0.0,0.0,0.0,528,276,535,214,548,221,384,141,0.0,0.0,0.0
True,True,,,135720,0,0,0,0,-79.5,-4,"[{'offset': 0, 'projected_percent': '-80.7', 'likelihood': -3}, {'offset': 1, 'projected_percent': '-84.2', 'likelihood': -3}, {'offset': 2, 'projected_percent': '-87.8', 'likelihood': -3}]",,False,0,2,0.8,0.8,0,Kevin,0.8,501,False,,,50,135720.jpg,1.0,False,Danso,0.2,False,,a,20,56,3,6294,869,9634,597,0.2,0.6,Danso,,14.0,2026-09-01,1998-09-19,False,p135720,270,0,0,0,8,0,0,0,0,0,0,0,7,55.2,32.9,21.0,11.0,19,11,1,20,3,0.07,0.17,0.24,5.91,,,,,,,"[{'property': 'loan_ineligible', 'notes': 'This player will not be available to face their parent club in Gameweek 23 as part of their loan conditions.', 'gameweek': 23, 'url': None}, {'property': 'loan_ineligible', 'notes': 'This player will not be available to face their parent club in Gameweek 12 as part of their loan conditions.', 'gameweek': 12, 'url': None}]",,176,74,176,55,183,57,198,71,0.02,0.0,0.06,0.08,1.97,2.67,245,36,287,106,348,133,362,138,1.0,0.0,6.67
True,True,,,498016,0,0,-1,1,-13.3,-11,"[{'offset': 0, 'projected_percent': '-13.6', 'likelihood': -1}, {'offset': 1, 'projected_percent': '-14.2', 'likelihood': -1}, {'offset': 2, 'projected_percent': '-14.8', 'likelihood': -1}]",,False,0,1,2.5,2.5,0,Robin,2.5,529,False,,,49,498016.jpg,2.2,False,Roefs,2.5,False,,a,20,56,11,21440,1591,174748,8623,0.5,2.2,Roefs,,152.0,2025-08-01,2003-01-17,False,p498016,450,0,0,1,10,0,0,0,0,0,6,0,41,73.4,0.0,0.0,7.3,7,35,0,0,5,0.00,0.01,0.01,8.66,,,,,,,[],,124,20,574,61,539,59,245,20,0.0,1.2,0.0,0.0,1.73,2.0,384,21,155,16,213,17,117,18,1.0,0.2,0.0
True,True,,,515046,0,0,0,0,-95.1,-1,"[{'offset': 0, 'projected_percent': '-95.8', 'likelihood': -4}, {'offset': 1, 'projected_percent': '-98.0', 'likelihood': -4}, {'offset': 2, 'projected_percent': '-100.1', 'likelihood': -5}]",,False,0,1,0.0,0.0,0,Melker,0.0,531,False,,,45,515046.jpg,0.0,False,Ellborg,0.1,False,,a,20,56,0,1126,87,3268,187,0.0,0.0,Ellborg,,206.0,2026-02-01,2003-05-22,False,p515046,0,0,0,0,0,0,0,0,0,0,0,0,0,0.0,0.0,0.0,0.0,0,0,0,0,0,0.00,0.00,0.00,0.00,,,,,,,[],,510,65,507,52,464,50,515,65,0.0,0.0,0.0,0.0,0.0,0.0,497,43,510,65,524,65,444,50,0.0,0.0,0.0
True,True,,,223827,0,0,-1,1,-84.9,-2,"[{'offset': 0, 'projected_percent': '-84.9', 'likelihood': -3}, {'offset': 1, 'projected_percent': '-85.0', 'likelihood': -3}, {'offset': 2, 'projected_percent': '-85.1', 'likelihood': -3}]",,False,0,2,3.5,3.5,2,Daniel,3.5,532,False,,,49,223827.jpg,2.8,False,Ballard,2.6,False,,a,20,56,14,44769,2870,312157,11589,0.7,2.9,Ballard,,242.0,2022-07-01,1999-09-22,False,p223827,450,0,0,1,10,0,0,0,2,0,0,0,31,104.2,23.8,35.0,16.3,39,12,10,49,5,0.31,0.16,0.47,8.66,,,,,,,[],,72,33,203,67,139,39,119,40,0.06,0.0,0.03,0.09,1.73,2.0,360,63,91,37,162,67,112,44,1.0,0.2,9.8
True,True,100.0,100.0,200834,0,0,-1,1,-13.9,-9,"[{'offset': 0, 'projected_percent': '-14.1', 'likelihood': -1}, {'offset': 1, 'projected_percent': '-14.8', 'likelihood': -1}, {'offset': 2, 'projected_percent': '-15.5', 'likelihood': -1}]",,False,0,2,3.2,3.2,0,Nordi,3.2,533,False,,2026-08-09T08:30:05.954750Z,54,200834.jpg,3.2,False,Mukiele,1.9,False,,a,20,56,13,43338,4007,127709,6604,0.6,2.4,Mukiele,,73.0,2025-08-17,1997-11-01,False,p200834,360,0,0,1,8,0,0,0,1,0,0,1,44,115.6,48.4,59.0,22.3,35,16,13,48,4,0.75,0.28,1.03,6.86,,,,,,,[],,51,22,124,32,73,10,68,13,0.19,0.0,0.07,0.26,1.72,2.0,177,19,107,44,130,55,126,51,1.0,0.25,12.0
True,True,,,487676,-1,1,-2,2,-5.7,-13,"[{'offset': 0, 'projected_percent': '-5.8', 'likelihood': -1}, {'offset': 1, 'projected_percent': '-6.2', 'likelihood': -1}, {'offset': 2, 'projected_percent': '-6.5', 'likelihood': -1}]",,False,0,2,2.0,2.0,1,Trai,2.0,534,False,,,43,487676.jpg,2.5,False,Hume,2.9,False,,a,20,56,10,37609,983,392066,24391,0.5,2.3,Hume,,242.0,2022-01-04,2002-03-18,False,p487676,206,0,0,1,2,0,0,0,0,0,0,0,44,32.2,59.0,23.0,11.5,3,12,10,13,2,0.14,0.29,0.43,4.57,3.0,,,,,,[],,246,101,96,21,173,51,189,67,0.06,0.0,0.13,0.19,2.0,0.87,582,157,189,74,187,73,107,41,0.87,0.44,5.68
True,True,100.0,100.0,201895,-1,1,-2,2,-4.3,-3,"[{'offset': 0, 'projected_percent': '-4.6', 'likelihood': -1}, {'offset': 1, 'projected_percent': '-5.5', 'likelihood': -1}, {'offset': 2, 'projected_percent': '-6.4', 'likelihood': -1}]",,False,0,2,0.0,0.0,0,Omar,0.0,535,False,,2026-08-09T08:30:05.962393Z,48,201895.jpg,1.0,False,Alderete,0.2,False,,a,20,56,1,4926,172,27088,812,0.0,0.2,Alderete,,168.0,2025-08-12,1996-12-26,False,p201895,23,0,0,0,1,0,0,0,0,0,0,0,2,0.0,0.6,0.0,0.0,0,2,0,0,0,0.00,0.01,0.01,0.10,,,,,,,[],,552,204,367,136,510,198,557,204,0.0,0.0,0.04,0.04,0.39,3.91,410,75,552,201,326,126,314,117,0.0,0.0,0.0
True,True,100.0,0.0,434399,-1,1,-1,1,-0.0,0,"[{'offset': 0, 'projected_percent': '-0.0', 'likelihood': 0}, {'offset': 1, 'projected_percent': '-0.0', 'likelihood': 0}, {'offset': 2, 'projected_percent': '-0.0', 'likelihood': 0}]",2026-09-28T16:00:10.163369Z,False,0,2,1.5,0.0,0,Reinildo,1.5,536,False,,2026-09-12T21:30:09.421687Z,44,434399.jpg,1.8,False,Mandava,0.3,False,,a,20,56,7,3990,127,24165,1365,0.3,1.6,Reinildo,Reinildo Mandava,146.0,2025-07-08,1994-01-21,False,p434399,360,0,0,1,5,0,0,0,0,1,0,0,37,53.8,36.4,6.0,9.5,21,18,8,29,4,0.00,0.32,0.32,5.05,,,,,,,[],,178,75,166,46,283,100,217,77,0.0,0.0,0.08,0.08,1.26,1.25,564,146,229,83,248,91,307,114,1.0,0.25,7.25
True,True,,,167512,-1,1,-1,1,2.9,31,"[{'offset': 0, 'projected_percent': '3.1', 'likelihood': 1}, {'offset': 1, 'projected_percent': '3.5', 'likelihood': 1}, {'offset': 2, 'projected_percent': '3.9', 'likelihood': 1}]",,False,0,2,0.0,0.0,0,Luke,0.0,539,False,,,39,167512.jpg,1.0,False,O'Nien,2.5,False,,a,20,56,1,27868,13125,118422,8522,0.0,0.3,O'Nien,,241.0,2018-07-30,1994-11-21,False,p167512,66,0,0,0,1,0,0,0,1,0,0,0,1,11.4,1.4,4.0,1.7,4,4,1,5,1,0.01,0.01,0.02,1.69,,,,,,,[],,316,120,345,124,300,105,355,124,0.01,0.0,0.01,0.02,2.3,1.36,663,213,400,139,296,103,116,45,1.36,0.0,6.82
True,True,100.0,100.0,93605,0,0,0,0,-31.4,1,"[{'offset': 0, 'projected_percent': '-31.2', 'likelihood': -2}, {'offset': 1, 'projected_percent': '-30.6', 'likelihood': -2}, {'offset': 2, 'projected_percent': '-30.0', 'likelihood': -2}]",,False,0,2,3.2,3.2,3,Thomas,3.2,541,False,,2026-08-16T08:30:07.830062Z,45,93605.jpg,2.8,False,Meunier,0.3,False,,a,20,56,14,6644,1243,9327,575,0.7,3.1,Meunier,,21.0,2026-07-15,1991-09-12,False,p93605,396,0,1,1,8,0,0,0,0,0,0,0,42,70.2,41.4,43.0,15.6,16,15,4,20,5,0.34,0.58,0.92,5.94,,,,,,,[],,132,58,151,40,109,24,127,42,0.08,0.0,0.13,0.21,1.35,1.82,434,86,101,40,160,65,300,109,1.14,0.23,4.55
True,True,,,484420,-1,1,-3,3,-3.8,14,"[{'offset': 0, 'projected_percent': '-3.7', 'likelihood': -1}, {'offset': 1, 'projected_percent': '-3.3', 'likelihood': -1}, {'offset': 2, 'projected_percent': '-3.0', 'likelihood': -1}]",,False,0,3,4.0,4.0,5,Enzo,4.0,542,False,,,57,484420.jpg,3.6,False,Le Fée,3.4,False,,a,20,56,18,41743,8171,645559,18984,0.7,3.2,E.Le Fée,,73.0,2025-07-01,2000-02-03,False,p484420,438,1,1,1,9,0,0,1,0,0,0,1,90,88.6,137.3,82.0,31.0,3,11,7,21,5,2.06,1.34,3.40,8.46,1.0,,3.0,,2.0,,[],,101,29,22,21,45,27,30,21,0.42,0.0,0.28,0.7,1.74,1.85,115,73,80,32,112,44,99,33,1.03,0.21,4.32
True,True,0.0,0.0,547027,0,0,-1,1,-89.4,0,"[{'offset': 0, 'projected_percent': '-89.4', 'likelihood': -3}, {'offset': 1, 'projected_percent': '-89.4', 'likelihood': -3}, {'offset': 2, 'projected_percent': '-89.4', 'likelihood': -3}]",,False,0,3,0.0,0.0,0,Habib,1.0,543,False,Hamstring injury - Unknown return date,2026-08-30T16:30:08.428960Z,54,547027.jpg,2.5,False,Diarra,0.0,False,,i,20,56,5,544,6,5831,148,0.2,0.9,Diarra,,189.0,2025-07-01,2004-01-03,False,p547027,28,0,1,0,1,0,0,0,0,0,0,0,18,15.6,10.9,2.0,2.9,0,0,0,0,0,0.03,0.16,0.19,0.12,,,,,1.0,,[],https://www.safc.com/news/2026/september/10/le-bris-on-mundle-and-diarra-injuries/,297,127,271,138,332,166,325,152,0.1,0.0,0.51,0.61,0.39,3.21,210,133,270,125,190,82,559,232,0.0,0.0,0.0
True,True,,,84450,0,0,0,0,-64.5,-45,"[{'offset': 0, 'projected_percent': '-65.0', 'likelihood': -3}, {'offset': 1, 'projected_percent': '-66.8', 'likelihood': -3}, {'offset': 2, 'projected_percent': '-68.6', 'likelihood': -3}]",,False,0,3,3.0,3.0,2,Granit,3.0,544,False,,,55,84450.jpg,4.2,False,Xhaka,3.7,False,,a,20,56,21,129176,4644,203529,18440,0.5,3.8,Xhaka,,207.0,2025-07-30,1992-09-27,False,p84450,450,0,1,1,10,0,0,0,2,0,0,5,116,93.6,191.1,3.0,28.8,12,33,9,54,5,0.06,1.32,1.38,8.66,2.0,,2.0,,,,[],,89,26,5,5,315,159,37,27,0.01,0.0,0.26,0.27,1.73,2.0,124,79,123,51,83,35,90,31,1.0,0.2,10.8
True,True,,,577669,0,0,-1,1,-64.4,-1,"[{'offset': 0, 'projected_percent': '-64.6', 'likelihood': -3}, {'offset': 1, 'projected_percent': '-65.4', 'likelihood': -3}, {'offset': 2, 'projected_percent': '-66.2', 'likelihood': -3}]",,False,0,3,2.0,2.0,2,Noah,2.0,545,False,,,49,577669.jpg,2.0,False,Sadiki,0.2,False,,a,20,56,10,5624,311,18076,1051,0.4,2.0,Sadiki,,50.0,2025-07-04,2004-12-17,False,p577669,410,0,0,1,9,0,0,0,1,0,0,0,75,52.8,59.5,81.0,19.2,11,12,6,29,5,0.44,0.24,0.68,6.47,,,,,,,[],,183,73,94,66,46,28,96,52,0.1,0.0,0.05,0.15,1.42,1.98,399,242,193,85,231,101,321,114,1.1,0.22,6.37
True,True,0.0,0.0,461199,0,0,-1,1,-68.5,0,"[{'offset': 0, 'projected_percent': '-68.5', 'likelihood': -3}, {'offset': 1, 'projected_percent': '-68.5', 'likelihood': -3}, {'offset': 2, 'projected_percent': '-68.5', 'likelihood': -3}]",,False,0,3,0.0,0.0,0,Romaine,0.2,547,False,Knee injury - Unknown return date,2026-09-09T14:00:08.462705Z,49,461199.jpg,1.0,False,Mundle,0.0,False,,i,20,56,1,197,6,660,42,0.0,0.2,Mundle,,241.0,2024-02-01,2003-04-24,False,p461199,1,0,0,0,0,0,0,0,0,0,0,0,2,8.0,0.1,17.0,2.5,1,0,0,1,0,0.17,0.00,0.17,0.09,,,,,,,[],https://www.safc.com/news/2026/september/10/le-bris-on-mundle-and-diarra-injuries/,340,158,391,195,208,114,336,157,15.3,0.0,0.0,15.3,8.1,0.0,374,224,373,174,336,146,635,273,0.0,0.0,90.0
True,True,,,554197,0,0,-1,1,-66.6,0,"[{'offset': 0, 'projected_percent': '-66.6', 'likelihood': -3}, {'offset': 1, 'projected_percent': '-66.6', 'likelihood': -3}, {'offset': 2, 'projected_percent': '-66.6', 'likelihood': -3}]",,False,0,3,0.2,0.2,0,Chris,0.2,548,False,,,49,554197.jpg,1.0,False,Rigg,0.0,False,,a,20,56,2,457,20,2793,173,0.0,0.4,Rigg,,241.0,2022-12-31,2007-06-18,False,p554197,17,0,0,0,1,0,0,0,0,0,0,0,6,0.0,0.3,0.0,0.0,0,1,0,1,0,0.00,0.00,0.00,0.44,,,,,,,[],,580,245,380,189,546,227,586,247,0.0,0.0,0.0,0.0,2.33,5.29,396,239,375,176,342,150,500,197,0.0,0.0,5.29
True,True,,,549912,0,0,-2,2,-23.5,-1,"[{'offset': 0, 'projected_percent': '-23.9', 'likelihood': -2}, {'offset': 1, 'projected_percent': '-25.2', 'likelihood': -2}, {'offset': 2, 'projected_percent': '-26.5', 'likelihood': -2}]",,False,0,3,0.0,0.0,0,Chemsdine,0.0,549,False,,,53,549912.jpg,1.0,False,Talbi,0.1,False,,a,20,56,1,1319,86,11660,440,0.0,0.2,Talbi,,145.0,2025-07-09,2005-05-09,False,p549912,31,0,0,0,1,0,0,0,0,0,0,0,1,0.0,0.9,0.0,0.0,0,2,0,2,0,0.00,0.00,0.00,0.14,,,,,,,[],,626,272,360,179,613,264,631,273,0.0,0.0,0.0,0.0,0.41,2.9,232,145,626,272,367,167,382,139,0.0,0.0,5.81
True,True,,,699989,0,0,0,0,-89.9,0,"[{'offset': 0, 'projected_percent': '-89.9', 'likelihood': -3}, {'offset': 1, 'projected_percent': '-89.9', 'likelihood': -3}, {'offset': 2, 'projected_percent': '-89.9', 'likelihood': -3}]",,False,0,3,0.0,0.0,0,Djiamgone Jocelin Ta,0.0,550,False,,,50,699989.jpg,0.0,False,Bi,0.0,False,,a,20,56,0,296,22,413,32,0.0,0.0,Jocelin.T,,54.0,2026-01-16,2005-02-09,False,p699989,0,0,0,0,0,0,0,0,0,0,0,0,0,0.0,0.0,0.0,0.0,0,0,0,0,0,0.00,0.00,0.00,0.00,,,,,,,[],,621,268,627,273,606,260,627,270,0.0,0.0,0.0,0.0,0.0,0.0,337,203,623,270,630,273,630,269,0.0,0.0,0.0
True,True,,,536661,0,0,0,0,1.3,2,"[{'offset': 0, 'projected_percent': '1.3', 'likelihood': 1}, {'offset': 1, 'projected_percent': '1.3', 'likelihood': 1}, {'offset': 2, 'projected_percent': '1.3', 'likelihood': 1}]",,False,0,3,2.8,2.8,4,Nilson,2.8,551,False,,,50,536661.jpg,3.2,False,Angulo,0.1,False,,a,20,56,16,12662,383,10377,589,0.6,3.2,N.Angulo,,62.0,2026-02-02,2003-06-19,False,p536661,313,1,1,1,7,0,0,0,1,0,0,0,67,72.2,38.3,47.0,15.7,5,14,5,24,5,0.60,0.13,0.73,4.56,,,1.0,,,,[],,128,43,162,102,101,56,126,67,0.17,0.0,0.04,0.21,1.31,2.01,316,190,137,59,128,49,392,145,1.44,0.29,6.9
True,True,,,441264,-1,1,-3,3,66.5,697,"[{'offset': 0, 'projected_percent': '69.6', 'likelihood': 3}, {'offset': 1, 'projected_percent': '79.3', 'likelihood': 3}, {'offset': 2, 'projected_percent': '88.9', 'likelihood': 3}]",,False,1,4,5.5,5.5,17,Brian,5.5,552,False,,,57,441264.jpg,4.8,False,Brobbey,6.8,False,,a,20,56,24,251708,160250,907527,21355,1.0,4.2,Brobbey,,152.0,2025-09-01,2002-02-01,False,p441264,399,3,0,1,9,0,0,0,1,0,0,3,113,108.4,69.0,142.0,31.7,1,10,0,11,5,2.94,0.11,3.05,8.18,,,,,,,[],,62,4,77,6,14,7,26,6,0.66,0.0,0.02,0.68,1.85,2.03,113,29,31,5,68,6,56,9,1.13,0.23,2.48
True,True,,,437505,0,0,0,0,3.4,-26,"[{'offset': 0, 'projected_percent': '3.3', 'likelihood': 1}, {'offset': 1, 'projected_percent': '3.0', 'likelihood': 1}, {'offset': 2, 'projected_percent': '2.6', 'likelihood': 1}]",,False,0,4,3.5,3.5,1,Wilson,3.5,553,False,,,55,437505.jpg,3.0,False,Isidor,1.3,False,,a,20,56,15,94235,1933,84376,9222,0.6,2.7,Isidor,,92.0,2025-02-01,2000-08-27,False,p437505,117,1,1,0,3,0,0,0,0,0,0,3,51,30.8,1.0,35.0,6.7,0,3,2,5,0,1.49,0.01,1.50,3.78,,,,,,,[],,253,23,358,45,140,28,259,27,1.15,0.0,0.01,1.16,2.91,2.31,143,38,94,8,150,14,162,25,0.0,0.0,3.85
True,True,100.0,100.0,638411,0,0,0,0,0.0,0,"[{'offset': 0, 'projected_percent': '0.0', 'likelihood': 0}, {'offset': 1, 'projected_percent': '0.0', 'likelihood': 0}, {'offset': 2, 'projected_percent': '0.0', 'likelihood': 0}]",,False,0,2,-0.2,-0.2,-1,Dayann,-0.2,612,False,,2026-08-28T13:00:08.950445Z,45,638411.jpg,-1.0,False,Méthalie,0.0,False,,a,20,56,-1,868,79,476,50,0.0,-0.2,Methalie,,73.0,2026-08-21,2006-02-15,False,p638411,90,0,0,0,5,0,0,0,1,0,0,0,-8,8.0,2.0,2.0,1.2,2,4,1,3,1,0.03,0.01,0.04,2.82,,,,,,,[],,339,125,333,119,322,122,372,132,0.03,0.0,0.01,0.04,2.82,5.0,539,135,667,217,667,217,615,207,1.0,0.0,3.0
True,True,,,696104,0,0,0,0,-37.8,-2,"[{'offset': 0, 'projected_percent': '-38.2', 'likelihood': -2}, {'offset': 1, 'projected_percent': '-39.5', 'likelihood': -2}, {'offset': 2, 'projected_percent': '-40.7', 'likelihood': -3}]",,False,0,3,0.0,0.0,0,Jules,0.0,613,False,,,45,696104.jpg,0.0,False,Ahoka,0.2,False,,a,20,56,0,25230,435,13918,1220,0.0,0.0,Ahoka,,50.0,2026-08-24,2006-05-08,False,p696104,0,0,0,0,0,0,0,0,0,0,0,0,0,0.0,0.0,0.0,0.0,0,0,0,0,0,0.00,0.00,0.00,0.00,,,,,,,[],,549,224,545,230,506,203,554,225,0.0,0.0,0.0,0.0,0.0,0.0,547,289,549,225,562,232,316,112,0.0,0.0,0.0
True,True,,,549940,0,0,0,0,-17.4,0,"[{'offset': 0, 'projected_percent': '-17.4', 'likelihood': -1}, {'offset': 1, 'projected_percent': '-17.4', 'likelihood': -1}, {'offset': 2, 'projected_percent': '-17.4', 'likelihood': -1}]",,False,0,3,1.0,1.0,1,Malick,1.0,646,False,,,55,549940.jpg,1.0,False,Fofana,0.0,False,,a,20,56,3,3981,245,1668,240,0.2,0.5,Fofana,,21.0,2026-09-01,2005-03-31,False,p549940,60,0,0,0,2,0,0,0,0,0,0,0,11,12.4,2.1,44.0,5.8,0,2,1,3,0,0.39,0.01,0.40,3.25,,,,,,,[],,310,137,332,167,108,62,277,124,0.58,0.0,0.02,0.6,4.88,3.0,160,100,273,127,387,183,541,220,0.0,0.0,4.5
True,True,,,661313,0,0,0,0,4.5,10,"[{'offset': 0, 'projected_percent': '4.6', 'likelihood': 1}, {'offset': 1, 'projected_percent': '4.7', 'likelihood': 1}, {'offset': 2, 'projected_percent': '4.9', 'likelihood': 1}]",,False,0,4,0.0,0.0,0,Juan,0.0,651,False,,,45,661313.jpg,0.0,False,Angulo,0.7,False,,a,20,56,0,88651,6783,28500,5485,0.0,0.0,J.Angulo,,62.0,2026-09-01,2008-01-12,False,p661313,0,0,0,0,0,0,0,0,0,0,0,0,0,0.0,0.0,0.0,0.0,0,0,0,0,0,0.00,0.00,0.00,0.00,,,,,,,[],,545,58,541,62,502,57,550,62,0.0,0.0,0.0,0.0,0.0,0.0,543,79,545,60,558,63,210,34,0.0,0.0,0.0
